country,state,city,station,last_update,latitude,longitude,pollutant_id,pollutant_min,pollutant_max,pollutant_avg
India,Bihar,Gaya,"Collectorate, Gaya - BSPCB",09-07-2026 20:00,24.7955,84.9994,CO,12,12,12
India,Bihar,Gaya,"Kareemganj, Gaya - BSPCB",09-07-2026 20:00,24.792403,84.992416,PM10,20,151,78
India,Bihar,Gaya,"Kareemganj, Gaya - BSPCB",09-07-2026 20:00,24.792403,84.992416,NO2,11,13,12
India,Bihar,Gaya,"Kareemganj, Gaya - BSPCB",09-07-2026 20:00,24.792403,84.992416,SO2,43,44,44
India,Bihar,Gaya,"SFTI Kusdihra, Gaya - BSPCB",09-07-2026 20:00,24.762518,84.982348,PM2.5,17,35,27
India,Bihar,Gaya,"SFTI Kusdihra, Gaya - BSPCB",09-07-2026 20:00,24.762518,84.982348,NO2,15,30,23
India,Bihar,Katihar,"Mirchaibari, Katihar - BSPCB",09-07-2026 20:00,25.560083,87.553265,PM2.5,2,17,9
India,Bihar,Katihar,"Mirchaibari, Katihar - BSPCB",09-07-2026 20:00,25.560083,87.553265,PM10,2,17,10
India,Bihar,Katihar,"Mirchaibari, Katihar - BSPCB",09-07-2026 20:00,25.560083,87.553265,NH3,1,1,1
India,Bihar,Katihar,"Mirchaibari, Katihar - BSPCB",09-07-2026 20:00,25.560083,87.553265,OZONE,7,47,20
India,Bihar,Kishanganj,"SDM Office_Khagra, Kishanganj - BSPCB",09-07-2026 20:00,26.0881305,87.93840336,PM10,49,88,63
India,Bihar,Kishanganj,"SDM Office_Khagra, Kishanganj - BSPCB",09-07-2026 20:00,26.0881305,87.93840336,NH3,3,3,3
India,Bihar,Kishanganj,"SDM Office_Khagra, Kishanganj - BSPCB",09-07-2026 20:00,26.0881305,87.93840336,OZONE,32,33,33
India,Bihar,Manguraha,"Forest Rest House, Manguraha - BSPCB",09-07-2026 20:00,27.308328,84.531742,SO2,16,18,17
India,Bihar,Manguraha,"Forest Rest House, Manguraha - BSPCB",09-07-2026 20:00,27.308328,84.531742,OZONE,29,32,31
India,Assam,Guwahati,"Railway Colony, Guwahati - PCBA",09-07-2026 20:00,26.181742,91.78063,NH3,1,1,1
India,Assam,Guwahati,"Railway Colony, Guwahati - PCBA",09-07-2026 20:00,26.181742,91.78063,SO2,37,49,41
India,Assam,Guwahati,"Railway Colony, Guwahati - PCBA",09-07-2026 20:00,26.181742,91.78063,OZONE,16,51,27
India,Assam,Guwahati,"LGBI Airport, Guwahati - PCBA",09-07-2026 20:00,26.10887,91.589544,NH3,0,9,4
India,Assam,Guwahati,"Pan Bazaar, Guwahati - PCBA",09-07-2026 20:00,26.1875,91.744194,PM2.5,2,500,263
India,Assam,Guwahati,"Pan Bazaar, Guwahati - PCBA",09-07-2026 20:00,26.1875,91.744194,SO2,32,34,33
India,Assam,Nagaon,"Christianpatty, Nagaon - PCBA",09-07-2026 20:00,26.349082,92.68449,PM2.5,47,75,59
India,Assam,Nagaon,"Christianpatty, Nagaon - PCBA",09-07-2026 20:00,26.349082,92.68449,SO2,6,14,10
India,Assam,Nalbari,"Bata Chowk, Nalbari - PCBA",09-07-2026 20:00,26.446912,91.439057,PM10,16,85,48
India,Assam,Nalbari,"Bata Chowk, Nalbari - PCBA",09-07-2026 20:00,26.446912,91.439057,NH3,6,6,6
India,Assam,Silchar,"Tarapur, Silchar - PCBA",09-07-2026 20:00,24.82827,92.79525,SO2,6,7,6
India,Assam,Sivasagar,"Girls College, Sivasagar - PCBA",09-07-2026 20:00,26.987634,94.636574,CO,14,23,17
India,Bihar,Araria,"Kharahiya Basti, Araria - BSPCB",09-07-2026 20:00,26.146529,87.454184,CO,19,26,23
India,Bihar,Araria,"Kharahiya Basti, Araria - BSPCB",09-07-2026 20:00,26.146529,87.454184,OZONE,9,11,10
India,Bihar,Begusarai,"Lohiyanagar, Begusarai - BSPCB",09-07-2026 20:00,25.42742023,86.13886079,PM10,6,104,43
India,Bihar,Begusarai,"Lohiyanagar, Begusarai - BSPCB",09-07-2026 20:00,25.42742023,86.13886079,OZONE,39,41,40
India,Bihar,Bettiah,"Kamalnath Nagar, Bettiah - BSPCB",09-07-2026 20:00,26.80365,84.51954,CO,31,49,39
India,Bihar,Bhagalpur,"DM Office_Kachari Chowk, Bhagalpur - BSPCB",09-07-2026 20:00,25.251013,86.989001,PM2.5,15,63,39
India,Bihar,Bhagalpur,"DM Office_Kachari Chowk, Bhagalpur - BSPCB",09-07-2026 20:00,25.251013,86.989001,PM10,12,432,75
India,Bihar,Bhagalpur,"DM Office_Kachari Chowk, Bhagalpur - BSPCB",09-07-2026 20:00,25.251013,86.989001,SO2,7,44,20
India,Bihar,Bhagalpur,"Mayaganj, Bhagalpur - BSPCB",09-07-2026 20:00,25.265194,87.012947,CO,26,75,39
India,Bihar,Bihar Sharif,"D M Colony, Bihar Sharif - BSPCB",09-07-2026 20:00,25.204762,85.51496,OZONE,2,2,2
India,Bihar,Buxar,"Charitra Van, Buxar - BSPCB",09-07-2026 20:00,25.56752,83.966379,NO2,9,10,10
India,Bihar,Buxar,"Charitra Van, Buxar - BSPCB",09-07-2026 20:00,25.56752,83.966379,NH3,3,3,3
India,Bihar,Chhapra,"Darshan Nagar, Chhapra - BSPCB",09-07-2026 20:00,25.7808257,84.7446768,PM2.5,47,72,57
India,Bihar,Chhapra,"Darshan Nagar, Chhapra - BSPCB",09-07-2026 20:00,25.7808257,84.7446768,SO2,20,25,21
India,Bihar,Chhapra,"Darshan Nagar, Chhapra - BSPCB",09-07-2026 20:00,25.7808257,84.7446768,CO,68,105,91
India,Chandigarh,Chandigarh,"Sector 22, Chandigarh - CPCC",09-07-2026 20:00,30.735567,76.775714,NH3,7,19,12
India,Chandigarh,Chandigarh,"Sector 22, Chandigarh - CPCC",09-07-2026 20:00,30.735567,76.775714,OZONE,3,10,6
India,Chandigarh,Chandigarh,"Sector-53, Chandigarh - CPCC",09-07-2026 20:00,30.719859,76.738637,SO2,2,6,4
India,Chhattisgarh,Bhilai,"32Bungalows, Bhilai - CECB",09-07-2026 20:00,21.194815,81.31477,CO,1,8,5
India,Chhattisgarh,Chhal,"Nawapara SECL Colony, Chhal - CECB",09-07-2026 20:00,22.118125,83.140608,PM10,16,74,38
India,Chhattisgarh,Chhal,"Nawapara SECL Colony, Chhal - CECB",09-07-2026 20:00,22.118125,83.140608,SO2,8,10,9
India,Chhattisgarh,Chhal,"Nawapara SECL Colony, Chhal - CECB",09-07-2026 20:00,22.118125,83.140608,CO,16,23,19
India,Chhattisgarh,Korba,"Urja Nagar, Korba - CECB",09-07-2026 20:00,22.348441,82.549611,NO2,5,7,6
India,Chhattisgarh,Korba,"Rampur, Korba - CECB",09-07-2026 20:00,22.368195,82.746431,NO2,6,48,14
India,Chhattisgarh,Korba,"Rampur, Korba - CECB",09-07-2026 20:00,22.368195,82.746431,OZONE,8,9,8
India,Andhra Pradesh,Vijayawada,"HB Colony, Vijayawada - APPCB",09-07-2026 20:00,16.536107,80.594233,OZONE,14,32,23
India,Andhra Pradesh,Vijayawada,"Rajiv Nagar, Vijayawada - APPCB",09-07-2026 20:00,16.554731,80.64911,NO2,13,30,21
India,Andhra Pradesh,Vijayawada,"Rajiv Gandhi Park, Vijayawada - APPCB",09-07-2026 20:00,16.509717,80.612222,OZONE,25,55,42
India,Andhra Pradesh,Visakhapatnam,"GVM Corporation, Visakhapatnam - APPCB",09-07-2026 20:00,17.72,83.3,SO2,3,34,15
India,Arunachal Pradesh,Naharlagun,"Naharlagun, Naharlagun - APSPCB",09-07-2026 20:00,27.103358,93.679645,PM10,2,41,16
India,Arunachal Pradesh,Naharlagun,"Naharlagun, Naharlagun - APSPCB",09-07-2026 20:00,27.103358,93.679645,NH3,1,1,1
India,Arunachal Pradesh,Naharlagun,"Naharlagun, Naharlagun - APSPCB",09-07-2026 20:00,27.103358,93.679645,CO,5,8,7
India,Arunachal Pradesh,Naharlagun,"Naharlagun, Naharlagun - APSPCB",09-07-2026 20:00,27.103358,93.679645,OZONE,6,6,6
India,Assam,Guwahati,"IITG, Guwahati - PCBA",09-07-2026 20:00,26.2028636,91.70046436,PM2.5,13,61,25
India,Assam,Guwahati,"IITG, Guwahati - PCBA",09-07-2026 20:00,26.2028636,91.70046436,SO2,38,41,39
India,Bihar,Patna,"Samanpura, Patna - BSPCB",09-07-2026 20:00,25.596727,85.085624,PM10,57,112,87
India,Bihar,Patna,"IGSC Planetarium Complex, Patna - BSPCB",09-07-2026 20:00,25.610369,85.132568,PM2.5,32,91,60
India,Bihar,Purnia,"Mariam Nagar, Purnia - BSPCB",09-07-2026 20:00,25.366336,87.117468,NO2,5,7,6
India,Bihar,Rajgir,"Dangi Tola, Rajgir - BSPCB",09-07-2026 20:00,25.0328,85.41948,PM2.5,25,100,57
India,Bihar,Siwan,"Chitragupta Nagar, Siwan - BSPCB",09-07-2026 20:00,26.2271665,84.3570427,NO2,2,2,2
India,Chandigarh,Chandigarh,"Sector-25, Chandigarh - CPCC",09-07-2026 20:00,30.751462,76.762879,PM2.5,2,53,29
India,Chandigarh,Chandigarh,"Sector-25, Chandigarh - CPCC",09-07-2026 20:00,30.751462,76.762879,PM10,3,51,29
India,Chandigarh,Chandigarh,"Sector 22, Chandigarh - CPCC",09-07-2026 20:00,30.735567,76.775714,PM10,4,36,21
India,Bihar,Munger,"Town Hall, Munger - BSPCB",09-07-2026 20:00,25.376776,86.471523,CO,44,48,47
India,Bihar,Muzaffarpur,"MIT-Daudpur Kothi, Muzaffarpur - BSPCB",09-07-2026 20:00,26.1403345,85.3650192,NH3,0,1,0
India,Bihar,Muzaffarpur,"MIT-Daudpur Kothi, Muzaffarpur - BSPCB",09-07-2026 20:00,26.1403345,85.3650192,OZONE,52,64,58
India,Bihar,Muzaffarpur,"Buddha Colony, Muzaffarpur - BSPCB",09-07-2026 20:00,26.11442,85.39813,SO2,1,7,4
India,Bihar,Muzaffarpur,"Buddha Colony, Muzaffarpur - BSPCB",09-07-2026 20:00,26.11442,85.39813,CO,10,22,16
India,Bihar,Patna,"Rajbansi Nagar, Patna - BSPCB",09-07-2026 20:00,25.599486,85.113666,PM10,32,62,42
India,Bihar,Patna,"DRM Office Danapur, Patna - BSPCB",09-07-2026 20:00,25.586562,85.043586,NH3,9,10,9
India,Bihar,Patna,"DRM Office Danapur, Patna - BSPCB",09-07-2026 20:00,25.586562,85.043586,SO2,6,7,6
India,Andhra Pradesh,Chittoor,"Gangineni Cheruvu, Chittoor - APPCB",09-07-2026 20:00,13.20488,79.097889,OZONE,43,54,47
India,Andhra Pradesh,Eluru,"District Court, Eluru - APPCB",09-07-2026 20:00,16.711754,81.092095,NO2,10,23,15
India,Andhra Pradesh,Eluru,"District Court, Eluru - APPCB",09-07-2026 20:00,16.711754,81.092095,CO,22,40,31
India,Andhra Pradesh,Kadapa,"Yerramukkapalli, Kadapa - APPCB",09-07-2026 20:00,14.465052,78.824187,PM2.5,67,85,73
India,Andhra Pradesh,Kadapa,"Yerramukkapalli, Kadapa - APPCB",09-07-2026 20:00,14.465052,78.824187,CO,12,22,17
India,Andhra Pradesh,Kurnool,"Sita Rama Nagar, Kurnool - APPCB",09-07-2026 20:00,15.83411,78.028546,PM10,22,47,38
India,Andhra Pradesh,Kurnool,"Sita Rama Nagar, Kurnool - APPCB",09-07-2026 20:00,15.83411,78.028546,SO2,9,10,10
India,Andhra Pradesh,Machilipatnam,"Srinivas Nagar Colony, Machilipatnam - APPCB",09-07-2026 20:00,16.186555,81.13219,PM2.5,48,65,54
India,Andhra Pradesh,Machilipatnam,"Srinivas Nagar Colony, Machilipatnam - APPCB",09-07-2026 20:00,16.186555,81.13219,CO,17,33,24
India,Andhra Pradesh,Nellore,"Ambedkar Nagar, Nellore - APPCB ",09-07-2026 20:00,14.438164,79.966814,PM10,51,87,62
India,Andhra Pradesh,Nellore,"Ambedkar Nagar, Nellore - APPCB ",09-07-2026 20:00,14.438164,79.966814,OZONE,35,41,39
India,Andhra Pradesh,Rajamahendravaram,"Anand Kala Kshetram, Rajamahendravaram - APPCB",09-07-2026 20:00,16.9872867,81.7363176,PM2.5,6,42,23
India,Andhra Pradesh,Tirupati,"Vaikuntapuram, Tirupati - APPCB",09-07-2026 20:00,13.615387,79.40923,SO2,15,23,18
India,Andhra Pradesh,Amaravati,"Secretariat, Amaravati - APPCB",09-07-2026 20:00,16.5150833,80.5181667,OZONE,24,37,32
India,Andhra Pradesh,Anantapur,"Gulzarpet, Anantapur - APPCB",09-07-2026 20:00,14.675886,77.593027,NO2,12,21,14
India,Andhra Pradesh,Anantapur,"Gulzarpet, Anantapur - APPCB",09-07-2026 20:00,14.675886,77.593027,SO2,8,16,10
India,Delhi,Delhi,"JNU, Delhi - DPCC",09-07-2026 20:00,28.540721,77.168544,NH3,1,11,4
India,Delhi,Delhi,"CRRI Mathura Road, Delhi - IITM",09-07-2026 20:00,28.5512005,77.2735737,PM2.5,2,42,19
India,Delhi,Delhi,"CRRI Mathura Road, Delhi - IITM",09-07-2026 20:00,28.5512005,77.2735737,CO,62,73,69
India,Delhi,Delhi,"NSIT Dwarka, Delhi - CPCB",09-07-2026 20:00,28.60909,77.0325413,PM10,38,54,43
India,Delhi,Delhi,"NSIT Dwarka, Delhi - CPCB",09-07-2026 20:00,28.60909,77.0325413,SO2,11,21,15
India,Delhi,Delhi,"NSUT Jaffarpur, Delhi - DPCC",09-07-2026 20:00,28.594004,76.909423,PM2.5,9,72,36
India,Delhi,Delhi,"NSUT Jaffarpur, Delhi - DPCC",09-07-2026 20:00,28.594004,76.909423,PM10,13,54,33
India,Delhi,Delhi,"NSUT Jaffarpur, Delhi - DPCC",09-07-2026 20:00,28.594004,76.909423,NO2,7,29,13
India,Delhi,Delhi,"NSUT Jaffarpur, Delhi - DPCC",09-07-2026 20:00,28.594004,76.909423,SO2,6,9,7
India,Delhi,Delhi,"Talkatora Garden, Delhi - DPCC",09-07-2026 20:00,28.62181,77.1944633,PM2.5,8,56,29
India,Delhi,Delhi,"Commonwealth Sports Complex, Delhi - DPCC",09-07-2026 20:00,28.615828,77.271992,SO2,8,13,9
India,Delhi,Delhi,"Punjabi Bagh, Delhi - DPCC",09-07-2026 20:00,28.674045,77.131023,CO,35,54,44
India,Delhi,Delhi,"Punjabi Bagh, Delhi - DPCC",09-07-2026 20:00,28.674045,77.131023,OZONE,10,28,19
India,Delhi,Delhi,"Shadipur, Delhi - CPCB",09-07-2026 20:00,28.6514781,77.1473105,SO2,2,18,10
India,Delhi,Delhi,"IGNOU_Maidan Garhi, Delhi - DPCC",09-07-2026 20:00,28.493624,77.201159,PM10,3,50,22
India,Delhi,Delhi,"IGNOU_Maidan Garhi, Delhi - DPCC",09-07-2026 20:00,28.493624,77.201159,NO2,6,32,14
India,Delhi,Delhi,"IGNOU_Maidan Garhi, Delhi - DPCC",09-07-2026 20:00,28.493624,77.201159,NH3,0,14,3
India,Delhi,Delhi,"IGNOU_Maidan Garhi, Delhi - DPCC",09-07-2026 20:00,28.493624,77.201159,OZONE,7,12,10
India,Delhi,Delhi,"IGI Airport (T3), Delhi - IITM",09-07-2026 20:00,28.5627763,77.1180053,NO2,17,61,31
India,Delhi,Delhi,"IGI Airport (T3), Delhi - IITM",09-07-2026 20:00,28.5627763,77.1180053,CO,21,28,23
India,Delhi,Delhi,"Chandni Chowk, Delhi - IITM",09-07-2026 20:00,28.656756,77.227234,NH3,3,6,4
India,Delhi,Delhi,"Mandir Marg, Delhi - DPCC",09-07-2026 20:00,28.636429,77.201067,SO2,4,18,12
India,Delhi,Delhi,"Pusa, Delhi - DPCC",09-07-2026 20:00,28.639652,77.146275,PM10,3,101,36
India,Delhi,Delhi,"Pusa, Delhi - DPCC",09-07-2026 20:00,28.639652,77.146275,NH3,7,19,10
India,Gujarat,Ahmedabad,"SAC ISRO Satellite, Ahmedabad - IITM",09-07-2026 20:00,23.023389,72.515201,NH3,2,3,2
India,Gujarat,Ahmedabad,"SAC ISRO Satellite, Ahmedabad - IITM",09-07-2026 20:00,23.023389,72.515201,SO2,1,2,2
India,Gujarat,Ahmedabad,"SAC ISRO Satellite, Ahmedabad - IITM",09-07-2026 20:00,23.023389,72.515201,CO,1,37,17
India,Gujarat,Ahmedabad,"Maninagar, Ahmedabad - GPCB",09-07-2026 20:00,23.002657,72.591912,NO2,33,36,34
India,Gujarat,Ahmedabad,"Raikhad, Ahmedabad - IITM",09-07-2026 20:00,23.020509,72.579261,PM2.5,24,51,33
India,Gujarat,Ahmedabad,"Raikhad, Ahmedabad - IITM",09-07-2026 20:00,23.020509,72.579261,PM10,78,152,112
India,Gujarat,Ahmedabad,"Raikhad, Ahmedabad - IITM",09-07-2026 20:00,23.020509,72.579261,NO2,7,22,12
India,Gujarat,Ahmedabad,"Raikhad, Ahmedabad - IITM",09-07-2026 20:00,23.020509,72.579261,CO,33,56,42
India,Gujarat,Ahmedabad,"Raikhad, Ahmedabad - IITM",09-07-2026 20:00,23.020509,72.579261,OZONE,10,14,13
India,Gujarat,Vadodara,"Bapunagar, Vadodara - Nexteng Enviro",09-07-2026 20:00,22.320153,73.216285,CO,94,98,96
India,Gujarat,Vapi,"Phase-1 GIDC, Vapi - GPCB",09-07-2026 20:00,20.362421,72.918013,PM10,32,71,51
India,Gujarat,Vapi,"Phase-1 GIDC, Vapi - GPCB",09-07-2026 20:00,20.362421,72.918013,NH3,4,4,4
India,Gujarat,Vapi,"Phase-1 GIDC, Vapi - GPCB",09-07-2026 20:00,20.362421,72.918013,OZONE,13,15,14
India,Gujarat,Vatva,"Phase-4 GIDC, Vatva - GPCB",09-07-2026 20:00,22.969611,72.6435,PM10,102,135,118
India,Gujarat,Vatva,"Phase-4 GIDC, Vatva - GPCB",09-07-2026 20:00,22.969611,72.6435,OZONE,26,27,26
India,Haryana,Ambala,"Patti Mehar, Ambala - HSPCB",09-07-2026 20:00,30.379589,76.778328,SO2,15,32,22
India,Haryana,Bahadurgarh,"Arya Nagar, Bahadurgarh - HSPCB",09-07-2026 20:00,28.6701,76.9254,PM10,19,65,38
India,Haryana,Bahadurgarh,"Arya Nagar, Bahadurgarh - HSPCB",09-07-2026 20:00,28.6701,76.9254,NH3,8,13,11
India,Haryana,Ballabgarh,"Nathu Colony, Ballabgarh - HSPCB",09-07-2026 20:00,28.3419248,77.319699,PM10,74,400,197
India,Haryana,Ballabgarh,"Nathu Colony, Ballabgarh - HSPCB",09-07-2026 20:00,28.3419248,77.319699,OZONE,4,17,8
India,Haryana,Dharuhera,"Municipal Corporation Office, Dharuhera -  HSPCB",09-07-2026 20:00,28.2068,76.7997,NH3,5,10,7
India,Haryana,Faridabad,"New Industrial Town, Faridabad - HSPCB",09-07-2026 20:00,28.39072,77.30059,PM10,80,175,99
India,Haryana,Faridabad,"Sector 11, Faridabad - HSPCB",09-07-2026 20:00,28.376058,77.315741,PM10,44,261,86
India,Haryana,Faridabad,"Sector 11, Faridabad - HSPCB",09-07-2026 20:00,28.376058,77.315741,NO2,30,33,31
India,Haryana,Fatehabad,"Huda Sector, Fatehabad - HSPCB",09-07-2026 20:00,29.503664,75.467934,NH3,13,15,14
India,Haryana,Fatehabad,"Huda Sector, Fatehabad - HSPCB",09-07-2026 20:00,29.503664,75.467934,OZONE,16,26,20
India,Haryana,Gurugram,"Sector-51, Gurugram - HSPCB",09-07-2026 20:00,28.4227,77.0667,PM2.5,1,500,184
India,Haryana,Gurugram,"Sector-51, Gurugram - HSPCB",09-07-2026 20:00,28.4227,77.0667,CO,10,20,13
India,Haryana,Gurugram,"Vikas Sadan, Gurugram - HSPCB",09-07-2026 20:00,28.4501238,77.0263051,PM2.5,11,300,79
India,Haryana,Gurugram,"Vikas Sadan, Gurugram - HSPCB",09-07-2026 20:00,28.4501238,77.0263051,NO2,4,16,14
India,Haryana,Gurugram,"Vikas Sadan, Gurugram - HSPCB",09-07-2026 20:00,28.4501238,77.0263051,OZONE,2,6,4
India,Gujarat,Ahmedabad,"Gyaspur, Ahmedabad - IITM",09-07-2026 20:00,22.977134,72.553024,SO2,0,20,7
India,Gujarat,Ahmedabad,"SVPI Airport Hansol, Ahmedabad - IITM",09-07-2026 20:00,23.076793,72.627874,SO2,3,4,4
India,Gujarat,Ahmedabad,"SVPI Airport Hansol, Ahmedabad - IITM",09-07-2026 20:00,23.076793,72.627874,CO,9,41,30
India,Gujarat,Ahmedabad,"Rakhial, Ahmedabad - IITM",09-07-2026 20:00,23.016834,72.625775,PM2.5,43,89,60
India,Gujarat,Ahmedabad,"Rakhial, Ahmedabad - IITM",09-07-2026 20:00,23.016834,72.625775,NH3,5,11,7
India,Gujarat,Bhavnagar,"Vidhyanagar, Bhavnagar - Nexteng Enviro",09-07-2026 20:00,21.755417,72.139056,SO2,6,7,7
India,Gujarat,Gandhinagar,"IIPHG Lekawada, Gandhinagar - IITM",09-07-2026 20:00,23.243639,72.68994,NO2,3,13,7
India,Gujarat,Gandhinagar,"Sector-10, Gandhinagar - GPCB",09-07-2026 20:00,23.221714,72.654328,PM10,55,108,76
India,Gujarat,Gandhinagar,"Sector-10, Gandhinagar - GPCB",09-07-2026 20:00,23.221714,72.654328,NH3,1,1,1
India,Gujarat,Gandhinagar,"Sector-10, Gandhinagar - GPCB",09-07-2026 20:00,23.221714,72.654328,CO,14,14,14
India,Gujarat,Gandhinagar,"Sector-10, Gandhinagar - GPCB",09-07-2026 20:00,23.221714,72.654328,OZONE,5,16,11
India,Gujarat,Mehsana,"Sadanand Nagar, Mehsana - Nexteng Enviro",09-07-2026 20:00,23.59315,72.372792,OZONE,8,9,9
India,Delhi,Delhi,"Dwarka-Sector 8, Delhi - DPCC ",09-07-2026 20:00,28.5710274,77.0719006,OZONE,15,25,21
India,Delhi,Delhi,"DTU, Delhi - CPCB",09-07-2026 20:00,28.7500499,77.1112615,CO,23,28,25
India,Delhi,Delhi,"IIT Delhi, Delhi - IITM",09-07-2026 20:00,28.54246,77.191651,PM10,2,84,35
India,Delhi,Delhi,"IIT Delhi, Delhi - IITM",09-07-2026 20:00,28.54246,77.191651,NO2,8,16,10
India,Delhi,Delhi,"ITO, Delhi - CPCB",09-07-2026 20:00,28.628624,77.24106,PM10,6,55,22
India,Delhi,Delhi,"ITO, Delhi - CPCB",09-07-2026 20:00,28.628624,77.24106,NH3,2,5,4
India,Delhi,Delhi,"R K Puram, Delhi - DPCC",09-07-2026 20:00,28.563262,77.186937,NO2,15,62,31
India,Delhi,Delhi,"R K Puram, Delhi - DPCC",09-07-2026 20:00,28.563262,77.186937,SO2,24,108,42
India,Delhi,Delhi,"R K Puram, Delhi - DPCC",09-07-2026 20:00,28.563262,77.186937,OZONE,12,22,18
India,Delhi,Delhi,"North Campus, DU, Delhi - IITM",09-07-2026 20:00,28.6573814,77.1585447,CO,66,70,68
India,Delhi,Delhi,"Alipur, Delhi - DPCC",09-07-2026 20:00,28.815329,77.15301,NH3,18,25,22
India,Delhi,Delhi,"JNU, Delhi - DPCC",09-07-2026 20:00,28.540721,77.168544,NO2,9,44,18
India,Delhi,Delhi,"Major Dhyan Chand National Stadium, Delhi - DPCC",09-07-2026 20:00,28.611281,77.237738,NO2,14,60,26
India,Delhi,Delhi,"Bawana, Delhi - DPCC",09-07-2026 20:00,28.7762,77.051074,PM10,44,109,85
India,Delhi,Delhi,"Nehru Nagar, Delhi - DPCC",09-07-2026 20:00,28.56789,77.250515,PM10,1,72,30
India,Delhi,Delhi,"Nehru Nagar, Delhi - DPCC",09-07-2026 20:00,28.56789,77.250515,NH3,7,16,10
India,Delhi,Delhi,"Jawaharlal Nehru Stadium, Delhi - DPCC",09-07-2026 20:00,28.58028,77.233829,NO2,3,48,14
India,Delhi,Delhi,"IHBAS, Dilshad Garden, Delhi - CPCB",09-07-2026 20:00,28.6811736,77.3025234,PM2.5,21,101,58
India,Delhi,Delhi,"IHBAS, Dilshad Garden, Delhi - CPCB",09-07-2026 20:00,28.6811736,77.3025234,OZONE,17,115,44
India,Delhi,Delhi,"Sri Aurobindo Marg, Delhi - DPCC",09-07-2026 20:00,28.531346,77.190156,SO2,2,10,7
India,Delhi,Delhi,"Okhla Phase-2, Delhi - DPCC",09-07-2026 20:00,28.530785,77.271255,NO2,13,40,20
India,Delhi,Delhi,"Okhla Phase-2, Delhi - DPCC",09-07-2026 20:00,28.530785,77.271255,SO2,7,15,10
India,Chhattisgarh,Raipur,"Siltara Phase-II, Raipur - CECB",09-07-2026 20:00,21.371751,81.664929,NH3,2,2,2
India,Chhattisgarh,Raipur,"AIIMS, Raipur - CECB",09-07-2026 20:00,21.258815,81.578979,PM10,7,42,20
India,Chhattisgarh,Raipur,"AIIMS, Raipur - CECB",09-07-2026 20:00,21.258815,81.578979,NO2,2,7,4
India,Chhattisgarh,Raipur,"AIIMS, Raipur - CECB",09-07-2026 20:00,21.258815,81.578979,CO,16,23,18
India,Chhattisgarh,Raipur,"Krishak Nagar, Raipur - CECB",09-07-2026 20:00,21.237755,81.705301,PM10,3,33,13
India,Chhattisgarh,Tumidih,"OP Jindal Industrial Park, Tumidih - CECB",09-07-2026 20:00,22.06631475,83.33820077,NO2,20,78,44
India,Chhattisgarh,Tumidih,"OP Jindal Industrial Park, Tumidih - CECB",09-07-2026 20:00,22.06631475,83.33820077,NH3,1,2,1
India,Chhattisgarh,Tumidih,"OP Jindal Industrial Park, Tumidih - CECB",09-07-2026 20:00,22.06631475,83.33820077,OZONE,27,27,27
India,Delhi,Delhi,"Cantonment Area, Delhi - DPCC",09-07-2026 20:00,28.594169,77.1251,SO2,3,11,7
India,Delhi,Delhi,"Rohini, Delhi - DPCC",09-07-2026 20:00,28.732528,77.11992,SO2,5,8,6
India,Delhi,Delhi,"Mundka, Delhi - DPCC",09-07-2026 20:00,28.684678,77.076574,PM10,12,61,30
India,Delhi,Delhi,"Mundka, Delhi - DPCC",09-07-2026 20:00,28.684678,77.076574,CO,34,45,39
India,Delhi,Delhi,"Wazirpur, Delhi - DPCC",09-07-2026 20:00,28.699793,77.165453,NH3,7,16,11
India,Delhi,Delhi,"Dr. Karni Singh Shooting Range, Delhi - DPCC",09-07-2026 20:00,28.498571,77.26484,NO2,6,36,15
India,Delhi,Delhi,"Dr. Karni Singh Shooting Range, Delhi - DPCC",09-07-2026 20:00,28.498571,77.26484,NH3,5,6,6
India,Delhi,Delhi,"Anand Vihar, Delhi - DPCC",09-07-2026 20:00,28.647622,77.315809,PM2.5,13,238,66
India,Delhi,Delhi,"Ashok Vihar, Delhi - DPCC",09-07-2026 20:00,28.695381,77.181665,CO,40,44,42
India,Haryana,Panchgaon,"Amity University, Panchgaon - IITM",09-07-2026 20:00,28.3153,76.9143,SO2,5,12,7
India,Haryana,Panipat,"Sector-18, Panipat - HSPCB",09-07-2026 20:00,29.432304,76.972765,PM10,17,125,62
India,Haryana,Panipat,"Sector-18, Panipat - HSPCB",09-07-2026 20:00,29.432304,76.972765,OZONE,30,30,30
India,Haryana,Rohtak,"MD University, Rohtak - HSPCB",09-07-2026 20:00,28.52123,76.37138,PM2.5,23,34,28
India,Haryana,Sirsa,"F-Block, Sirsa - HSPCB",09-07-2026 20:00,29.5364,75.0158,OZONE,35,81,64
India,Haryana,Yamuna Nagar,"Gobind Pura, Yamuna Nagar - HSPCB",09-07-2026 20:00,30.1480566,77.2893471,CO,8,16,13
India,Himachal Pradesh,Baddi,"HIMUDA Complex Phase-1, Baddi - HPPCB",09-07-2026 20:00,30.943887,76.801991,NO2,7,33,17
India,Himachal Pradesh,Baddi,"HIMUDA Complex Phase-1, Baddi - HPPCB",09-07-2026 20:00,30.943887,76.801991,NH3,6,13,8
India,Himachal Pradesh,Baddi,"HIMUDA Complex Phase-1, Baddi - HPPCB",09-07-2026 20:00,30.943887,76.801991,OZONE,8,20,13
India,Jammu and Kashmir,Srinagar,"Khunmoh, Srinagar - JKPCC",09-07-2026 20:00,34.06313,74.96017,PM10,32,78,49
India,Jammu and Kashmir,Srinagar,"Khunmoh, Srinagar - JKPCC",09-07-2026 20:00,34.06313,74.96017,NO2,12,13,13
India,Jammu and Kashmir,Srinagar,"Rajbagh, Srinagar - JKPCC",09-07-2026 20:00,34.066206,74.81982,NH3,9,9,9
India,Madhya Pradesh,Indore,"Airport Area, Indore - IMC",09-07-2026 20:00,22.7289,75.8076,NO2,44,142,72
India,Madhya Pradesh,Jabalpur,"Marhatal, Jabalpur - MPPCB",09-07-2026 20:00,23.168606,79.932247,PM2.5,17,39,29
India,Madhya Pradesh,Jabalpur,"Marhatal, Jabalpur - MPPCB",09-07-2026 20:00,23.168606,79.932247,CO,32,54,39
India,Madhya Pradesh,Jabalpur,"Marhatal, Jabalpur - MPPCB",09-07-2026 20:00,23.168606,79.932247,OZONE,31,43,38
India,Madhya Pradesh,Jabalpur,"Govindh Bhavan Colony, Jabalpur - JMC",09-07-2026 20:00,23.163174,79.973061,PM10,23,500,218
India,Madhya Pradesh,Jabalpur,"Gupteshwar, Jabalpur - JMC",09-07-2026 20:00,23.142888,79.916147,NH3,2,2,2
India,Madhya Pradesh,Jabalpur,"Gupteshwar, Jabalpur - JMC",09-07-2026 20:00,23.142888,79.916147,SO2,6,7,6
India,Madhya Pradesh,Jabalpur,"Gupteshwar, Jabalpur - JMC",09-07-2026 20:00,23.142888,79.916147,OZONE,7,9,9
India,Madhya Pradesh,Jabalpur,"Suhagi, Jabalpur - JMC",09-07-2026 20:00,23.218135,79.95777,CO,10,75,49
India,Madhya Pradesh,Jabalpur,"Suhagi, Jabalpur - JMC",09-07-2026 20:00,23.218135,79.95777,OZONE,2,7,5
India,Madhya Pradesh,Katni,"Gole Bazar, Katni - MPPCB",09-07-2026 20:00,23.50016,80.23284,OZONE,15,27,21
India,Madhya Pradesh,Mandideep,"Sector-D Industrial Area, Mandideep - MPPCB",09-07-2026 20:00,23.10844,77.511428,PM2.5,34,73,52
India,Madhya Pradesh,Mandideep,"Sector-D Industrial Area, Mandideep - MPPCB",09-07-2026 20:00,23.10844,77.511428,NO2,24,34,28
India,Madhya Pradesh,Mandideep,"Sector-D Industrial Area, Mandideep - MPPCB",09-07-2026 20:00,23.10844,77.511428,NH3,10,10,10
India,Haryana,Hisar,"Urban Estate-II, Hisar - HSPCB",09-07-2026 20:00,29.14056,75.744941,CO,47,68,55
India,Haryana,Jind,"Police Lines, Jind - HSPCB",09-07-2026 20:00,29.307814,76.337619,PM2.5,29,54,41
India,Haryana,Kaithal,"Rishi Nagar, Kaithal - HSPCB",09-07-2026 20:00,29.8006,76.4155,NH3,4,6,5
India,Haryana,Karnal,"Sector-12, Karnal - HSPCB",09-07-2026 20:00,29.6953,77.0027,SO2,12,13,12
India,Haryana,Karnal,"Sector-12, Karnal - HSPCB",09-07-2026 20:00,29.6953,77.0027,OZONE,6,14,8
India,Haryana,Kurukshetra,"Sector-7, Kurukshetra - HSPCB",09-07-2026 20:00,29.966942,76.875879,PM10,23,68,44
India,Haryana,Kurukshetra,"Sector-7, Kurukshetra - HSPCB",09-07-2026 20:00,29.966942,76.875879,NO2,62,85,74
India,Haryana,Mandikhera,"General Hospital, Mandikhera(Nuh) - HSPCB",09-07-2026 20:00,27.9002,76.9938,PM10,74,81,78
India,Haryana,Mandikhera,"General Hospital, Mandikhera(Nuh) - HSPCB",09-07-2026 20:00,27.9002,76.9938,NH3,7,9,8
India,Haryana,Manesar,"Sector-2 IMT, Manesar - HSPCB",09-07-2026 20:00,28.360699,76.93609,PM2.5,49,111,79
India,Haryana,Manesar,"Sector-2 IMT, Manesar - HSPCB",09-07-2026 20:00,28.360699,76.93609,NH3,9,24,15
India,Haryana,Narnaul,"Shastri Nagar, Narnaul - HSPCB",09-07-2026 20:00,28.060249,76.113115,NO2,17,25,21
India,Karnataka,Ramanagara,"Vijay Nagar, Ramanagara - KSPCB",09-07-2026 20:00,12.733409,77.298051,CO,18,31,24
India,Karnataka,Ramanagara,"Vijay Nagar, Ramanagara - KSPCB",09-07-2026 20:00,12.733409,77.298051,OZONE,17,45,33
India,Karnataka,Shivamogga,"Vinoba Nagara, Shivamogga - KSPCB",09-07-2026 20:00,13.94,75.555917,NH3,3,4,3
India,Karnataka,Vijayapura,"Ibrahimpur, Vijayapura - KSPCB",09-07-2026 20:00,16.802639,75.722694,OZONE,16,17,16
India,Karnataka,Yadgir,"Collector Office, Yadgir - KSPCB",09-07-2026 20:00,16.7602,77.1428,CO,3,6,5
India,Kerala,Kollam,"Polayathode, Kollam - Kerala PCB",09-07-2026 20:00,8.8787,76.6073,PM2.5,10,64,44
India,Kerala,Kollam,"Polayathode, Kollam - Kerala PCB",09-07-2026 20:00,8.8787,76.6073,PM10,29,61,49
India,Kerala,Kollam,"Polayathode, Kollam - Kerala PCB",09-07-2026 20:00,8.8787,76.6073,NH3,1,1,1
India,Kerala,Thiruvananthapuram,"Kariavattom, Thiruvananthapuram - Kerala PCB",09-07-2026 20:00,8.5637,76.8865,PM2.5,40,45,42
India,Kerala,Thiruvananthapuram,"Kariavattom, Thiruvananthapuram - Kerala PCB",09-07-2026 20:00,8.5637,76.8865,CO,20,24,22
India,Karnataka,Bengaluru,"City Railway Station, Bengaluru - KSPCB",09-07-2026 20:00,12.9756843,77.5660749,PM10,109,110,109
India,Karnataka,Bengaluru,"City Railway Station, Bengaluru - KSPCB",09-07-2026 20:00,12.9756843,77.5660749,NO2,27,33,30
India,Karnataka,Bengaluru,"City Railway Station, Bengaluru - KSPCB",09-07-2026 20:00,12.9756843,77.5660749,CO,52,63,58
India,Karnataka,Bengaluru,"Hebbal, Bengaluru - KSPCB",09-07-2026 20:00,13.029152,77.585901,PM10,14,56,27
India,Karnataka,Bengaluru,"Jigani, Bengaluru - KSPCB",09-07-2026 20:00,12.7816279,77.6299145,PM10,36,76,52
India,Karnataka,Bengaluru,"Jigani, Bengaluru - KSPCB",09-07-2026 20:00,12.7816279,77.6299145,NH3,4,4,4
India,Karnataka,Bengaluru,"Jigani, Bengaluru - KSPCB",09-07-2026 20:00,12.7816279,77.6299145,CO,38,39,39
India,Karnataka,Bengaluru,"Bapuji Nagar, Bengaluru - KSPCB",09-07-2026 20:00,12.951913,77.539784,PM10,23,50,36
India,Karnataka,Chamarajanagar,"Urban, Chamarajanagar - KSPCB",09-07-2026 20:00,11.55358,76.55521,NO2,15,30,27
India,Karnataka,Chikkaballapur,"Chikkaballapur Rural, Chikkaballapur - KSPCB",09-07-2026 20:00,13.428828,77.731418,NO2,2,6,3
India,Karnataka,Chikkaballapur,"Chikkaballapur Rural, Chikkaballapur - KSPCB",09-07-2026 20:00,13.428828,77.731418,NH3,1,1,1
India,Karnataka,Chikkaballapur,"Chikkaballapur Rural, Chikkaballapur - KSPCB",09-07-2026 20:00,13.428828,77.731418,SO2,15,26,18
India,Madhya Pradesh,Bhopal,"Paryavaran Parisar, Bhopal - MPPCB",09-07-2026 20:00,23.210494,77.425409,PM10,35,91,59
India,Madhya Pradesh,Bhopal,"Paryavaran Parisar, Bhopal - MPPCB",09-07-2026 20:00,23.210494,77.425409,NO2,11,14,13
India,Madhya Pradesh,Bhopal,"T T Nagar, Bhopal - MPPCB",09-07-2026 20:00,23.233584,77.400574,PM10,66,106,84
India,Madhya Pradesh,Bhopal,"T T Nagar, Bhopal - MPPCB",09-07-2026 20:00,23.233584,77.400574,NO2,9,23,14
India,Madhya Pradesh,Bhopal,"T T Nagar, Bhopal - MPPCB",09-07-2026 20:00,23.233584,77.400574,CO,32,45,36
India,Madhya Pradesh,Bhopal,"T T Nagar, Bhopal - MPPCB",09-07-2026 20:00,23.233584,77.400574,OZONE,9,18,15
India,Madhya Pradesh,Dewas,"Bhopal Chauraha, Dewas - MPPCB",09-07-2026 20:00,22.9682591,76.064118,NH3,2,3,3
India,Madhya Pradesh,Gwalior,"Maharaj Bada, Gwalior - MPPCB",09-07-2026 20:00,26.200388,78.147714,PM2.5,28,60,44
India,Madhya Pradesh,Gwalior,"Deen Dayal Nagar, Gwalior - MPPCB",09-07-2026 20:00,26.259242,78.216432,SO2,3,14,6
India,Madhya Pradesh,Gwalior,"Deen Dayal Nagar, Gwalior - MPPCB",09-07-2026 20:00,26.259242,78.216432,OZONE,23,71,56
India,Madhya Pradesh,Gwalior,"City Center, Gwalior - MPPCB",09-07-2026 20:00,26.203442,78.193251,PM10,26,51,36
India,Madhya Pradesh,Gwalior,"City Center, Gwalior - MPPCB",09-07-2026 20:00,26.203442,78.193251,NH3,4,9,5
India,Madhya Pradesh,Indore,"Chhoti Gwaltoli, Indore - MPPCB",09-07-2026 20:00,22.431,75.5213,CO,23,37,30
India,Jharkhand,Jorapokhar,"Tata Stadium, Jorapokhar - JSPCB",09-07-2026 20:00,23.707909,86.41467,PM2.5,43,74,50
India,Jharkhand,Jorapokhar,"Tata Stadium, Jorapokhar - JSPCB",09-07-2026 20:00,23.707909,86.41467,NH3,3,3,3
India,Jharkhand,Jorapokhar,"Tata Stadium, Jorapokhar - JSPCB",09-07-2026 20:00,23.707909,86.41467,CO,38,40,39
India,Karnataka,Bengaluru,"BTM Layout, Bengaluru - CPCB",09-07-2026 20:00,12.9135218,77.5950804,NH3,4,4,4
India,Karnataka,Bengaluru,"BTM Layout, Bengaluru - CPCB",09-07-2026 20:00,12.9135218,77.5950804,CO,46,49,47
India,Karnataka,Bengaluru,"Hombegowda Nagar, Bengaluru - KSPCB",09-07-2026 20:00,12.938539,77.5901,PM10,10,69,39
India,Karnataka,Bengaluru,"Hombegowda Nagar, Bengaluru - KSPCB",09-07-2026 20:00,12.938539,77.5901,NO2,11,29,18
India,Karnataka,Bengaluru,"BWSSB Kadabesanahalli, Bengaluru - CPCB",09-07-2026 20:00,12.9352049,77.6814488,CO,37,38,37
India,Karnataka,Bengaluru,"BWSSB Kadabesanahalli, Bengaluru - CPCB",09-07-2026 20:00,12.9352049,77.6814488,OZONE,19,25,22
India,Karnataka,Bengaluru,"Jayanagar 5th Block, Bengaluru - KSPCB",09-07-2026 20:00,12.920984,77.584908,NO2,4,11,7
India,Karnataka,Bengaluru,"Sanegurava Halli, Bengaluru - KSPCB",09-07-2026 20:00,12.990328,77.5431385,PM10,52,55,54
India,Karnataka,Kalaburagi,"Mahatma Basaveswar Colony, Kalaburgi - KSPCB",09-07-2026 20:00,17.336318,76.847397,PM2.5,10,31,26
India,Karnataka,Kalaburagi,"Mahatma Basaveswar Colony, Kalaburgi - KSPCB",09-07-2026 20:00,17.336318,76.847397,CO,28,30,29
India,Karnataka,Karwar,"KHB Colony, Karwar - KSPCB",09-07-2026 20:00,14.816666,74.141003,SO2,12,23,19
India,Karnataka,Koppal,"Diwator Nagar, Koppal - KSPCB",09-07-2026 20:00,15.34763,76.181767,PM10,13,51,24
India,Karnataka,Mysuru,"Hebbal 1st Stage, Mysuru - KSPCB",09-07-2026 20:00,12.21041,76.37376,PM10,25,101,64
India,Karnataka,Mysuru,"Hebbal 1st Stage, Mysuru - KSPCB",09-07-2026 20:00,12.21041,76.37376,OZONE,5,52,27
India,Madhya Pradesh,Sagar,"Civil Lines, Sagar - MPPCB",09-07-2026 20:00,23.838586,78.759431,NH3,2,6,5
India,Madhya Pradesh,Ujjain,"Mahashweta Nagar, Ujjain - MPPCB",09-07-2026 20:00,23.1633321,75.800225,PM2.5,9,98,42
India,Madhya Pradesh,Ujjain,"Mahashweta Nagar, Ujjain - MPPCB",09-07-2026 20:00,23.1633321,75.800225,CO,19,22,20
India,Maharashtra,Ahmednagar,"Tarakpur, Ahmednagar - MPCB",09-07-2026 20:00,19.10122,74.73339,PM2.5,6,76,31
India,Maharashtra,Ahmednagar,"Tarakpur, Ahmednagar - MPCB",09-07-2026 20:00,19.10122,74.73339,SO2,3,17,10
India,Maharashtra,Ambernath,"Chinchpada, Ambernath - MPCB",09-07-2026 20:00,19.215784,73.199781,NO2,11,34,20
India,Maharashtra,Ambernath,"Chinchpada, Ambernath - MPCB",09-07-2026 20:00,19.215784,73.199781,NH3,3,4,3
India,Maharashtra,Amravati,"Shivneri Colony, Amravati - MPCB",09-07-2026 20:00,20.9402359,77.7895248,PM2.5,6,54,29
India,Maharashtra,Amravati,"Shivneri Colony, Amravati - MPCB",09-07-2026 20:00,20.9402359,77.7895248,SO2,6,46,10
India,Maharashtra,Aurangabad,"MIDC Chilkalthana, Aurangabad - MPCB",09-07-2026 20:00,19.87562,75.38731,OZONE,21,38,33
India,Maharashtra,Aurangabad,"Rachnakar Colony, Aurangabad - MPCB",09-07-2026 20:00,19.863756,75.321188,PM2.5,96,185,136
India,Maharashtra,Aurangabad,"Rachnakar Colony, Aurangabad - MPCB",09-07-2026 20:00,19.863756,75.321188,PM10,71,103,88
India,Maharashtra,Aurangabad,"Rachnakar Colony, Aurangabad - MPCB",09-07-2026 20:00,19.863756,75.321188,NH3,1,3,2
India,Maharashtra,Badlapur,"Katrap, Badlapur - MPCB",09-07-2026 20:00,19.16485,73.23409,SO2,2,3,3
India,Maharashtra,Badlapur,"Katrap, Badlapur - MPCB",09-07-2026 20:00,19.16485,73.23409,OZONE,24,26,25
India,Maharashtra,Beed,"Bir, Beed - MPCB",09-07-2026 20:00,18.988474,75.753873,NO2,5,21,12
India,Maharashtra,Beed,"Bir, Beed - MPCB",09-07-2026 20:00,18.988474,75.753873,CO,21,25,22
India,Maharashtra,Beed,"Bir, Beed - MPCB",09-07-2026 20:00,18.988474,75.753873,OZONE,15,20,17
India,Maharashtra,Belapur,"CBD Belapur, Belapur - MPCB",09-07-2026 20:00,19.0243902,73.0406721,NO2,15,32,18
India,Maharashtra,Mumbai,"Worli, Mumbai - MPCB",09-07-2026 20:00,18.9936162,72.8128113,NO2,7,18,10
India,Maharashtra,Mumbai,"Byculla, Mumbai - BMC",09-07-2026 20:00,18.9767,72.838,NO2,9,21,14
India,Maharashtra,Mumbai,"Bandra Kurla Complex, Mumbai - MPCB",09-07-2026 20:00,19.065931,72.862131,NO2,1,2,2
India,Maharashtra,Mumbai,"Bandra Kurla Complex, Mumbai - MPCB",09-07-2026 20:00,19.065931,72.862131,SO2,2,3,3
India,Maharashtra,Mumbai,"Bandra Kurla Complex, Mumbai - MPCB",09-07-2026 20:00,19.065931,72.862131,OZONE,15,16,15
India,Maharashtra,Mumbai,"Shivaji Nagar, Mumbai - BMC",09-07-2026 20:00,19.060498,72.923356,NH3,3,8,5
India,Maharashtra,Mumbai,"Shivaji Nagar, Mumbai - BMC",09-07-2026 20:00,19.060498,72.923356,OZONE,4,9,6
India,Maharashtra,Mumbai,"Malad West, Mumbai - IITM",09-07-2026 20:00,19.19709,72.82204,NO2,12,28,19
India,Maharashtra,Mumbai,"Chembur, Mumbai - MPCB",09-07-2026 20:00,19.0364585,72.8954371,NH3,8,21,12
India,Maharashtra,Mumbai,"Deonar, Mumbai - IITM",09-07-2026 20:00,19.04946,72.923,PM2.5,10,62,29
India,Maharashtra,Mumbai,"Deonar, Mumbai - IITM",09-07-2026 20:00,19.04946,72.923,NH3,10,13,12
India,Maharashtra,Mumbai,"Deonar, Mumbai - IITM",09-07-2026 20:00,19.04946,72.923,CO,69,73,71
India,Maharashtra,Bhiwandi,"Gokul Nagar, Bhiwandi - MPCB",09-07-2026 20:00,19.309073,73.057223,PM2.5,9,45,25
India,Maharashtra,Bhiwandi,"Gokul Nagar, Bhiwandi - MPCB",09-07-2026 20:00,19.309073,73.057223,CO,14,21,18
India,Maharashtra,Boisar,"Khaira, Boisar - MPCB",09-07-2026 20:00,19.786089,72.757971,PM2.5,41,55,47
India,Maharashtra,Chandrapur,"Chauhan Colony, Chandrapur - MPCB",09-07-2026 20:00,19.9629,79.298714,CO,38,52,47
India,Maharashtra,Chandrapur,"MIDC Khutala, Chandrapur - MPCB",09-07-2026 20:00,19.9775302,79.2337086,NH3,1,4,2
India,Maharashtra,Chandrapur,"MIDC Khutala, Chandrapur - MPCB",09-07-2026 20:00,19.9775302,79.2337086,SO2,3,46,9
India,Maharashtra,Chandrapur,"MIDC Khutala, Chandrapur - MPCB",09-07-2026 20:00,19.9775302,79.2337086,OZONE,19,35,26
India,Maharashtra,Dhule,"Deopur, Dhule - MPCB",09-07-2026 20:00,20.918946,74.776388,PM10,44,104,64
India,Maharashtra,Dhule,"Deopur, Dhule - MPCB",09-07-2026 20:00,20.918946,74.776388,SO2,1,2,2
India,Maharashtra,Dombivli,"Kalu Nagar, Dombivli - MPCB",09-07-2026 20:00,19.2268427,73.0788456,PM2.5,4,15,9
India,Maharashtra,Hingoli,"Ashta Vinayak Nagar, Hingoli - MPCB",09-07-2026 20:00,19.710842,77.151824,CO,11,24,16
India,Maharashtra,Jalgaon,"Prabhat Colony, Jalgaon - MPCB",09-07-2026 20:00,21.001264,75.565602,NH3,0,5,3
India,Maharashtra,Kalyan,"Pimpleshwar Mandir, Kalyan - MPCB",09-07-2026 20:00,19.192056,72.9585188,PM2.5,2,69,32
India,Maharashtra,Kalyan,"Pimpleshwar Mandir, Kalyan - MPCB",09-07-2026 20:00,19.192056,72.9585188,NO2,1,25,6
India,Maharashtra,Kalyan,"Pimpleshwar Mandir, Kalyan - MPCB",09-07-2026 20:00,19.192056,72.9585188,CO,28,84,50
India,Maharashtra,Kolhapur,"Sinchan Bhavan, Kolhapur - MPCB",09-07-2026 20:00,16.7143745,74.2426398,PM10,16,51,28
India,Maharashtra,Latur,"Sawe Wadi, Latur - MPCB",09-07-2026 20:00,18.39963,76.57452,NH3,1,8,4
India,Maharashtra,Mahad,"Kamble Tarf Birwadi, Mahad - MPCB",09-07-2026 20:00,18.1023399,73.4783687,PM2.5,30,86,52
India,Maharashtra,Mahad,"Kamble Tarf Birwadi, Mahad - MPCB",09-07-2026 20:00,18.1023399,73.4783687,NH3,5,5,5
India,Maharashtra,Mumbai,"Chhatrapati Shivaji Intl. Airport (T2), Mumbai - MPCB",09-07-2026 20:00,19.10078,72.87462,NO2,25,26,26
India,Maharashtra,Mumbai,"Chhatrapati Shivaji Intl. Airport (T2), Mumbai - MPCB",09-07-2026 20:00,19.10078,72.87462,NH3,0,0,0
India,Maharashtra,Mumbai,"Navy Nagar-Colaba, Mumbai - IITM",09-07-2026 20:00,18.897756,72.81332,NO2,82,116,96
India,Maharashtra,Pune,"Revenue Colony-Shivajinagar, Pune - IITM",09-07-2026 20:00,18.530085,73.849598,CO,10,20,13
India,Maharashtra,Pune,"Dhankawadi, Pune - IITM",09-07-2026 20:00,18.459883,73.852193,PM2.5,17,40,28
India,Maharashtra,Pune,"Mhada Colony, Pune - IITM",09-07-2026 20:00,18.57304,73.927715,NO2,18,40,27
India,Maharashtra,Pune,"Katraj Dairy, Pune - MPCB",09-07-2026 20:00,18.45445,73.854155,CO,16,17,17
India,Maharashtra,Pune,"Katraj Dairy, Pune - MPCB",09-07-2026 20:00,18.45445,73.854155,OZONE,40,40,40
India,Maharashtra,Pune,"Savitribai Phule Pune University, Pune - MPCB",09-07-2026 20:00,18.547056,73.826908,NO2,5,9,7
India,Maharashtra,Sangli,"Vijay Nagar, Sangli - MPCB",09-07-2026 20:00,16.5038,74.3623,PM10,18,57,35
India,Maharashtra,Nashik,"Hirawadi, Nashik - MPCB",09-07-2026 20:00,20.021503,73.813844,OZONE,10,27,18
India,Maharashtra,Nashik,"MIDC Ambad, Nashik - MPCB",09-07-2026 20:00,19.95022,73.73148,PM2.5,29,60,42
India,Maharashtra,Nashik,"MIDC Ambad, Nashik - MPCB",09-07-2026 20:00,19.95022,73.73148,NH3,1,2,2
India,Maharashtra,Navi Mumbai,"Sector-2E Kalamboli, Navi Mumbai - MPCB",09-07-2026 20:00,19.02579,73.10297,CO,1,18,12
India,Maharashtra,Navi Mumbai,"Mahape, Navi Mumbai - MPCB",09-07-2026 20:00,19.1135051,73.008978,NO2,42,44,43
India,Maharashtra,Navi Mumbai,"Mahape, Navi Mumbai - MPCB",09-07-2026 20:00,19.1135051,73.008978,SO2,17,17,17
India,Maharashtra,Navi Mumbai,"Tondare-Taloja, Navi Mumbai - MPCB",09-07-2026 20:00,19.063,73.1209,CO,3,10,5
India,Maharashtra,Navi Mumbai,"Kopripada-Vashi, Navi Mumbai - MPCB",09-07-2026 20:00,19.090337,73.014232,PM2.5,7,45,24
India,Maharashtra,Navi Mumbai,"Kopripada-Vashi, Navi Mumbai - MPCB",09-07-2026 20:00,19.090337,73.014232,NH3,8,15,11
India,Maharashtra,Parbhani,"Masoom Colony, Parbhani - MPCB",09-07-2026 20:00,19.265594,76.761463,CO,8,14,11
India,Maharashtra,Mumbai,"Ghatkopar, Mumbai - BMC",09-07-2026 20:00,19.083694,72.920967,PM2.5,10,48,23
India,Maharashtra,Mumbai,"Ghatkopar, Mumbai - BMC",09-07-2026 20:00,19.083694,72.920967,CO,19,27,21
India,Maharashtra,Mumbai,"Bandra Kurla Complex, Mumbai - IITM",09-07-2026 20:00,19.053536,72.84643,NH3,2,4,3
India,Maharashtra,Mumbai,"Bandra Kurla Complex, Mumbai - IITM",09-07-2026 20:00,19.053536,72.84643,OZONE,17,19,18
India,Maharashtra,Mumbai,"Siddharth Nagar-Worli, Mumbai - IITM",09-07-2026 20:00,19.000083,72.813993,PM10,74,120,96
India,Maharashtra,Mumbai,"Siddharth Nagar-Worli, Mumbai - IITM",09-07-2026 20:00,19.000083,72.813993,CO,2,2,2
India,Maharashtra,Mumbai,"Powai, Mumbai - MPCB",09-07-2026 20:00,19.1375,72.915056,NO2,6,7,6
India,Maharashtra,Mumbai,"Powai, Mumbai - MPCB",09-07-2026 20:00,19.1375,72.915056,SO2,11,17,15
India,Maharashtra,Pimpri-Chinchwad,"Bhosari, Pune - IITM",09-07-2026 20:00,18.640051,73.848956,NO2,19,37,25
India,Maharashtra,Pimpri-Chinchwad,"Gavalinagar, Pimpri Chinchwad - MPCB",09-07-2026 20:00,18.63673,73.82487,PM10,47,70,59
India,Maharashtra,Pimpri-Chinchwad,"Gavalinagar, Pimpri Chinchwad - MPCB",09-07-2026 20:00,18.63673,73.82487,NO2,4,13,7
India,Maharashtra,Pimpri-Chinchwad,"Gavalinagar, Pimpri Chinchwad - MPCB",09-07-2026 20:00,18.63673,73.82487,NH3,0,12,1
India,Maharashtra,Pimpri-Chinchwad,"Transport Nagar-Nigdi, Pune - IITM",09-07-2026 20:00,18.664282,73.763966,NO2,14,18,16
India,Maharashtra,Pimpri-Chinchwad,"Thergaon, Pimpri Chinchwad - MPCB",09-07-2026 20:00,18.616318,73.765797,PM10,40,95,68
India,Maharashtra,Pimpri-Chinchwad,"Park Street Wakad, Pimpri Chinchwad - MPCB",09-07-2026 20:00,18.59051,73.77946,PM2.5,17,254,44
India,Maharashtra,Mumbai,"Chakala-Andheri East, Mumbai - IITM",09-07-2026 20:00,19.11074,72.86084,OZONE,7,14,11
India,Maharashtra,Mumbai,"Kandivali West, Mumbai - BMC",09-07-2026 20:00,19.215859,72.831718,CO,3,23,8
India,Maharashtra,Nagpur,"Mahal, Nagpur - MPCB",09-07-2026 20:00,21.14472,79.107595,SO2,0,20,8
India,Maharashtra,Nagpur,"Ambazari, Nagpur - MPCB",09-07-2026 20:00,21.121801,79.04952,PM2.5,12,48,27
India,Maharashtra,Nagpur,"Ram Nagar, Nagpur - MPCB",09-07-2026 20:00,21.143383,79.048912,NO2,5,14,7
India,Maharashtra,Nanded,"Sneh Nagar, Nanded - MPCB",09-07-2026 20:00,19.173852,77.296291,NO2,3,12,8
India,Maharashtra,Nanded,"Sneh Nagar, Nanded - MPCB",09-07-2026 20:00,19.173852,77.296291,NH3,3,5,4
India,Rajasthan,Kota,"Shrinath Puram, Kota - RSPCB",09-07-2026 20:00,25.14389,75.821256,NO2,11,22,13
India,Rajasthan,Kota,"Shrinath Puram, Kota - RSPCB",09-07-2026 20:00,25.14389,75.821256,NH3,5,9,7
India,Rajasthan,Kota,"Nayapura, Kota - RSPCB",09-07-2026 20:00,25.196024,75.855668,PM2.5,18,70,45
India,Rajasthan,Kota,"Dhanmandi, Kota - RSPCB",09-07-2026 20:00,25.16409,75.858137,PM2.5,13,73,44
India,Rajasthan,Kota,"Dhanmandi, Kota - RSPCB",09-07-2026 20:00,25.16409,75.858137,NH3,3,5,4
India,Rajasthan,Kota,"Dhanmandi, Kota - RSPCB",09-07-2026 20:00,25.16409,75.858137,OZONE,8,49,32
India,Rajasthan,Nagaur,"Karni Colony, Nagaur - RSPCB",09-07-2026 20:00,27.213494,73.734444,NO2,1,10,5
India,Rajasthan,Nagaur,"Karni Colony, Nagaur - RSPCB",09-07-2026 20:00,27.213494,73.734444,SO2,0,6,3
India,Rajasthan,Pali,"Indira Colony Vistar, Pali - RSPCB",09-07-2026 20:00,25.771061,73.340227,CO,20,23,22
India,Rajasthan,Pratapgarh,"Pragati Nagar, Pratapgarh - RSPCB",09-07-2026 20:00,24.041198,74.780702,NO2,5,12,9
India,Rajasthan,Pratapgarh,"Pragati Nagar, Pratapgarh - RSPCB",09-07-2026 20:00,24.041198,74.780702,SO2,1,5,2
India,Rajasthan,Rajsamand,"Dhoinda, Rajsamand - RSPCB",09-07-2026 20:00,25.03636,73.883502,PM10,54,161,86
India,Rajasthan,Rajsamand,"Dhoinda, Rajsamand - RSPCB",09-07-2026 20:00,25.03636,73.883502,CO,11,18,16
India,Rajasthan,Sawai Madhopur,"Sahu Nagar, Sawai Madhopur - RSPCB",09-07-2026 20:00,26.031443,76.359327,SO2,0,7,4
India,Rajasthan,Sikar,"Radhakishan Pura, Sikar - RSPCB",09-07-2026 20:00,27.608912,75.153302,PM2.5,38,97,66
India,Rajasthan,Sikar,"Radhakishan Pura, Sikar - RSPCB",09-07-2026 20:00,27.608912,75.153302,CO,17,22,18
India,Rajasthan,Sirohi,"Vedhaynath Colony, Sirohi - RSPCB",09-07-2026 20:00,24.885261,72.857549,NO2,4,11,7
India,Rajasthan,Sirohi,"Vedhaynath Colony, Sirohi - RSPCB",09-07-2026 20:00,24.885261,72.857549,OZONE,8,27,17
India,Maharashtra,Solapur,"Ratandeep Housing Society, Solapur - MPCB",09-07-2026 20:00,17.65439,75.90649,NH3,2,5,4
India,Maharashtra,Solapur,"Dnyaneshwar Nagar, Solapur - MPCB",09-07-2026 20:00,17.6336264,75.9132495,PM10,8,54,26
India,Maharashtra,Solapur,"Dnyaneshwar Nagar, Solapur - MPCB",09-07-2026 20:00,17.6336264,75.9132495,NH3,6,13,9
India,Maharashtra,Thane,"Kasarvadavali, Thane - MPCB",09-07-2026 20:00,19.26777,72.97182,NH3,1,2,2
India,Maharashtra,Ulhasnagar,"Sidhi Vinayak Nagar, Ulhasnagar - MPCB",09-07-2026 20:00,19.235581,73.159121,PM10,32,115,57
India,Maharashtra,Ulhasnagar,"Sidhi Vinayak Nagar, Ulhasnagar - MPCB",09-07-2026 20:00,19.235581,73.159121,NO2,16,31,23
India,Maharashtra,Ulhasnagar,"Vithalwadi, Ulhasnagar - MPCB",09-07-2026 20:00,19.2307571,73.155192,OZONE,11,16,14
India,Maharashtra,Virar,"Bolinj, Virar - MPCB",09-07-2026 20:00,19.445821,72.7988231,CO,10,61,31
India,Meghalaya,Shillong,"Lumpyngngad, Shillong - Meghalaya PCB",09-07-2026 20:00,25.5586,91.8985,SO2,10,11,11
India,Meghalaya,Shillong,"Lumpyngngad, Shillong - Meghalaya PCB",09-07-2026 20:00,25.5586,91.8985,OZONE,21,28,24
India,Mizoram,Aizawl,"Sikulpuikawn, Aizawl - Mizoram PCB",09-07-2026 20:00,23.7176342,92.7192841,SO2,14,15,14
India,Mizoram,Aizawl,"Sikulpuikawn, Aizawl - Mizoram PCB",09-07-2026 20:00,23.7176342,92.7192841,CO,3,4,3
India,Mizoram,Aizawl,"Sikulpuikawn, Aizawl - Mizoram PCB",09-07-2026 20:00,23.7176342,92.7192841,OZONE,5,7,6
India,Rajasthan,Hanumangarh,"Housing Board, Hanumangarh - RSPCB",09-07-2026 20:00,29.61075,74.283608,SO2,1,17,8
India,Rajasthan,Jaipur,"Sector-2 Murlipura, Jaipur - RSPCB",09-07-2026 20:00,26.960669,75.771817,SO2,2,6,3
India,Rajasthan,Jaipur,"Sector-2 Murlipura, Jaipur - RSPCB",09-07-2026 20:00,26.960669,75.771817,CO,34,79,54
India,Rajasthan,Jaipur,"Police Commissionerate, Jaipur - RSPCB",09-07-2026 20:00,26.9164092,75.7994901,PM10,19,107,60
India,Rajasthan,Jaipur,"Police Commissionerate, Jaipur - RSPCB",09-07-2026 20:00,26.9164092,75.7994901,CO,38,81,48
India,Rajasthan,Jaipur,"Adarsh Nagar, Jaipur - RSPCB",09-07-2026 20:00,26.902909,75.836858,PM2.5,4,73,48
India,Rajasthan,Jaipur,"Shastri Nagar, Jaipur - RSPCB",09-07-2026 20:00,26.9502929,75.730943,NH3,5,12,8
India,Rajasthan,Jaipur,"Mansarovar Sector-12, Jaipur - RSPCB",09-07-2026 20:00,26.843698,75.766894,PM2.5,15,60,33
India,Rajasthan,Jaipur,"Mansarovar Sector-12, Jaipur - RSPCB",09-07-2026 20:00,26.843698,75.766894,NO2,7,32,17
India,Rajasthan,Jaipur,"RIICO Sitapura, Jaipur - RSPCB",09-07-2026 20:00,26.786682,75.827928,PM2.5,2,107,40
India,Rajasthan,Jaipur,"RIICO Sitapura, Jaipur - RSPCB",09-07-2026 20:00,26.786682,75.827928,PM10,28,123,62
India,Rajasthan,Jaipur,"RIICO Sitapura, Jaipur - RSPCB",09-07-2026 20:00,26.786682,75.827928,OZONE,10,21,15
India,Rajasthan,Jalore,"Mudtra Sili, Jalore - RSPCB",09-07-2026 20:00,25.344694,72.626208,PM2.5,33,72,52
India,Rajasthan,Jhalawar,"Rajlaxmi Nagar, Jhalawar - RSPCB",09-07-2026 20:00,24.588397,76.172782,NO2,16,39,28
India,Odisha,Brajrajnagar,"GM Office, Brajrajnagar - OSPCB",09-07-2026 20:00,21.8004996,83.8396977,CO,14,33,23
India,Odisha,Cuttack,"CDA Area, Cuttack - OSPCB",09-07-2026 20:00,20.48891,85.84768,PM10,68,123,90
India,Odisha,Keonjhar,"Jagamohanpur, Keonjhar - OSPCB",09-07-2026 20:00,21.6439,85.599355,PM2.5,19,39,27
India,Odisha,Keonjhar,"Jagamohanpur, Keonjhar - OSPCB",09-07-2026 20:00,21.6439,85.599355,PM10,35,65,50
India,Odisha,Keonjhar,"Jagamohanpur, Keonjhar - OSPCB",09-07-2026 20:00,21.6439,85.599355,CO,34,36,35
India,Odisha,Rourkela,"Raghunathpali, Rourkela - OSPCB",09-07-2026 20:00,22.220833,84.809444,CO,21,34,26
India,Odisha,Rourkela,"Fertilizer Township, Rourkela - OSPCB",09-07-2026 20:00,22.18972222,84.86277778,PM10,56,60,57
India,Odisha,Rourkela,"Fertilizer Township, Rourkela - OSPCB",09-07-2026 20:00,22.18972222,84.86277778,CO,13,22,16
India,Odisha,Suakati,"OMC Colony, Suakati - OSPCB",09-07-2026 20:00,21.606865,85.510538,PM2.5,30,46,37
India,Odisha,Suakati,"OMC Colony, Suakati - OSPCB",09-07-2026 20:00,21.606865,85.510538,NO2,17,18,18
India,Odisha,Suakati,"OMC Colony, Suakati - OSPCB",09-07-2026 20:00,21.606865,85.510538,CO,6,14,8
India,Odisha,Talcher,"Talcher Coalfields,Talcher - OSPCB",09-07-2026 20:00,20.9360711,85.1707021,PM10,20,107,57
India,Odisha,Tensa,"Barsua Iron Ore Mines, Tensa - OSPCB",09-07-2026 20:00,21.869985,85.167016,PM10,22,33,28
India,Odisha,Tensa,"Barsua Iron Ore Mines, Tensa - OSPCB",09-07-2026 20:00,21.869985,85.167016,OZONE,14,37,18
India,Puducherry,Puducherry,"Jawahar Nagar, Puducherry - PPCC",09-07-2026 20:00,11.9309,79.8027,PM2.5,8,78,21
India,Punjab,Amritsar,"Golden Temple, Amritsar - PPCB",09-07-2026 20:00,31.62,74.876512,NO2,14,19,16
India,Punjab,Amritsar,"Golden Temple, Amritsar - PPCB",09-07-2026 20:00,31.62,74.876512,CO,24,29,26
India,Punjab,Amritsar,"Golden Temple, Amritsar - PPCB",09-07-2026 20:00,31.62,74.876512,OZONE,24,24,24
India,Punjab,Bathinda,"Hardev Nagar, Bathinda - PPCB",09-07-2026 20:00,30.233011,74.907758,PM2.5,2,15,7
India,Punjab,Bathinda,"Hardev Nagar, Bathinda - PPCB",09-07-2026 20:00,30.233011,74.907758,NO2,7,15,10
India,Punjab,Bathinda,"Hardev Nagar, Bathinda - PPCB",09-07-2026 20:00,30.233011,74.907758,CO,50,79,65
India,Punjab,Khanna,"Kalal Majra, Khanna - PPCB",09-07-2026 20:00,30.736056,76.209694,NH3,7,7,7
India,Punjab,Khanna,"Kalal Majra, Khanna - PPCB",09-07-2026 20:00,30.736056,76.209694,CO,51,54,53
India,Punjab,Mandi Gobindgarh,"RIMT University, Mandi Gobindgarh - PPCB",09-07-2026 20:00,30.649961,76.331442,NO2,24,25,25
India,Punjab,Mandi Gobindgarh,"RIMT University, Mandi Gobindgarh - PPCB",09-07-2026 20:00,30.649961,76.331442,SO2,1,67,20
India,Punjab,Patiala,"Model Town, Patiala - PPCB",09-07-2026 20:00,30.349388,76.366642,PM2.5,0,85,31
India,Punjab,Patiala,"Model Town, Patiala - PPCB",09-07-2026 20:00,30.349388,76.366642,PM10,17,78,45
India,Punjab,Patiala,"Model Town, Patiala - PPCB",09-07-2026 20:00,30.349388,76.366642,NO2,16,19,17
India,Punjab,Patiala,"Model Town, Patiala - PPCB",09-07-2026 20:00,30.349388,76.366642,NH3,6,7,6
India,Rajasthan,Jhunjhunu,"Indra Nagar, Jhunjhunu - RSPCB",09-07-2026 20:00,28.108988,75.386577,OZONE,69,146,96
India,Rajasthan,Jodhpur,"Mandor, Jodhpur - RSPCB",09-07-2026 20:00,26.358805,73.047444,NH3,4,8,6
India,Rajasthan,Jodhpur,"Collectorate, Jodhpur - RSPCB",09-07-2026 20:00,26.268249,73.0193853,NO2,16,23,19
India,Rajasthan,Jodhpur,"Collectorate, Jodhpur - RSPCB",09-07-2026 20:00,26.268249,73.0193853,NH3,2,7,5
India,Rajasthan,Jodhpur,"Digari Kalan, Jodhpur - RSPCB",09-07-2026 20:00,26.29581,73.082283,SO2,2,3,2
India,Rajasthan,Jodhpur,"Digari Kalan, Jodhpur - RSPCB",09-07-2026 20:00,26.29581,73.082283,OZONE,30,108,55
India,Rajasthan,Jodhpur,"Jhalamand, Jodhpur - RSPCB",09-07-2026 20:00,26.215415,73.070156,SO2,0,3,2
India,Rajasthan,Jodhpur,"Jhalamand, Jodhpur - RSPCB",09-07-2026 20:00,26.215415,73.070156,CO,10,14,12
India,Rajasthan,Jodhpur,"Samrat Ashok Udhyan, Jodhpur - RSPCB",09-07-2026 20:00,26.253384,72.976571,PM10,69,108,90
India,Rajasthan,Jodhpur,"Samrat Ashok Udhyan, Jodhpur - RSPCB",09-07-2026 20:00,26.253384,72.976571,NH3,3,9,5
India,Rajasthan,Jodhpur,"Samrat Ashok Udhyan, Jodhpur - RSPCB",09-07-2026 20:00,26.253384,72.976571,SO2,1,6,3
India,Rajasthan,Karauli,"Satyawati Vihar, Karauli - RSPCB",09-07-2026 20:00,26.506177,77.025989,PM10,11,75,29
India,Rajasthan,Khairthal,"New Anaj Mandi, Khairthal - RSPCB",09-07-2026 20:00,27.8015617,76.6365217,NO2,3,13,6
India,Punjab,Rupnagar,"Ratanpura, Rupnagar - Ambuja Cements",09-07-2026 20:00,31.0325454,76.5623046,NO2,10,45,26
India,Punjab,Rupnagar,"Ratanpura, Rupnagar - Ambuja Cements",09-07-2026 20:00,31.0325454,76.5623046,SO2,10,15,12
India,Rajasthan,Ajmer,"Civil Lines,  Ajmer - RSPCB",09-07-2026 20:00,26.470859,74.646594,PM2.5,23,106,62
India,Rajasthan,Banswara,"Rati Talai, Banswara - RSPCB",09-07-2026 20:00,23.55519,74.44001,PM10,20,261,128
India,Rajasthan,Banswara,"Rati Talai, Banswara - RSPCB",09-07-2026 20:00,23.55519,74.44001,OZONE,11,47,26
India,Rajasthan,Barmer,"Railway Colony, Barmer - RSPCB",09-07-2026 20:00,25.747299,71.393989,PM10,88,233,133
India,Rajasthan,Barmer,"Railway Colony, Barmer - RSPCB",09-07-2026 20:00,25.747299,71.393989,SO2,1,4,3
India,Rajasthan,Bharatpur,"Krishna Nagar, Bharatpur - RSPCB",09-07-2026 20:00,27.215415,77.50873,PM10,7,50,19
India,Rajasthan,Bhilwara,"Pratap Nagar, Bhilwara - RSPCB",09-07-2026 20:00,25.339605,74.618883,PM10,27,147,97
India,Rajasthan,Bhilwara,"Pratap Nagar, Bhilwara - RSPCB",09-07-2026 20:00,25.339605,74.618883,CO,4,82,41
India,Rajasthan,Bhiwadi,"Vasundhara Nagar_UIT, Bhiwadi - RSPCB",09-07-2026 20:00,28.207266,76.829265,PM2.5,2,69,24
India,Rajasthan,Bhiwadi,"Vasundhara Nagar_UIT, Bhiwadi - RSPCB",09-07-2026 20:00,28.207266,76.829265,PM10,9,142,46
India,Rajasthan,Bhiwadi,"RIICO Ind. Area III, Bhiwadi - RSPCB",09-07-2026 20:00,28.194909,76.862296,PM10,36,135,76
India,Rajasthan,Bhiwadi,"RIICO Ind. Area III, Bhiwadi - RSPCB",09-07-2026 20:00,28.194909,76.862296,OZONE,11,31,20
India,Rajasthan,Bikaner,"MM Ground, Bikaner - RSPCB",09-07-2026 20:00,28.018792,73.292658,NO2,5,47,16
India,Rajasthan,Bikaner,"MM Ground, Bikaner - RSPCB",09-07-2026 20:00,28.018792,73.292658,SO2,1,7,3
India,Rajasthan,Bikaner,"MM Ground, Bikaner - RSPCB",09-07-2026 20:00,28.018792,73.292658,CO,20,31,23
India,Rajasthan,Churu,"Subash Chowk, Churu - RSPCB",09-07-2026 20:00,28.296139,74.961696,CO,16,23,19
India,Rajasthan,Dholpur,"Raja Ganj, Dholpur - RSPCB",09-07-2026 20:00,26.699557,77.898881,PM2.5,3,500,186
India,Rajasthan,Dholpur,"Raja Ganj, Dholpur - RSPCB",09-07-2026 20:00,26.699557,77.898881,PM10,11,447,118
India,Rajasthan,Dholpur,"Raja Ganj, Dholpur - RSPCB",09-07-2026 20:00,26.699557,77.898881,CO,32,42,37
India,Rajasthan,Dungarpur,"Bhoiwada, Dungarpur - RSPCB",09-07-2026 20:00,23.837789,73.714926,PM2.5,45,67,57
India,Rajasthan,Dungarpur,"Bhoiwada, Dungarpur - RSPCB",09-07-2026 20:00,23.837789,73.714926,SO2,5,6,5
India,Nagaland,Kohima,"PWD Junction, Kohima - NPCB",09-07-2026 20:00,25.6635413,94.0989878,NO2,3,5,4
India,Nagaland,Kohima,"PWD Junction, Kohima - NPCB",09-07-2026 20:00,25.6635413,94.0989878,NH3,0,1,1
India,Odisha,Angul,"Hakimapada, Angul - OSPCB",09-07-2026 20:00,20.832874,85.104082,CO,47,61,52
India,Odisha,Balasore,"Kalidaspur, Balasore - OSPCB",09-07-2026 20:00,21.51161,86.89088,NO2,5,31,11
India,Odisha,Barbil,"Forest Office, Barbil - OSPCB",09-07-2026 20:00,22.1166054,85.3945546,OZONE,12,24,21
India,Odisha,Bhubaneswar,"Lingraj Mandir, Bhubaneswar - OSPCB",09-07-2026 20:00,20.24079,85.836784,PM2.5,3,57,17
India,Odisha,Bhubaneswar,"Patia, Bhubaneswar - OSPCB",09-07-2026 20:00,20.34652,85.8163,PM2.5,32,52,38
India,Odisha,Bileipada,"Tata Township, Bileipada - OSPCB",09-07-2026 20:00,22.06156703,85.47409613,PM10,35,258,93
India,Uttar Pradesh,Baghpat,"Sardar Patel Inter College, Baghpat - UPPCB",09-07-2026 20:00,28.964949,77.278761,SO2,7,15,10
India,Uttar Pradesh,Bareilly,"Civil Lines, Bareilly - UPPCB",09-07-2026 20:00,28.359581,79.414455,CO,25,34,28
India,Uttar Pradesh,Bulandshahr,"Yamunapuram, Bulandshahr - UPPCB",09-07-2026 20:00,28.406963,77.849831,NO2,4,16,9
India,Uttar Pradesh,Bulandshahr,"Yamunapuram, Bulandshahr - UPPCB",09-07-2026 20:00,28.406963,77.849831,SO2,2,14,7
India,Uttar Pradesh,Ghaziabad,"Indirapuram, Ghaziabad - UPPCB",09-07-2026 20:00,28.646233,77.358075,PM2.5,2,55,20
India,Uttar Pradesh,Ghaziabad,"Indirapuram, Ghaziabad - UPPCB",09-07-2026 20:00,28.646233,77.358075,SO2,17,20,18
India,Uttar Pradesh,Ghaziabad,"Govindpuram, Ghaziabad - UPPCB",09-07-2026 20:00,28.694528,77.494705,PM10,9,15,12
India,Uttar Pradesh,Ghaziabad,"Sanjay Nagar, Ghaziabad - UPPCB",09-07-2026 20:00,28.685382,77.453839,SO2,4,8,5
India,Uttar Pradesh,Gorakhpur,"Madan Mohan Malaviya University of Technology, Gorakhpur - UPPCB",09-07-2026 20:00,26.730136,83.433859,SO2,41,42,41
India,Uttar Pradesh,Gorakhpur,"Madan Mohan Malaviya University of Technology, Gorakhpur - UPPCB",09-07-2026 20:00,26.730136,83.433859,OZONE,15,19,17
India,Uttar Pradesh,Greater Noida,"Knowledge Park - V, Greater Noida - UPPCB",09-07-2026 20:00,28.557054,77.453663,PM2.5,2,49,17
India,Uttar Pradesh,Greater Noida,"Knowledge Park - V, Greater Noida - UPPCB",09-07-2026 20:00,28.557054,77.453663,PM10,21,77,36
India,Uttar Pradesh,Greater Noida,"Knowledge Park - V, Greater Noida - UPPCB",09-07-2026 20:00,28.557054,77.453663,NO2,15,51,29
India,Uttar Pradesh,Lucknow,"B R Ambedkar University, Lucknow - UPPCB",09-07-2026 20:00,26.766433,80.927299,OZONE,36,79,55
India,Uttar Pradesh,Lucknow,"Gomti Nagar, Lucknow - UPPCB",09-07-2026 20:00,26.86812,81.005119,NO2,9,10,9
India,Uttar Pradesh,Lucknow,"Talkatora District Industries Center, Lucknow - CPCB",09-07-2026 20:00,26.83399722,80.8917361,PM2.5,24,57,36
India,Uttar Pradesh,Lucknow,"Talkatora District Industries Center, Lucknow - CPCB",09-07-2026 20:00,26.83399722,80.8917361,PM10,27,58,41
India,Uttar Pradesh,Lucknow,"Lalbagh, Lucknow - CPCB",09-07-2026 20:00,26.8458805,80.9365541,NH3,7,16,11
India,Uttar Pradesh,Lucknow,"Lalbagh, Lucknow - CPCB",09-07-2026 20:00,26.8458805,80.9365541,SO2,3,8,6
India,Uttar Pradesh,Meerut,"Jai Bhim Nagar, Meerut - UPPCB",09-07-2026 20:00,28.9535882,77.7622941,PM10,11,28,20
India,Uttar Pradesh,Meerut,"Jai Bhim Nagar, Meerut - UPPCB",09-07-2026 20:00,28.9535882,77.7622941,NO2,6,15,10
India,Uttar Pradesh,Meerut,"Ganga Nagar, Meerut - UPPCB",09-07-2026 20:00,28.999264,77.7590354,CO,33,39,36
India,Uttar Pradesh,Meerut,"MIET College, Meerut - UPPCB",09-07-2026 20:00,28.972677,77.641018,CO,38,62,45
India,Uttar Pradesh,Moradabad,"Transport Nagar, Moradabad - UPPCB",09-07-2026 20:00,28.802625,78.753728,PM2.5,10,44,23
India,Uttar Pradesh,Moradabad,"Transport Nagar, Moradabad - UPPCB",09-07-2026 20:00,28.802625,78.753728,PM10,15,48,30
India,Uttar Pradesh,Moradabad,"Transport Nagar, Moradabad - UPPCB",09-07-2026 20:00,28.802625,78.753728,CO,44,45,45
India,Uttar Pradesh,Moradabad,"Eco Herbal Park, Moradabad - UPPCB",09-07-2026 20:00,28.840739,78.697531,PM2.5,13,74,38
India,Uttar Pradesh,Moradabad,"Employment Office, Moradabad - UPPCB",09-07-2026 20:00,28.88528,78.7388,NH3,3,3,3
India,Uttar Pradesh,Moradabad,"Employment Office, Moradabad - UPPCB",09-07-2026 20:00,28.88528,78.7388,OZONE,15,27,20
India,Telangana,Hyderabad,"Kokapet, Hyderabad - TSPCB",09-07-2026 20:00,17.393559,78.339194,CO,28,37,31
India,Telangana,Hyderabad,"Sanathnagar, Hyderabad - TSPCB",09-07-2026 20:00,17.4559458,78.4332152,PM2.5,5,50,25
India,Uttar Pradesh,Agra,"Manoharpur, Agra - UPPCB",09-07-2026 20:00,27.23711,78.01936,CO,20,21,21
India,Uttar Pradesh,Agra,"Shahjahan Garden, Agra - UPPCB",09-07-2026 20:00,27.169338,78.03582,NH3,1,1,1
India,Uttar Pradesh,Agra,"Shahjahan Garden, Agra - UPPCB",09-07-2026 20:00,27.169338,78.03582,CO,20,20,20
India,Uttar Pradesh,Agra,"Rohta, Agra - UPPCB",09-07-2026 20:00,27.106972,78.000111,PM10,16,70,33
India,Uttar Pradesh,Agra,"Sanjay Palace, Agra - UPPCB",09-07-2026 20:00,27.19865833,78.00598056,SO2,2,21,13
India,Uttar Pradesh,Agra,"Sector-3B Avas Vikas Colony, Agra - UPPCB",09-07-2026 20:00,27.19412,77.96237,CO,8,11,9
India,Uttar Pradesh,Greater Noida,"Knowledge Park - III, Greater Noida - UPPCB",09-07-2026 20:00,28.47272,77.482,NO2,10,36,25
India,Uttar Pradesh,Hapur,"Anand Vihar, Hapur - UPPCB",09-07-2026 20:00,28.725645,77.749675,NH3,0,1,1
India,Uttar Pradesh,Kanpur,"Nehru Nagar, Kanpur - UPPCB",09-07-2026 20:00,26.4703136,80.3229863,SO2,11,12,12
India,Uttar Pradesh,Kanpur,"Nehru Nagar, Kanpur - UPPCB",09-07-2026 20:00,26.4703136,80.3229863,CO,51,54,53
India,Uttar Pradesh,Kanpur,"NSI Kalyanpur, Kanpur - UPPCB",09-07-2026 20:00,26.509954,80.249612,NO2,31,31,31
India,Uttar Pradesh,Kanpur,"NSI Kalyanpur, Kanpur - UPPCB",09-07-2026 20:00,26.509954,80.249612,NH3,2,2,2
India,Uttar Pradesh,Kanpur,"NSI Kalyanpur, Kanpur - UPPCB",09-07-2026 20:00,26.509954,80.249612,CO,21,30,27
India,Uttar Pradesh,Kanpur,"FTI Kidwai Nagar, Kanpur - UPPCB",09-07-2026 20:00,26.428282,80.327067,NH3,3,3,3
India,Uttar Pradesh,Khurja,"Kalindi Kunj, Khurja - UPPCB",09-07-2026 20:00,28.2348927,77.8683002,SO2,9,10,10
India,Uttar Pradesh,Khurja,"Kalindi Kunj, Khurja - UPPCB",09-07-2026 20:00,28.2348927,77.8683002,CO,7,62,38
India,Uttar Pradesh,Lucknow,"Kendriya Vidyalaya, Lucknow - CPCB",09-07-2026 20:00,26.906111,80.948222,CO,13,39,26
India,Uttar Pradesh,Lucknow,"Kukrail Picnic Spot-1, Lucknow - UPPCB",09-07-2026 20:00,26.90723,80.98579,CO,14,17,15
India,Uttar Pradesh,Lucknow,"B R Ambedkar University, Lucknow - UPPCB",09-07-2026 20:00,26.766433,80.927299,SO2,33,60,48
India,Uttar Pradesh,Raebareli," Indira Nagar, Raebareli - NTPC Unchahar",09-07-2026 20:00,26.207781,81.245571,CO,44,44,44
India,Uttar Pradesh,Varanasi,"IESD Banaras Hindu University, Varanasi - UPPCB",09-07-2026 20:00,25.262326,82.995408,NO2,2,2,2
India,Uttar Pradesh,Varanasi,"IESD Banaras Hindu University, Varanasi - UPPCB",09-07-2026 20:00,25.262326,82.995408,NH3,6,11,9
India,Uttar Pradesh,Varanasi,"IESD Banaras Hindu University, Varanasi - UPPCB",09-07-2026 20:00,25.262326,82.995408,CO,3,3,3
India,Uttar Pradesh,Varanasi,"Ardhali Bazar, Varanasi - UPPCB",09-07-2026 20:00,25.3505986,82.9083074,SO2,10,15,12
India,Uttar Pradesh,Varanasi,"Ardhali Bazar, Varanasi - UPPCB",09-07-2026 20:00,25.3505986,82.9083074,OZONE,19,41,27
India,Uttarakhand,Dehradun,"Doon University, Dehradun - UKPCB",09-07-2026 20:00,30.269444,78.044167,PM10,6,69,17
India,Uttarakhand,Rishikesh,"Shivaji Nagar, Rishikesh - UKPCB",09-07-2026 20:00,30.075911,78.2859547,PM10,1,27,14
India,West Bengal,Asansol,"Mahabir Colliery, Asansol - WBPCB",09-07-2026 20:00,23.618183,87.105718,SO2,7,8,8
India,West Bengal,Asansol,"Mahabir Colliery, Asansol - WBPCB",09-07-2026 20:00,23.618183,87.105718,OZONE,12,17,16
India,Telangana,Hyderabad,"Somajiguda, Hyderabad - TSPCB",09-07-2026 20:00,17.417094,78.457437,CO,32,105,52
India,Telangana,Hyderabad,"Central University, Hyderabad - TSPCB",09-07-2026 20:00,17.460103,78.334361,PM2.5,2,25,14
India,Telangana,Hyderabad,"Central University, Hyderabad - TSPCB",09-07-2026 20:00,17.460103,78.334361,NO2,3,18,13
India,Telangana,Hyderabad,"Central University, Hyderabad - TSPCB",09-07-2026 20:00,17.460103,78.334361,SO2,1,6,5
India,Telangana,Hyderabad,"New Malakpet, Hyderabad - TSPCB",09-07-2026 20:00,17.37206,78.50864,SO2,9,13,10
India,Telangana,Hyderabad,"New Malakpet, Hyderabad - TSPCB",09-07-2026 20:00,17.37206,78.50864,OZONE,24,30,27
India,Telangana,Hyderabad,"Nacharam_TSIIC IALA, Hyderabad - TSPCB",09-07-2026 20:00,17.429398,78.569354,CO,21,22,21
India,Telangana,Hyderabad,"ECIL Kapra, Hyderabad - TSPCB",09-07-2026 20:00,17.470431,78.566959,PM10,48,62,53
India,Telangana,Hyderabad,"ECIL Kapra, Hyderabad - TSPCB",09-07-2026 20:00,17.470431,78.566959,SO2,3,12,6
India,Telangana,Hyderabad,"ECIL Kapra, Hyderabad - TSPCB",09-07-2026 20:00,17.470431,78.566959,OZONE,19,44,35
India,Telangana,Hyderabad,"Kompally Municipal Office, Hyderabad - TSPCB",09-07-2026 20:00,17.544899,78.486949,NO2,14,19,16
India,Telangana,Hyderabad,"Kokapet, Hyderabad - TSPCB",09-07-2026 20:00,17.393559,78.339194,PM2.5,38,49,43
India,Tamil Nadu,Chennai,"Perungudi, Chennai - TNPCB",09-07-2026 20:00,12.9533,80.2357,CO,18,39,23
India,Tamil Nadu,Coimbatore,"SIDCO Kurichi, Coimbatore - TNPCB",09-07-2026 20:00,10.942451,76.978996,NH3,1,1,1
India,Tamil Nadu,Coimbatore,"SIDCO Kurichi, Coimbatore - TNPCB",09-07-2026 20:00,10.942451,76.978996,OZONE,19,20,20
India,Tamil Nadu,Gummidipoondi,"Anthoni Pillai Nagar, Gummidipoondi - TNPCB",09-07-2026 20:00,13.4127,80.1081,PM2.5,19,370,124
India,Telangana,Hyderabad,"Ramachandrapuram, Hyderabad - TSPCB",09-07-2026 20:00,17.528544,78.286195,PM10,50,64,57
India,Telangana,Hyderabad,"Ramachandrapuram, Hyderabad - TSPCB",09-07-2026 20:00,17.528544,78.286195,SO2,7,21,14
India,Telangana,Hyderabad,"Ramachandrapuram, Hyderabad - TSPCB",09-07-2026 20:00,17.528544,78.286195,OZONE,26,26,26
India,Telangana,Hyderabad,"IDA Pashamylaram, Hyderabad - TSPCB",09-07-2026 20:00,17.5316895,78.218939,OZONE,19,24,22
India,Telangana,Hyderabad,"ICRISAT Patancheru, Hyderabad - TSPCB",09-07-2026 20:00,17.5184,78.278777,SO2,2,9,5
India,Uttar Pradesh,Moradabad,"Kashiram Nagar, Moradabad - UPPCB",09-07-2026 20:00,28.849399,78.742362,NO2,24,24,24
India,Uttar Pradesh,Moradabad,"Jigar Colony, Moradabad - UPPCB",09-07-2026 20:00,28.856664,78.772638,PM10,22,39,30
India,Uttar Pradesh,Moradabad,"Jigar Colony, Moradabad - UPPCB",09-07-2026 20:00,28.856664,78.772638,NO2,24,25,25
India,Uttar Pradesh,Moradabad,"Jigar Colony, Moradabad - UPPCB",09-07-2026 20:00,28.856664,78.772638,SO2,32,85,46
India,Uttar Pradesh,Noida,"Sector - 125, Noida - UPPCB",09-07-2026 20:00,28.5447608,77.3231257,PM10,1,59,20
India,Uttar Pradesh,Prayagraj,"Nagar Nigam, Prayagraj - UPPCB",09-07-2026 20:00,25.44919916,81.82735986,CO,14,22,18
India,Uttar Pradesh,Prayagraj,"Nagar Nigam, Prayagraj - UPPCB",09-07-2026 20:00,25.44919916,81.82735986,OZONE,17,31,23
India,Uttar Pradesh,Prayagraj,"Jhunsi, Prayagraj - UPPCB",09-07-2026 20:00,25.425602,81.917152,PM2.5,12,39,22
India,Uttar Pradesh,Prayagraj,"Jhunsi, Prayagraj - UPPCB",09-07-2026 20:00,25.425602,81.917152,NH3,4,6,6
India,Uttar Pradesh,Prayagraj,"Motilal Nehru NIT, Prayagraj - UPPCB",09-07-2026 20:00,25.494,81.863,NH3,8,9,8
India,Uttar Pradesh,Raebareli,"Anand Nagar, Raebareli - UPPCB",09-07-2026 20:00,26.219512,81.237648,NH3,10,12,11
India,Rajasthan,Tonk,"Shastri Nagar, Tonk - RSPCB",09-07-2026 20:00,26.159933,75.780517,NO2,1,4,2
India,Tamil Nadu,Chennai,"Kodungaiyur, Chennai - TNPCB",09-07-2026 20:00,13.1278,80.2642,NO2,10,17,13
India,Tamil Nadu,Chennai,"Manali Village, Chennai - TNPCB",09-07-2026 20:00,13.1662,80.2584,NH3,1,10,3
India,Tamil Nadu,Chennai,"Manali Village, Chennai - TNPCB",09-07-2026 20:00,13.1662,80.2584,CO,37,39,38
India,Tamil Nadu,Chennai,"Manali, Chennai - CPCB",09-07-2026 20:00,13.164544,80.26285,CO,11,54,28
India,Tamil Nadu,Chennai,"Manali, Chennai - CPCB",09-07-2026 20:00,13.164544,80.26285,OZONE,8,10,10
India,Tamil Nadu,Chennai,"Perungudi, Chennai - TNPCB",09-07-2026 20:00,12.9533,80.2357,NO2,3,14,5
India,West Bengal,Asansol,"Evelyn Lodge, Asansol - WBPCB",09-07-2026 20:00,23.697936,86.944395,CO,4,13,7
India,West Bengal,Asansol,"Trivenidevi Bhalotia College, Asansol - WBPCB",09-07-2026 20:00,23.616515,87.119133,CO,31,40,34
India,West Bengal,Barrackpore,"SVSPA Campus, Barrackpore - WBPCB",09-07-2026 20:00,22.7605581,88.3617589,NO2,8,17,14
India,West Bengal,Durgapur,"PCBL Residential Complex, Durgapur - WBPCB",09-07-2026 20:00,23.508764,87.35444,PM2.5,20,28,24
India,West Bengal,Durgapur,"PCBL Residential Complex, Durgapur - WBPCB",09-07-2026 20:00,23.508764,87.35444,PM10,22,43,30
India,West Bengal,Durgapur,"PCBL Residential Complex, Durgapur - WBPCB",09-07-2026 20:00,23.508764,87.35444,NO2,58,67,63
India,West Bengal,Durgapur,"Womens College_City Center, Durgapur - WBPCB",09-07-2026 20:00,23.549395,87.300496,PM10,41,86,63
India,West Bengal,Durgapur,"Womens College_City Center, Durgapur - WBPCB",09-07-2026 20:00,23.549395,87.300496,SO2,12,12,12
India,West Bengal,Haldia,"Priyambada Housing Estate, Haldia - WBPCB",09-07-2026 20:00,22.06047,88.109737,PM10,26,73,50
India,West Bengal,Haldia,"Priyambada Housing Estate, Haldia - WBPCB",09-07-2026 20:00,22.06047,88.109737,OZONE,20,23,21
India,West Bengal,Howrah,"Padmapukur, Howrah - WBPCB",09-07-2026 20:00,22.5687319,88.2797276,PM10,34,83,55
India,West Bengal,Howrah,"Padmapukur, Howrah - WBPCB",09-07-2026 20:00,22.5687319,88.2797276,OZONE,11,11,11
India,West Bengal,Howrah,"Dasnagar, Howrah - WBPCB",09-07-2026 20:00,22.6025571,88.3105664,PM10,13,125,50
India,West Bengal,Howrah,"Dasnagar, Howrah - WBPCB",09-07-2026 20:00,22.6025571,88.3105664,OZONE,32,49,43
India,West Bengal,Howrah,"Belur Math, Howrah - WBPCB",09-07-2026 20:00,22.629801,88.352017,SO2,6,8,7
India,West Bengal,Kolkata,"Victoria, Kolkata - WBPCB",09-07-2026 20:00,22.5448082,88.3403691,OZONE,49,65,56
India,West Bengal,Kolkata,"Fort William, Kolkata - WBPCB",09-07-2026 20:00,22.55664,88.342674,CO,12,19,15
India,West Bengal,Kolkata,"Rabindra Sarobar, Kolkata - WBPCB",09-07-2026 20:00,22.51106,88.35142,PM2.5,16,36,27
India,West Bengal,Kolkata,"Rabindra Sarobar, Kolkata - WBPCB",09-07-2026 20:00,22.51106,88.35142,PM10,23,54,39
India,West Bengal,Kolkata,"Rabindra Sarobar, Kolkata - WBPCB",09-07-2026 20:00,22.51106,88.35142,NO2,16,31,23
India,West Bengal,Kolkata,"Rabindra Sarobar, Kolkata - WBPCB",09-07-2026 20:00,22.51106,88.35142,NH3,5,8,7
India,West Bengal,Kolkata,"Ballygunge, Kolkata - WBPCB",09-07-2026 20:00,22.5367507,88.3638022,NH3,6,8,7
India,West Bengal,Kolkata,"Jadavpur, Kolkata - WBPCB",09-07-2026 20:00,22.49929,88.36917,OZONE,7,11,10
India,West Bengal,Kolkata,"Rabindra Bharati University, Kolkata - WBPCB",09-07-2026 20:00,22.627847,88.380669,PM10,36,68,47
India,West Bengal,Kolkata,"Bidhannagar, Kolkata - WBPCB",09-07-2026 20:00,22.58157048,88.41002457,PM10,25,431,60
India,West Bengal,Siliguri,"Ward-32 Bapupara, Siliguri - WBPCB",09-07-2026 20:00,26.6879226,88.4152495,NO2,111,193,167
India,West Bengal,Siliguri,"Ward-32 Bapupara, Siliguri - WBPCB",09-07-2026 20:00,26.6879226,88.4152495,OZONE,21,29,24
India,Assam,Nagaon,"Christianpatty, Nagaon - PCBA",09-07-2026 20:00,26.349082,92.68449,CO,12,24,18
India,Assam,Nalbari,"Bata Chowk, Nalbari - PCBA",09-07-2026 20:00,26.446912,91.439057,SO2,8,8,8
India,Assam,Silchar,"Tarapur, Silchar - PCBA",09-07-2026 20:00,24.82827,92.79525,NH3,1,1,1
India,Assam,Silchar,"Tarapur, Silchar - PCBA",09-07-2026 20:00,24.82827,92.79525,CO,31,36,34
India,Assam,Silchar,"Tarapur, Silchar - PCBA",09-07-2026 20:00,24.82827,92.79525,OZONE,2,2,2
India,Assam,Sivasagar,"Girls College, Sivasagar - PCBA",09-07-2026 20:00,26.987634,94.636574,SO2,6,9,8
India,Bihar,Araria,"Kharahiya Basti, Araria - BSPCB",09-07-2026 20:00,26.146529,87.454184,NO2,11,17,14
India,Bihar,Arrah,"New DM Office, Arrah - BSPCB",09-07-2026 20:00,25.5626095,84.663264,CO,54,59,57
India,Bihar,Arrah,"New DM Office, Arrah - BSPCB",09-07-2026 20:00,25.5626095,84.663264,OZONE,7,8,8
India,Bihar,Aurangabad,"Gurdeo Nagar, Aurangabad - BSPCB",09-07-2026 20:00,24.75746,84.366208,NO2,7,8,8
India,Bihar,Aurangabad,"Gurdeo Nagar, Aurangabad - BSPCB",09-07-2026 20:00,24.75746,84.366208,NH3,1,2,1
India,Bihar,Aurangabad,"Gurdeo Nagar, Aurangabad - BSPCB",09-07-2026 20:00,24.75746,84.366208,SO2,7,19,12
India,Bihar,Aurangabad,"Gurdeo Nagar, Aurangabad - BSPCB",09-07-2026 20:00,24.75746,84.366208,OZONE,6,7,6
India,Bihar,Begusarai,"Lohiyanagar, Begusarai - BSPCB",09-07-2026 20:00,25.42742023,86.13886079,SO2,17,21,19
India,Bihar,Begusarai,"Lohiyanagar, Begusarai - BSPCB",09-07-2026 20:00,25.42742023,86.13886079,CO,17,18,17
India,Bihar,Gaya,"SFTI Kusdihra, Gaya - BSPCB",09-07-2026 20:00,24.762518,84.982348,SO2,8,9,9
India,Bihar,Hajipur,"Industrial Area, Hajipur - BSPCB",09-07-2026 20:00,25.697189,85.2459,NH3,11,17,15
India,Bihar,Hajipur,"Industrial Area, Hajipur - BSPCB",09-07-2026 20:00,25.697189,85.2459,SO2,5,12,8
India,Bihar,Katihar,"Mirchaibari, Katihar - BSPCB",09-07-2026 20:00,25.560083,87.553265,SO2,19,24,21
India,Bihar,Kishanganj,"SDM Office_Khagra, Kishanganj - BSPCB",09-07-2026 20:00,26.0881305,87.93840336,PM2.5,42,93,60
India,Bihar,Manguraha,"Forest Rest House, Manguraha - BSPCB",09-07-2026 20:00,27.308328,84.531742,CO,16,35,31
India,Bihar,Motihari,"Gandak Colony, Motihari - BSPCB",09-07-2026 20:00,26.63086,84.90051,OZONE,56,59,57
India,Bihar,Munger,"Town Hall, Munger - BSPCB",09-07-2026 20:00,25.376776,86.471523,PM2.5,8,140,54
India,Bihar,Muzaffarpur,"MIT-Daudpur Kothi, Muzaffarpur - BSPCB",09-07-2026 20:00,26.1403345,85.3650192,SO2,13,25,17
India,Bihar,Bettiah,"Kamalnath Nagar, Bettiah - BSPCB",09-07-2026 20:00,26.80365,84.51954,OZONE,21,24,23
India,Bihar,Bhagalpur,"DM Office_Kachari Chowk, Bhagalpur - BSPCB",09-07-2026 20:00,25.251013,86.989001,NO2,10,14,12
India,Bihar,Bhagalpur,"DM Office_Kachari Chowk, Bhagalpur - BSPCB",09-07-2026 20:00,25.251013,86.989001,CO,28,57,39
India,Bihar,Bhagalpur,"Mayaganj, Bhagalpur - BSPCB",09-07-2026 20:00,25.265194,87.012947,NO2,5,9,7
India,Bihar,Bhagalpur,"Mayaganj, Bhagalpur - BSPCB",09-07-2026 20:00,25.265194,87.012947,OZONE,9,31,20
India,Bihar,Bihar Sharif,"D M Colony, Bihar Sharif - BSPCB",09-07-2026 20:00,25.204762,85.51496,NO2,9,10,9
India,Bihar,Bihar Sharif,"D M Colony, Bihar Sharif - BSPCB",09-07-2026 20:00,25.204762,85.51496,NH3,3,4,3
India,Bihar,Buxar,"Charitra Van, Buxar - BSPCB",09-07-2026 20:00,25.56752,83.966379,PM10,17,95,40
India,Bihar,Chhapra,"Darshan Nagar, Chhapra - BSPCB",09-07-2026 20:00,25.7808257,84.7446768,OZONE,1,7,5
India,Bihar,Gaya,"Collectorate, Gaya - BSPCB",09-07-2026 20:00,24.7955,84.9994,NO2,8,10,9
India,Bihar,Gaya,"Collectorate, Gaya - BSPCB",09-07-2026 20:00,24.7955,84.9994,OZONE,28,29,29
India,Bihar,Muzaffarpur,"MIT-Daudpur Kothi, Muzaffarpur - BSPCB",09-07-2026 20:00,26.1403345,85.3650192,CO,74,131,105
India,Bihar,Muzaffarpur,"Muzaffarpur Collectorate, Muzaffarpur - BSPCB",09-07-2026 20:00,26.1209,85.3647,NO2,17,24,19
India,Bihar,Muzaffarpur,"Buddha Colony, Muzaffarpur - BSPCB",09-07-2026 20:00,26.11442,85.39813,NO2,15,30,21
India,Bihar,Muzaffarpur,"Buddha Colony, Muzaffarpur - BSPCB",09-07-2026 20:00,26.11442,85.39813,NH3,5,8,7
India,Bihar,Patna,"Govt. High School Shikarpur, Patna - BSPCB",09-07-2026 20:00,25.592539,85.227158,NO2,12,12,12
India,Bihar,Patna,"Govt. High School Shikarpur, Patna - BSPCB",09-07-2026 20:00,25.592539,85.227158,NH3,6,6,6
India,Bihar,Patna,"Govt. High School Shikarpur, Patna - BSPCB",09-07-2026 20:00,25.592539,85.227158,OZONE,53,89,78
India,Bihar,Patna,"DRM Office Danapur, Patna - BSPCB",09-07-2026 20:00,25.586562,85.043586,CO,32,45,36
India,Bihar,Purnia,"Mariam Nagar, Purnia - BSPCB",09-07-2026 20:00,25.366336,87.117468,PM2.5,48,82,59
India,Bihar,Purnia,"Mariam Nagar, Purnia - BSPCB",09-07-2026 20:00,25.366336,87.117468,SO2,16,17,16
India,Bihar,Rajgir,"Dangi Tola, Rajgir - BSPCB",09-07-2026 20:00,25.0328,85.41948,PM10,18,101,53
India,Bihar,Rajgir,"Dangi Tola, Rajgir - BSPCB",09-07-2026 20:00,25.0328,85.41948,NH3,3,3,3
India,Bihar,Saharsa,"Police Line, Saharsa - BSPCB",09-07-2026 20:00,25.892357,86.590325,OZONE,16,24,18
India,Bihar,Samastipur,"DM Office_Kasipur, Samastipur - BSPCB",09-07-2026 20:00,25.859655,85.77944,NH3,1,2,1
India,Bihar,Samastipur,"DM Office_Kasipur, Samastipur - BSPCB",09-07-2026 20:00,25.859655,85.77944,SO2,11,22,16
India,Bihar,Siwan,"Chitragupta Nagar, Siwan - BSPCB",09-07-2026 20:00,26.2271665,84.3570427,NH3,1,1,1
India,Chandigarh,Chandigarh,"Sector-25, Chandigarh - CPCC",09-07-2026 20:00,30.751462,76.762879,NO2,3,20,10
India,Chandigarh,Chandigarh,"Sector-25, Chandigarh - CPCC",09-07-2026 20:00,30.751462,76.762879,SO2,5,8,6
India,Assam,Guwahati,"IITG, Guwahati - PCBA",09-07-2026 20:00,26.2028636,91.70046436,NH3,5,5,5
India,Assam,Guwahati,"IITG, Guwahati - PCBA",09-07-2026 20:00,26.2028636,91.70046436,OZONE,5,11,8
India,Assam,Guwahati,"Railway Colony, Guwahati - PCBA",09-07-2026 20:00,26.181742,91.78063,PM2.5,2,57,17
India,Assam,Guwahati,"LGBI Airport, Guwahati - PCBA",09-07-2026 20:00,26.10887,91.589544,PM10,14,63,42
India,Assam,Guwahati,"LGBI Airport, Guwahati - PCBA",09-07-2026 20:00,26.10887,91.589544,SO2,1,17,10
India,Assam,Guwahati,"Pan Bazaar, Guwahati - PCBA",09-07-2026 20:00,26.1875,91.744194,NH3,1,1,1
India,Assam,Guwahati,"Pan Bazaar, Guwahati - PCBA",09-07-2026 20:00,26.1875,91.744194,CO,16,21,18
India,Andhra Pradesh,Kadapa,"Yerramukkapalli, Kadapa - APPCB",09-07-2026 20:00,14.465052,78.824187,OZONE,38,54,46
India,Andhra Pradesh,Kurnool,"Sita Rama Nagar, Kurnool - APPCB",09-07-2026 20:00,15.83411,78.028546,NH3,5,5,5
India,Andhra Pradesh,Kurnool,"Sita Rama Nagar, Kurnool - APPCB",09-07-2026 20:00,15.83411,78.028546,OZONE,16,26,23
India,Andhra Pradesh,Machilipatnam,"Srinivas Nagar Colony, Machilipatnam - APPCB",09-07-2026 20:00,16.186555,81.13219,PM10,48,64,54
India,Andhra Pradesh,Machilipatnam,"Srinivas Nagar Colony, Machilipatnam - APPCB",09-07-2026 20:00,16.186555,81.13219,NO2,17,31,21
India,Andhra Pradesh,Machilipatnam,"Srinivas Nagar Colony, Machilipatnam - APPCB",09-07-2026 20:00,16.186555,81.13219,NH3,3,4,3
India,Andhra Pradesh,Machilipatnam,"Srinivas Nagar Colony, Machilipatnam - APPCB",09-07-2026 20:00,16.186555,81.13219,SO2,14,22,16
India,Andhra Pradesh,Rajamahendravaram,"Anand Kala Kshetram, Rajamahendravaram - APPCB",09-07-2026 20:00,16.9872867,81.7363176,NO2,2,7,3
India,Andhra Pradesh,Tirumala,"Toll Gate, Tirumala - APPCB",09-07-2026 20:00,13.67,79.35,OZONE,13,23,18
India,Andhra Pradesh,Tirupati,"Vaikuntapuram, Tirupati - APPCB",09-07-2026 20:00,13.615387,79.40923,PM10,67,85,73
India,Andhra Pradesh,Tirupati,"Vaikuntapuram, Tirupati - APPCB",09-07-2026 20:00,13.615387,79.40923,CO,20,28,24
India,Andhra Pradesh,Vijayawada,"HB Colony, Vijayawada - APPCB",09-07-2026 20:00,16.536107,80.594233,PM2.5,53,76,63
India,Andhra Pradesh,Vijayawada,"Rajiv Nagar, Vijayawada - APPCB",09-07-2026 20:00,16.554731,80.64911,NH3,3,6,5
India,Andhra Pradesh,Vijayawada,"Rajiv Nagar, Vijayawada - APPCB",09-07-2026 20:00,16.554731,80.64911,SO2,10,25,17
India,Andhra Pradesh,Vijayawada,"Rajiv Gandhi Park, Vijayawada - APPCB",09-07-2026 20:00,16.509717,80.612222,PM10,43,131,66
India,Andhra Pradesh,Anantapur,"Gulzarpet, Anantapur - APPCB",09-07-2026 20:00,14.675886,77.593027,NH3,1,5,2
India,Andhra Pradesh,Anantapur,"Gulzarpet, Anantapur - APPCB",09-07-2026 20:00,14.675886,77.593027,OZONE,27,56,41
India,Andhra Pradesh,Chittoor,"Gangineni Cheruvu, Chittoor - APPCB",09-07-2026 20:00,13.20488,79.097889,PM2.5,56,77,63
India,Andhra Pradesh,Chittoor,"Gangineni Cheruvu, Chittoor - APPCB",09-07-2026 20:00,13.20488,79.097889,NO2,22,34,25
India,Andhra Pradesh,Chittoor,"Gangineni Cheruvu, Chittoor - APPCB",09-07-2026 20:00,13.20488,79.097889,CO,14,27,21
India,Andhra Pradesh,Eluru,"District Court, Eluru - APPCB",09-07-2026 20:00,16.711754,81.092095,OZONE,16,23,19
India,Andhra Pradesh,Amaravati,"Secretariat, Amaravati - APPCB",09-07-2026 20:00,16.5150833,80.5181667,NH3,2,4,3
India,Andhra Pradesh,Anantapur,"Gulzarpet, Anantapur - APPCB",09-07-2026 20:00,14.675886,77.593027,PM10,67,402,102
India,Gujarat,Ahmedabad,"SAC ISRO Bopal, Ahmedabad - IITM",09-07-2026 20:00,23.041137,72.456691,OZONE,19,29,23
India,Gujarat,Ahmedabad,"Gyaspur, Ahmedabad - IITM",09-07-2026 20:00,22.977134,72.553024,PM2.5,15,47,29
India,Gujarat,Ahmedabad,"Gyaspur, Ahmedabad - IITM",09-07-2026 20:00,22.977134,72.553024,PM10,63,134,94
India,Gujarat,Ahmedabad,"Gyaspur, Ahmedabad - IITM",09-07-2026 20:00,22.977134,72.553024,NO2,3,23,11
India,Gujarat,Ahmedabad,"Gyaspur, Ahmedabad - IITM",09-07-2026 20:00,22.977134,72.553024,NH3,19,29,24
India,Gujarat,Ahmedabad,"SVPI Airport Hansol, Ahmedabad - IITM",09-07-2026 20:00,23.076793,72.627874,NO2,13,32,21
India,Gujarat,Bhavnagar,"Vidhyanagar, Bhavnagar - Nexteng Enviro",09-07-2026 20:00,21.755417,72.139056,PM10,50,96,67
India,Gujarat,Bhavnagar,"Vidhyanagar, Bhavnagar - Nexteng Enviro",09-07-2026 20:00,21.755417,72.139056,NO2,36,44,41
India,Gujarat,Bhavnagar,"Vidhyanagar, Bhavnagar - Nexteng Enviro",09-07-2026 20:00,21.755417,72.139056,NH3,3,4,4
India,Gujarat,Gandhinagar,"IIPHG Lekawada, Gandhinagar - IITM",09-07-2026 20:00,23.243639,72.68994,SO2,1,128,21
India,Gujarat,Gandhinagar,"Sector-10, Gandhinagar - GPCB",09-07-2026 20:00,23.221714,72.654328,PM2.5,23,60,44
India,Gujarat,Gandhinagar,"GIFT City, Gandhinagar - IITM",09-07-2026 20:00,23.163798,72.677768,PM10,69,123,93
India,Gujarat,Gandhinagar,"GIFT City, Gandhinagar - IITM",09-07-2026 20:00,23.163798,72.677768,CO,19,60,34
India,Gujarat,Mehsana,"Sadanand Nagar, Mehsana - Nexteng Enviro",09-07-2026 20:00,23.59315,72.372792,PM2.5,25,93,51
India,Gujarat,Mehsana,"Sadanand Nagar, Mehsana - Nexteng Enviro",09-07-2026 20:00,23.59315,72.372792,PM10,44,109,70
India,Gujarat,Mehsana,"Sadanand Nagar, Mehsana - Nexteng Enviro",09-07-2026 20:00,23.59315,72.372792,CO,70,70,70
India,Gujarat,Rajkot,"Mavdi, Rajkot - Nexteng Enviro ",09-07-2026 20:00,22.248853,70.776774,PM2.5,23,80,52
India,Gujarat,Rajkot,"Mavdi, Rajkot - Nexteng Enviro ",09-07-2026 20:00,22.248853,70.776774,NH3,1,2,1
India,Gujarat,Rajkot,"Mavdi, Rajkot - Nexteng Enviro ",09-07-2026 20:00,22.248853,70.776774,SO2,8,11,10
India,Delhi,Delhi,"Vivek Vihar, Delhi - DPCC",09-07-2026 20:00,28.672342,77.31526,PM10,13,50,26
India,Delhi,Delhi,"Vivek Vihar, Delhi - DPCC",09-07-2026 20:00,28.672342,77.31526,OZONE,26,36,31
India,Delhi,Delhi,"Jahangirpuri, Delhi - DPCC",09-07-2026 20:00,28.73282,77.170633,OZONE,9,11,10
India,Delhi,Delhi,"Najafgarh, Delhi - DPCC",09-07-2026 20:00,28.570173,76.933762,PM10,14,61,30
India,Delhi,Delhi,"Najafgarh, Delhi - DPCC",09-07-2026 20:00,28.570173,76.933762,NO2,14,29,18
India,Delhi,Delhi,"Najafgarh, Delhi - DPCC",09-07-2026 20:00,28.570173,76.933762,CO,33,36,34
India,Delhi,Delhi,"Mundka, Delhi - DPCC",09-07-2026 20:00,28.684678,77.076574,PM2.5,2,73,23
India,Delhi,Delhi,"Mundka, Delhi - DPCC",09-07-2026 20:00,28.684678,77.076574,NO2,73,87,82
India,Delhi,Delhi,"Mundka, Delhi - DPCC",09-07-2026 20:00,28.684678,77.076574,NH3,7,13,10
India,Delhi,Delhi,"Wazirpur, Delhi - DPCC",09-07-2026 20:00,28.699793,77.165453,NO2,18,50,28
India,Delhi,Delhi,"Dr. Karni Singh Shooting Range, Delhi - DPCC",09-07-2026 20:00,28.498571,77.26484,PM2.5,3,57,19
India,Delhi,Delhi,"Dr. Karni Singh Shooting Range, Delhi - DPCC",09-07-2026 20:00,28.498571,77.26484,PM10,1,48,21
India,Delhi,Delhi,"Dr. Karni Singh Shooting Range, Delhi - DPCC",09-07-2026 20:00,28.498571,77.26484,SO2,7,9,8
India,Delhi,Delhi,"Anand Vihar, Delhi - DPCC",09-07-2026 20:00,28.647622,77.315809,PM10,14,121,54
India,Delhi,Delhi,"Anand Vihar, Delhi - DPCC",09-07-2026 20:00,28.647622,77.315809,NO2,9,72,30
India,Delhi,Delhi,"Anand Vihar, Delhi - DPCC",09-07-2026 20:00,28.647622,77.315809,CO,60,100,85
India,Delhi,Delhi,"Anand Vihar, Delhi - DPCC",09-07-2026 20:00,28.647622,77.315809,OZONE,3,11,7
India,Delhi,Delhi,"Dwarka-Sector 8, Delhi - DPCC ",09-07-2026 20:00,28.5710274,77.0719006,CO,28,46,33
India,Delhi,Delhi,"DTU, Delhi - CPCB",09-07-2026 20:00,28.7500499,77.1112615,PM10,5,45,21
India,Delhi,Delhi,"Sonia Vihar, Delhi - DPCC",09-07-2026 20:00,28.710508,77.249485,NO2,7,12,9
India,Delhi,Delhi,"Bawana, Delhi - DPCC",09-07-2026 20:00,28.7762,77.051074,NH3,7,24,15
India,Delhi,Delhi,"Nehru Nagar, Delhi - DPCC",09-07-2026 20:00,28.56789,77.250515,NO2,13,33,20
India,Delhi,Delhi,"Nehru Nagar, Delhi - DPCC",09-07-2026 20:00,28.56789,77.250515,CO,3,10,7
India,Delhi,Delhi,"Patparganj, Delhi - DPCC",09-07-2026 20:00,28.623763,77.287209,SO2,2,8,6
India,Delhi,Delhi,"Patparganj, Delhi - DPCC",09-07-2026 20:00,28.623763,77.287209,CO,36,47,41
India,Delhi,Delhi,"Jawaharlal Nehru Stadium, Delhi - DPCC",09-07-2026 20:00,28.58028,77.233829,SO2,4,11,7
India,Delhi,Delhi,"Jawaharlal Nehru Stadium, Delhi - DPCC",09-07-2026 20:00,28.58028,77.233829,CO,31,38,34
India,Delhi,Delhi,"Jawaharlal Nehru Stadium, Delhi - DPCC",09-07-2026 20:00,28.58028,77.233829,OZONE,20,22,21
India,Delhi,Delhi,"IHBAS, Dilshad Garden, Delhi - CPCB",09-07-2026 20:00,28.6811736,77.3025234,CO,34,87,54
India,Delhi,Delhi,"Sri Aurobindo Marg, Delhi - DPCC",09-07-2026 20:00,28.531346,77.190156,PM2.5,2,48,20
India,Delhi,Delhi,"Sri Aurobindo Marg, Delhi - DPCC",09-07-2026 20:00,28.531346,77.190156,NH3,8,14,11
India,Delhi,Delhi,"Rohini, Delhi - DPCC",09-07-2026 20:00,28.732528,77.11992,PM2.5,3,92,21
India,Delhi,Delhi,"Rohini, Delhi - DPCC",09-07-2026 20:00,28.732528,77.11992,OZONE,4,4,4
India,Delhi,Delhi,"Vivek Vihar, Delhi - DPCC",09-07-2026 20:00,28.672342,77.31526,PM2.5,5,78,30
India,Gujarat,Vadodara,"Bapunagar, Vadodara - Nexteng Enviro",09-07-2026 20:00,22.320153,73.216285,PM10,66,104,82
India,Gujarat,Vadodara,"Bapunagar, Vadodara - Nexteng Enviro",09-07-2026 20:00,22.320153,73.216285,SO2,6,8,7
India,Gujarat,Vapi,"Phase-1 GIDC, Vapi - GPCB",09-07-2026 20:00,20.362421,72.918013,NO2,14,20,16
India,Haryana,Ambala,"Patti Mehar, Ambala - HSPCB",09-07-2026 20:00,30.379589,76.778328,CO,10,12,11
India,Haryana,Ambala,"Patti Mehar, Ambala - HSPCB",09-07-2026 20:00,30.379589,76.778328,OZONE,14,15,15
India,Haryana,Bahadurgarh,"Arya Nagar, Bahadurgarh - HSPCB",09-07-2026 20:00,28.6701,76.9254,NO2,11,31,16
India,Haryana,Bahadurgarh,"Arya Nagar, Bahadurgarh - HSPCB",09-07-2026 20:00,28.6701,76.9254,CO,44,49,47
India,Haryana,Ballabgarh,"Nathu Colony, Ballabgarh - HSPCB",09-07-2026 20:00,28.3419248,77.319699,NH3,4,5,5
India,Haryana,Bhiwani,"H.B. Colony, Bhiwani - HSPCB",09-07-2026 20:00,28.806223,76.141105,PM2.5,31,95,66
India,Haryana,Bhiwani,"H.B. Colony, Bhiwani - HSPCB",09-07-2026 20:00,28.806223,76.141105,PM10,26,100,66
India,Haryana,Charkhi Dadri,"Mini Secretariat, Charkhi Dadri - HSPCB",09-07-2026 20:00,28.593883,76.270653,NH3,5,8,6
India,Haryana,Charkhi Dadri,"Mini Secretariat, Charkhi Dadri - HSPCB",09-07-2026 20:00,28.593883,76.270653,SO2,9,11,10
India,Haryana,Dharuhera,"Municipal Corporation Office, Dharuhera -  HSPCB",09-07-2026 20:00,28.2068,76.7997,NO2,11,39,29
India,Chandigarh,Chandigarh,"Sector 22, Chandigarh - CPCC",09-07-2026 20:00,30.735567,76.775714,CO,35,49,41
India,Chhattisgarh,Bhilai,"Hathkhoj, Bhilai - CECB",09-07-2026 20:00,21.224231,81.40835,NO2,7,45,15
India,Chhattisgarh,Bhilai,"Hathkhoj, Bhilai - CECB",09-07-2026 20:00,21.224231,81.40835,NH3,3,6,4
India,Chhattisgarh,Bhilai,"Hathkhoj, Bhilai - CECB",09-07-2026 20:00,21.224231,81.40835,CO,5,18,10
India,Chhattisgarh,Bhilai,"Hathkhoj, Bhilai - CECB",09-07-2026 20:00,21.224231,81.40835,OZONE,13,17,15
India,Chhattisgarh,Korba,"Rampur, Korba - CECB",09-07-2026 20:00,22.368195,82.746431,PM2.5,16,20,18
India,Chhattisgarh,Korba,"Rampur, Korba - CECB",09-07-2026 20:00,22.368195,82.746431,NH3,1,1,1
India,Chhattisgarh,Kunjemura,"OP Jindal School, Kunjemura - CECB",09-07-2026 20:00,22.12665,83.483212,PM2.5,4,24,9
India,Chhattisgarh,Kunjemura,"OP Jindal School, Kunjemura - CECB",09-07-2026 20:00,22.12665,83.483212,NH3,2,2,2
India,Chhattisgarh,Kunjemura,"OP Jindal School, Kunjemura - CECB",09-07-2026 20:00,22.12665,83.483212,SO2,7,15,10
India,Chhattisgarh,Kunjemura,"OP Jindal School, Kunjemura - CECB",09-07-2026 20:00,22.12665,83.483212,CO,18,24,22
India,Chhattisgarh,Kunjemura,"OP Jindal School, Kunjemura - CECB",09-07-2026 20:00,22.12665,83.483212,OZONE,7,16,10
India,Chhattisgarh,Raipur,"Bhatagaon New ISBT, Raipur - CECB",09-07-2026 20:00,21.219665,81.630094,PM10,4,43,17
India,Chhattisgarh,Raipur,"Siltara Phase-II, Raipur - CECB",09-07-2026 20:00,21.371751,81.664929,CO,17,17,17
India,Chhattisgarh,Raipur,"AIIMS, Raipur - CECB",09-07-2026 20:00,21.258815,81.578979,PM2.5,6,28,13
India,Chhattisgarh,Raipur,"AIIMS, Raipur - CECB",09-07-2026 20:00,21.258815,81.578979,OZONE,10,15,13
India,Chhattisgarh,Raipur,"Krishak Nagar, Raipur - CECB",09-07-2026 20:00,21.237755,81.705301,PM2.5,2,26,9
India,Chhattisgarh,Raipur,"Krishak Nagar, Raipur - CECB",09-07-2026 20:00,21.237755,81.705301,SO2,2,6,4
India,Chhattisgarh,Raipur,"Krishak Nagar, Raipur - CECB",09-07-2026 20:00,21.237755,81.705301,CO,10,13,11
India,Chhattisgarh,Raipur,"Krishak Nagar, Raipur - CECB",09-07-2026 20:00,21.237755,81.705301,OZONE,3,13,5
India,Chhattisgarh,Tumidih,"OP Jindal Industrial Park, Tumidih - CECB",09-07-2026 20:00,22.06631475,83.33820077,SO2,5,6,5
India,Delhi,Delhi,"Pusa, Delhi - IITM",09-07-2026 20:00,28.63611,77.173332,PM2.5,4,42,16
India,Delhi,Delhi,"Cantonment Area, Delhi - DPCC",09-07-2026 20:00,28.594169,77.1251,NH3,0,4,1
India,Delhi,Delhi,"Major Dhyan Chand National Stadium, Delhi - DPCC",09-07-2026 20:00,28.611281,77.237738,SO2,5,9,7
India,Delhi,Delhi,"CRRI Mathura Road, Delhi - IITM",09-07-2026 20:00,28.5512005,77.2735737,OZONE,11,15,13
India,Delhi,Delhi,"Aya Nagar, Delhi - IITM",09-07-2026 20:00,28.4706914,77.1099364,OZONE,23,40,32
India,Delhi,Delhi,"NSIT Dwarka, Delhi - CPCB",09-07-2026 20:00,28.60909,77.0325413,NO2,14,75,41
India,Delhi,Delhi,"NSUT Jaffarpur, Delhi - DPCC",09-07-2026 20:00,28.594004,76.909423,OZONE,38,65,51
India,Delhi,Delhi,"Commonwealth Sports Complex, Delhi - DPCC",09-07-2026 20:00,28.615828,77.271992,NO2,14,64,34
India,Delhi,Delhi,"Punjabi Bagh, Delhi - DPCC",09-07-2026 20:00,28.674045,77.131023,NH3,2,5,4
India,Delhi,Delhi,"Shadipur, Delhi - CPCB",09-07-2026 20:00,28.6514781,77.1473105,NH3,8,20,12
India,Delhi,Delhi,"Shadipur, Delhi - CPCB",09-07-2026 20:00,28.6514781,77.1473105,CO,35,98,53
India,Delhi,Delhi,"IGNOU_Maidan Garhi, Delhi - DPCC",09-07-2026 20:00,28.493624,77.201159,PM2.5,0,18,9
India,Delhi,Delhi,"IGNOU_Maidan Garhi, Delhi - DPCC",09-07-2026 20:00,28.493624,77.201159,CO,28,35,30
India,Delhi,Delhi,"Pusa, Delhi - DPCC",09-07-2026 20:00,28.639652,77.146275,PM2.5,2,70,18
India,Delhi,Delhi,"Pusa, Delhi - DPCC",09-07-2026 20:00,28.639652,77.146275,SO2,5,110,12
India,Gujarat,Ahmedabad,"SAC ISRO Satellite, Ahmedabad - IITM",09-07-2026 20:00,23.023389,72.515201,PM10,57,115,79
India,Gujarat,Ahmedabad,"SAC ISRO Satellite, Ahmedabad - IITM",09-07-2026 20:00,23.023389,72.515201,NO2,19,137,25
India,Gujarat,Ahmedabad,"Chandkheda, Ahmedabad - IITM",09-07-2026 20:00,23.107969,72.574648,OZONE,3,13,9
India,Gujarat,Ahmedabad,"SAC ISRO Bopal, Ahmedabad - IITM",09-07-2026 20:00,23.041137,72.456691,NH3,2,3,2
India,Gujarat,Ahmedabad,"SAC ISRO Bopal, Ahmedabad - IITM",09-07-2026 20:00,23.041137,72.456691,SO2,0,1,0
India,Gujarat,Ahmedabad,"SAC ISRO Bopal, Ahmedabad - IITM",09-07-2026 20:00,23.041137,72.456691,CO,19,27,22
India,Delhi,Delhi,"DTU, Delhi - CPCB",09-07-2026 20:00,28.7500499,77.1112615,SO2,28,36,33
India,Delhi,Delhi,"IIT Delhi, Delhi - IITM",09-07-2026 20:00,28.54246,77.191651,OZONE,16,34,28
India,Delhi,Delhi,"ITO, Delhi - CPCB",09-07-2026 20:00,28.628624,77.24106,OZONE,29,50,41
India,Delhi,Delhi,"Alipur, Delhi - DPCC",09-07-2026 20:00,28.815329,77.15301,PM2.5,2,32,14
India,Delhi,Delhi,"Alipur, Delhi - DPCC",09-07-2026 20:00,28.815329,77.15301,CO,23,26,24
India,Delhi,Delhi,"Burari Crossing, Delhi - IITM",09-07-2026 20:00,28.7256504,77.2011573,PM10,3,50,22
India,Delhi,Delhi,"JNU, Delhi - DPCC",09-07-2026 20:00,28.540721,77.168544,PM10,1,65,27
India,Delhi,Delhi,"JNU, Delhi - DPCC",09-07-2026 20:00,28.540721,77.168544,CO,18,26,22
India,Haryana,Panipat,"Sector-18, Panipat - HSPCB",09-07-2026 20:00,29.432304,76.972765,NO2,5,9,7
India,Haryana,Panipat,"Sector-18, Panipat - HSPCB",09-07-2026 20:00,29.432304,76.972765,SO2,35,67,50
India,Haryana,Sirsa,"F-Block, Sirsa - HSPCB",09-07-2026 20:00,29.5364,75.0158,PM2.5,5,35,19
India,Haryana,Sirsa,"F-Block, Sirsa - HSPCB",09-07-2026 20:00,29.5364,75.0158,CO,52,60,55
India,Haryana,Sonipat,"Murthal, Sonipat - HSPCB",09-07-2026 20:00,29.0272,77.0621,OZONE,40,83,57
India,Haryana,Yamuna Nagar,"Gobind Pura, Yamuna Nagar - HSPCB",09-07-2026 20:00,30.1480566,77.2893471,OZONE,62,76,66
India,Himachal Pradesh,Baddi,"HIMUDA Complex Phase-1, Baddi - HPPCB",09-07-2026 20:00,30.943887,76.801991,PM10,34,390,123
India,Jammu and Kashmir,Srinagar,"Rajbagh, Srinagar - JKPCC",09-07-2026 20:00,34.066206,74.81982,NO2,19,20,19
India,Jammu and Kashmir,Srinagar,"Rajbagh, Srinagar - JKPCC",09-07-2026 20:00,34.066206,74.81982,CO,12,19,15
India,Jammu and Kashmir,Srinagar,"Rajbagh, Srinagar - JKPCC",09-07-2026 20:00,34.066206,74.81982,OZONE,1,4,2
India,Jharkhand,Dhanbad,"Sardar Patel Nagar, Dhanbad - JSPCB",09-07-2026 20:00,23.80569,86.44268,PM10,5,114,73
India,Jharkhand,Dhanbad,"Sardar Patel Nagar, Dhanbad - JSPCB",09-07-2026 20:00,23.80569,86.44268,OZONE,13,29,23
India,Jharkhand,Jorapokhar,"Tata Stadium, Jorapokhar - JSPCB",09-07-2026 20:00,23.707909,86.41467,PM10,61,484,112
India,Jharkhand,Jorapokhar,"Tata Stadium, Jorapokhar - JSPCB",09-07-2026 20:00,23.707909,86.41467,NO2,8,8,8
India,Karnataka,Bagalkot,"Vidayagiri, Bagalkot - KSPCB",09-07-2026 20:00,16.172806,75.659694,PM10,51,51,51
India,Karnataka,Bagalkot,"Vidayagiri, Bagalkot - KSPCB",09-07-2026 20:00,16.172806,75.659694,CO,14,33,22
India,Karnataka,Bengaluru,"BTM Layout, Bengaluru - CPCB",09-07-2026 20:00,12.9135218,77.5950804,PM2.5,26,34,28
India,Karnataka,Bengaluru,"BTM Layout, Bengaluru - CPCB",09-07-2026 20:00,12.9135218,77.5950804,PM10,42,64,50
India,Karnataka,Bengaluru,"Hombegowda Nagar, Bengaluru - KSPCB",09-07-2026 20:00,12.938539,77.5901,SO2,1,9,5
India,Karnataka,Bengaluru,"Kasturi Nagar, Bengaluru - KSPCB",09-07-2026 20:00,13.003872,77.664217,NH3,5,5,5
India,Karnataka,Bengaluru,"Kasturi Nagar, Bengaluru - KSPCB",09-07-2026 20:00,13.003872,77.664217,SO2,16,16,16
India,Madhya Pradesh,Bhopal,"Paryavaran Parisar, Bhopal - MPPCB",09-07-2026 20:00,23.210494,77.425409,CO,8,14,12
India,Madhya Pradesh,Bhopal,"T T Nagar, Bhopal - MPPCB",09-07-2026 20:00,23.233584,77.400574,NH3,5,5,5
India,Madhya Pradesh,Bhopal,"Idgah Hills, Bhopal - MPPCB",09-07-2026 20:00,23.264759,77.381568,PM2.5,35,55,43
India,Madhya Pradesh,Dewas,"Bhopal Chauraha, Dewas - MPPCB",09-07-2026 20:00,22.9682591,76.064118,PM10,68,118,91
India,Madhya Pradesh,Dewas,"Bhopal Chauraha, Dewas - MPPCB",09-07-2026 20:00,22.9682591,76.064118,OZONE,13,30,16
India,Madhya Pradesh,Gwalior,"Deen Dayal Nagar, Gwalior - MPPCB",09-07-2026 20:00,26.259242,78.216432,CO,47,73,52
India,Madhya Pradesh,Indore,"Regional Park, Indore - IMC",09-07-2026 20:00,22.678,75.8559,PM10,20,52,37
India,Madhya Pradesh,Indore,"Regional Park, Indore - IMC",09-07-2026 20:00,22.678,75.8559,CO,89,92,91
India,Madhya Pradesh,Indore,"Maguda Nagar, Indore - IMC",09-07-2026 20:00,22.7524,75.8872,PM10,26,48,35
India,Madhya Pradesh,Indore,"Maguda Nagar, Indore - IMC",09-07-2026 20:00,22.7524,75.8872,NO2,2,3,3
India,Karnataka,Dharwad,"Kalabhavan, Dharwad - KSPCB",09-07-2026 20:00,15.459706,75.008381,SO2,7,8,8
India,Karnataka,Dharwad,"Kalabhavan, Dharwad - KSPCB",09-07-2026 20:00,15.459706,75.008381,CO,32,41,36
India,Karnataka,Gadag,"Panchal Nagar, Gadag - KSPCB",09-07-2026 20:00,15.411456,75.638133,PM10,31,39,34
India,Karnataka,Gadag,"Panchal Nagar, Gadag - KSPCB",09-07-2026 20:00,15.411456,75.638133,SO2,28,36,30
India,Karnataka,Kalaburagi,"Mahatma Basaveswar Colony, Kalaburgi - KSPCB",09-07-2026 20:00,17.336318,76.847397,NH3,2,3,2
India,Karnataka,Kalaburagi,"Mahatma Basaveswar Colony, Kalaburgi - KSPCB",09-07-2026 20:00,17.336318,76.847397,SO2,2,4,3
India,Karnataka,Kalaburagi,"Mahatma Basaveswar Colony, Kalaburgi - KSPCB",09-07-2026 20:00,17.336318,76.847397,OZONE,13,16,14
India,Karnataka,Karwar,"KHB Colony, Karwar - KSPCB",09-07-2026 20:00,14.816666,74.141003,PM2.5,35,77,46
India,Karnataka,Karwar,"KHB Colony, Karwar - KSPCB",09-07-2026 20:00,14.816666,74.141003,CO,27,46,33
India,Karnataka,Koppal,"Diwator Nagar, Koppal - KSPCB",09-07-2026 20:00,15.34763,76.181767,NO2,30,32,31
India,Karnataka,Mangalore,"Kadri, Mangalore - KSPCB",09-07-2026 20:00,12.88925,74.853,PM2.5,42,63,52
India,Haryana,Kaithal,"Rishi Nagar, Kaithal - HSPCB",09-07-2026 20:00,29.8006,76.4155,PM10,30,83,64
India,Haryana,Karnal,"Sector-12, Karnal - HSPCB",09-07-2026 20:00,29.6953,77.0027,PM2.5,19,142,49
India,Haryana,Karnal,"Sector-12, Karnal - HSPCB",09-07-2026 20:00,29.6953,77.0027,PM10,22,124,52
India,Haryana,Manesar,"Sector-2 IMT, Manesar - HSPCB",09-07-2026 20:00,28.360699,76.93609,PM10,51,107,80
India,Haryana,Narnaul,"Shastri Nagar, Narnaul - HSPCB",09-07-2026 20:00,28.060249,76.113115,PM10,18,236,92
India,Haryana,Narnaul,"Shastri Nagar, Narnaul - HSPCB",09-07-2026 20:00,28.060249,76.113115,OZONE,10,44,32
India,Haryana,Palwal,"Shyam Nagar, Palwal - HSPCB",09-07-2026 20:00,28.1485564,77.3320667,SO2,10,129,27
India,Haryana,Palwal,"Shyam Nagar, Palwal - HSPCB",09-07-2026 20:00,28.1485564,77.3320667,OZONE,10,21,17
India,Haryana,Panchgaon,"Amity University, Panchgaon - IITM",09-07-2026 20:00,28.3153,76.9143,PM10,7,61,30
India,Haryana,Panchgaon,"Amity University, Panchgaon - IITM",09-07-2026 20:00,28.3153,76.9143,CO,27,36,30
India,Haryana,Faridabad,"New Industrial Town, Faridabad - HSPCB",09-07-2026 20:00,28.39072,77.30059,NH3,10,12,11
India,Haryana,Faridabad,"New Industrial Town, Faridabad - HSPCB",09-07-2026 20:00,28.39072,77.30059,SO2,9,74,14
India,Haryana,Faridabad,"Sector 30, Faridabad - HSPCB",09-07-2026 20:00,28.4417,77.3217,OZONE,16,30,21
India,Haryana,Faridabad,"Sector 11, Faridabad - HSPCB",09-07-2026 20:00,28.376058,77.315741,OZONE,25,25,25
India,Haryana,Fatehabad,"Huda Sector, Fatehabad - HSPCB",09-07-2026 20:00,29.503664,75.467934,PM10,25,118,56
India,Haryana,Gurugram,"NISE Gwal Pahari, Gurugram - IITM",09-07-2026 20:00,28.422681,77.148944,OZONE,21,38,31
India,Haryana,Gurugram,"Sector-51, Gurugram - HSPCB",09-07-2026 20:00,28.4227,77.0667,NO2,18,52,30
India,Haryana,Gurugram,"Vikas Sadan, Gurugram - HSPCB",09-07-2026 20:00,28.4501238,77.0263051,CO,18,43,30
India,Haryana,Gurugram,"Teri Gram, Gurugram - HSPCB",09-07-2026 20:00,28.4275,77.1465,CO,17,21,18
India,Karnataka,Shivamogga,"Vinoba Nagara, Shivamogga - KSPCB",09-07-2026 20:00,13.94,75.555917,OZONE,44,48,46
India,Karnataka,Yadgir,"Collector Office, Yadgir - KSPCB",09-07-2026 20:00,16.7602,77.1428,OZONE,14,18,16
India,Kerala,Kannur,"Thavakkara, Kannur - Kerala PCB",09-07-2026 20:00,11.875,75.3732,SO2,1,2,2
India,Kerala,Kannur,"Thavakkara, Kannur - Kerala PCB",09-07-2026 20:00,11.875,75.3732,OZONE,27,28,28
India,Kerala,Kollam,"Polayathode, Kollam - Kerala PCB",09-07-2026 20:00,8.8787,76.6073,NO2,8,10,9
India,Kerala,Thiruvananthapuram,"Plammoodu, Thiruvananthapuram - Kerala PCB",09-07-2026 20:00,8.5149093,76.9435879,SO2,9,24,15
India,Kerala,Thiruvananthapuram,"Kariavattom, Thiruvananthapuram - Kerala PCB",09-07-2026 20:00,8.5637,76.8865,OZONE,30,31,31
India,Kerala,Thrissur,"Corporation Ground, Thrissur - Kerala PCB",09-07-2026 20:00,10.5324,76.2159,CO,16,22,19
India,Karnataka,Bengaluru,"Sanegurava Halli, Bengaluru - KSPCB",09-07-2026 20:00,12.990328,77.5431385,CO,12,24,18
India,Karnataka,Bengaluru,"Bapuji Nagar, Bengaluru - KSPCB",09-07-2026 20:00,12.951913,77.539784,OZONE,28,34,31
India,Karnataka,Chamarajanagar,"Urban, Chamarajanagar - KSPCB",09-07-2026 20:00,11.55358,76.55521,PM2.5,17,39,32
India,Karnataka,Chamarajanagar,"Urban, Chamarajanagar - KSPCB",09-07-2026 20:00,11.55358,76.55521,SO2,2,5,4
India,Karnataka,Chamarajanagar,"Urban, Chamarajanagar - KSPCB",09-07-2026 20:00,11.55358,76.55521,CO,22,25,24
India,Karnataka,Chikkamagaluru,"Kalyana Nagara, Chikkamagaluru - KSPCB",09-07-2026 20:00,13.328028,75.797056,SO2,0,3,1
India,Karnataka,Chikkamagaluru,"Kalyana Nagara, Chikkamagaluru - KSPCB",09-07-2026 20:00,13.328028,75.797056,CO,11,45,26
India,Madhya Pradesh,Indore,"Chhoti Gwaltoli, Indore - MPPCB",09-07-2026 20:00,22.431,75.5213,NO2,58,86,69
India,Madhya Pradesh,Indore,"Chhoti Gwaltoli, Indore - MPPCB",09-07-2026 20:00,22.431,75.5213,OZONE,22,28,25
India,Madhya Pradesh,Jabalpur,"Govindh Bhavan Colony, Jabalpur - JMC",09-07-2026 20:00,23.163174,79.973061,CO,10,18,14
India,Madhya Pradesh,Katni,"Gole Bazar, Katni - MPPCB",09-07-2026 20:00,23.50016,80.23284,NO2,9,18,13
India,Madhya Pradesh,Maihar,"Sahilara, Maihar - KJS Cements",09-07-2026 20:00,24.2613009,80.7231783,CO,20,22,21
India,Maharashtra,Nanded,"Sneh Nagar, Nanded - MPCB",09-07-2026 20:00,19.173852,77.296291,OZONE,33,45,41
India,Maharashtra,Nashik,"Gangapur Road, Nashik - MPCB",09-07-2026 20:00,20.0073285,73.7762427,SO2,0,6,3
India,Maharashtra,Nashik,"Gangapur Road, Nashik - MPCB",09-07-2026 20:00,20.0073285,73.7762427,CO,21,22,22
India,Maharashtra,Nashik,"Pandav Nagari, Nashik - MPCB",09-07-2026 20:00,19.9591346,73.7788008,SO2,0,4,2
India,Maharashtra,Nashik,"Pandav Nagari, Nashik - MPCB",09-07-2026 20:00,19.9591346,73.7788008,CO,12,16,14
India,Maharashtra,Nashik,"Pandav Nagari, Nashik - MPCB",09-07-2026 20:00,19.9591346,73.7788008,OZONE,13,17,15
India,Maharashtra,Nashik,"Hirawadi, Nashik - MPCB",09-07-2026 20:00,20.021503,73.813844,CO,25,30,27
India,Maharashtra,Nashik,"MIDC Ambad, Nashik - MPCB",09-07-2026 20:00,19.95022,73.73148,CO,8,13,11
India,Maharashtra,Navi Mumbai,"Nerul, Navi Mumbai - MPCB",09-07-2026 20:00,19.008751,73.01662,NH3,1,1,1
India,Maharashtra,Navi Mumbai,"Sector-2E Kalamboli, Navi Mumbai - MPCB",09-07-2026 20:00,19.02579,73.10297,NH3,3,11,4
India,Maharashtra,Navi Mumbai,"Sector-2E Kalamboli, Navi Mumbai - MPCB",09-07-2026 20:00,19.02579,73.10297,SO2,2,4,3
India,Maharashtra,Navi Mumbai,"Sector-2E Kalamboli, Navi Mumbai - MPCB",09-07-2026 20:00,19.02579,73.10297,OZONE,3,14,8
India,Maharashtra,Navi Mumbai,"Sanpada, Navi Mumbai - MPCB",09-07-2026 20:00,19.0575752,73.0151367,NO2,3,9,5
India,Maharashtra,Navi Mumbai,"Sanpada, Navi Mumbai - MPCB",09-07-2026 20:00,19.0575752,73.0151367,SO2,4,4,4
India,Maharashtra,Navi Mumbai,"Mahape, Navi Mumbai - MPCB",09-07-2026 20:00,19.1135051,73.008978,PM2.5,13,52,32
India,Maharashtra,Navi Mumbai,"Mahape, Navi Mumbai - MPCB",09-07-2026 20:00,19.1135051,73.008978,NH3,1,1,1
India,Maharashtra,Navi Mumbai,"Mahape, Navi Mumbai - MPCB",09-07-2026 20:00,19.1135051,73.008978,OZONE,2,15,9
India,Maharashtra,Belapur,"CBD Belapur, Belapur - MPCB",09-07-2026 20:00,19.0243902,73.0406721,SO2,2,14,5
India,Maharashtra,Belapur,"CBD Belapur, Belapur - MPCB",09-07-2026 20:00,19.0243902,73.0406721,CO,24,32,28
India,Maharashtra,Bhiwandi,"Gokul Nagar, Bhiwandi - MPCB",09-07-2026 20:00,19.309073,73.057223,PM10,25,60,40
India,Maharashtra,Boisar,"Khaira, Boisar - MPCB",09-07-2026 20:00,19.786089,72.757971,PM10,55,73,63
India,Maharashtra,Boisar,"Khaira, Boisar - MPCB",09-07-2026 20:00,19.786089,72.757971,NO2,16,32,22
India,Maharashtra,Boisar,"Khaira, Boisar - MPCB",09-07-2026 20:00,19.786089,72.757971,SO2,15,16,16
India,Maharashtra,Boisar,"Khaira, Boisar - MPCB",09-07-2026 20:00,19.786089,72.757971,OZONE,0,0,0
India,Maharashtra,Chandrapur,"Chauhan Colony, Chandrapur - MPCB",09-07-2026 20:00,19.9629,79.298714,PM2.5,5,80,25
India,Maharashtra,Chandrapur,"Chauhan Colony, Chandrapur - MPCB",09-07-2026 20:00,19.9629,79.298714,PM10,10,87,43
India,Maharashtra,Chandrapur,"Chauhan Colony, Chandrapur - MPCB",09-07-2026 20:00,19.9629,79.298714,NH3,1,6,2
India,Maharashtra,Chandrapur,"Chauhan Colony, Chandrapur - MPCB",09-07-2026 20:00,19.9629,79.298714,OZONE,8,58,21
India,Maharashtra,Chandrapur,"MIDC Khutala, Chandrapur - MPCB",09-07-2026 20:00,19.9775302,79.2337086,PM10,13,102,35
India,Maharashtra,Dhule,"Deopur, Dhule - MPCB",09-07-2026 20:00,20.918946,74.776388,CO,14,17,16
India,Maharashtra,Dombivli,"Kalu Nagar, Dombivli - MPCB",09-07-2026 20:00,19.2268427,73.0788456,NO2,5,21,11
India,Maharashtra,Dombivli,"Kalu Nagar, Dombivli - MPCB",09-07-2026 20:00,19.2268427,73.0788456,SO2,1,8,4
India,Maharashtra,Dombivli,"Kalu Nagar, Dombivli - MPCB",09-07-2026 20:00,19.2268427,73.0788456,CO,3,14,7
India,Maharashtra,Hingoli,"Ashta Vinayak Nagar, Hingoli - MPCB",09-07-2026 20:00,19.710842,77.151824,OZONE,20,39,31
India,Maharashtra,Jalgaon,"Prabhat Colony, Jalgaon - MPCB",09-07-2026 20:00,21.001264,75.565602,PM2.5,15,42,26
India,Maharashtra,Jalgaon,"Prabhat Colony, Jalgaon - MPCB",09-07-2026 20:00,21.001264,75.565602,CO,36,53,42
India,Maharashtra,Jalgaon,"Prabhat Colony, Jalgaon - MPCB",09-07-2026 20:00,21.001264,75.565602,OZONE,23,39,31
India,Maharashtra,Jalna,"Old MIDC, Jalna - MPCB",09-07-2026 20:00,19.854616,75.905894,NH3,2,5,4
India,Maharashtra,Kalyan,"Pimpleshwar Mandir, Kalyan - MPCB",09-07-2026 20:00,19.192056,72.9585188,NH3,3,40,17
India,Maharashtra,Kalyan,"Pimpleshwar Mandir, Kalyan - MPCB",09-07-2026 20:00,19.192056,72.9585188,SO2,9,18,11
India,Maharashtra,Kalyan,"Pimpleshwar Mandir, Kalyan - MPCB",09-07-2026 20:00,19.192056,72.9585188,OZONE,11,30,16
India,Maharashtra,Kolhapur,"Sinchan Bhavan, Kolhapur - MPCB",09-07-2026 20:00,16.7143745,74.2426398,NO2,14,34,17
India,Maharashtra,Mahad,"Kamble Tarf Birwadi, Mahad - MPCB",09-07-2026 20:00,18.1023399,73.4783687,PM10,49,98,78
India,Maharashtra,Mahad,"Kamble Tarf Birwadi, Mahad - MPCB",09-07-2026 20:00,18.1023399,73.4783687,NO2,2,41,17
India,Maharashtra,Mahad,"Kamble Tarf Birwadi, Mahad - MPCB",09-07-2026 20:00,18.1023399,73.4783687,OZONE,30,31,30
India,Maharashtra,Mira-Bhayandar,"Bhayandar West, Mira-Bhayandar - MPCB",09-07-2026 20:00,19.296481,72.840923,PM2.5,21,38,27
India,Maharashtra,Mira-Bhayandar,"Bhayandar West, Mira-Bhayandar - MPCB",09-07-2026 20:00,19.296481,72.840923,NO2,1,6,2
India,Maharashtra,Mira-Bhayandar,"Bhayandar West, Mira-Bhayandar - MPCB",09-07-2026 20:00,19.296481,72.840923,NH3,4,4,4
India,Maharashtra,Mira-Bhayandar,"Bhayandar West, Mira-Bhayandar - MPCB",09-07-2026 20:00,19.296481,72.840923,OZONE,12,15,13
India,Maharashtra,Mumbai,"Sewri, Mumbai - BMC",09-07-2026 20:00,19.000084,72.85673,CO,17,24,20
India,Maharashtra,Mumbai,"Sewri, Mumbai - BMC",09-07-2026 20:00,19.000084,72.85673,OZONE,10,17,15
India,Maharashtra,Navi Mumbai,"Kopripada-Vashi, Navi Mumbai - MPCB",09-07-2026 20:00,19.090337,73.014232,PM10,11,71,53
India,Maharashtra,Parbhani,"Masoom Colony, Parbhani - MPCB",09-07-2026 20:00,19.265594,76.761463,NO2,26,49,37
India,Maharashtra,Parbhani,"Masoom Colony, Parbhani - MPCB",09-07-2026 20:00,19.265594,76.761463,NH3,3,5,4
India,Maharashtra,Pimpri-Chinchwad,"Savta Mali Nagar, Pimpri-Chinchwad - IITM",09-07-2026 20:00,18.614767,73.799516,NO2,15,44,24
India,Maharashtra,Pimpri-Chinchwad,"Savta Mali Nagar, Pimpri-Chinchwad - IITM",09-07-2026 20:00,18.614767,73.799516,OZONE,8,9,9
India,Maharashtra,Pimpri-Chinchwad,"Bhosari, Pune - IITM",09-07-2026 20:00,18.640051,73.848956,CO,24,34,30
India,Maharashtra,Pimpri-Chinchwad,"Bhosari, Pune - IITM",09-07-2026 20:00,18.640051,73.848956,OZONE,5,7,6
India,Maharashtra,Pimpri-Chinchwad,"Gavalinagar, Pimpri Chinchwad - MPCB",09-07-2026 20:00,18.63673,73.82487,SO2,1,1,1
India,Maharashtra,Pimpri-Chinchwad,"Transport Nagar-Nigdi, Pune - IITM",09-07-2026 20:00,18.664282,73.763966,CO,22,68,43
India,Maharashtra,Pimpri-Chinchwad,"Transport Nagar-Nigdi, Pune - IITM",09-07-2026 20:00,18.664282,73.763966,OZONE,9,14,11
India,Maharashtra,Pimpri-Chinchwad,"Thergaon, Pimpri Chinchwad - MPCB",09-07-2026 20:00,18.616318,73.765797,NO2,3,33,11
India,Maharashtra,Ahmednagar,"Tarakpur, Ahmednagar - MPCB",09-07-2026 20:00,19.10122,74.73339,OZONE,24,34,30
India,Maharashtra,Akola,"Ramdaspeth, Akola - MPCB",09-07-2026 20:00,20.719516,77.000253,PM2.5,16,72,32
India,Maharashtra,Ambernath,"Chinchpada, Ambernath - MPCB",09-07-2026 20:00,19.215784,73.199781,PM2.5,28,66,47
India,Maharashtra,Ambernath,"Chinchpada, Ambernath - MPCB",09-07-2026 20:00,19.215784,73.199781,CO,7,12,9
India,Maharashtra,Amravati,"Shri Shivaji Science College, Amravati - MPCB",09-07-2026 20:00,20.939198,77.765701,SO2,4,5,4
India,Maharashtra,Amravati,"Shri Shivaji Science College, Amravati - MPCB",09-07-2026 20:00,20.939198,77.765701,OZONE,11,18,16
India,Maharashtra,Amravati,"Shivneri Colony, Amravati - MPCB",09-07-2026 20:00,20.9402359,77.7895248,OZONE,7,15,13
India,Maharashtra,Aurangabad,"Rachnakar Colony, Aurangabad - MPCB",09-07-2026 20:00,19.863756,75.321188,NO2,13,41,20
India,Maharashtra,Aurangabad,"Rachnakar Colony, Aurangabad - MPCB",09-07-2026 20:00,19.863756,75.321188,SO2,3,4,4
India,Maharashtra,Badlapur,"Katrap, Badlapur - MPCB",09-07-2026 20:00,19.16485,73.23409,NH3,7,7,7
India,Maharashtra,Beed,"Bir, Beed - MPCB",09-07-2026 20:00,18.988474,75.753873,PM2.5,17,52,40
India,Maharashtra,Mumbai,"Worli, Mumbai - MPCB",09-07-2026 20:00,18.9936162,72.8128113,PM10,73,115,90
India,Maharashtra,Mumbai,"Worli, Mumbai - MPCB",09-07-2026 20:00,18.9936162,72.8128113,OZONE,4,5,5
India,Maharashtra,Mumbai,"Byculla, Mumbai - BMC",09-07-2026 20:00,18.9767,72.838,PM10,52,83,64
India,Maharashtra,Mumbai,"Byculla, Mumbai - BMC",09-07-2026 20:00,18.9767,72.838,OZONE,4,7,6
India,Maharashtra,Mumbai,"Kherwadi_Bandra East, Mumbai - MPCB",09-07-2026 20:00,19.0632143,72.8456324,PM2.5,17,93,35
India,Maharashtra,Mumbai,"Kherwadi_Bandra East, Mumbai - MPCB",09-07-2026 20:00,19.0632143,72.8456324,NO2,5,15,8
India,Maharashtra,Mumbai,"Bandra Kurla Complex, Mumbai - MPCB",09-07-2026 20:00,19.065931,72.862131,PM2.5,19,49,33
India,Maharashtra,Mumbai,"Bandra Kurla Complex, Mumbai - MPCB",09-07-2026 20:00,19.065931,72.862131,PM10,27,90,51
India,Maharashtra,Mumbai,"Shivaji Nagar, Mumbai - BMC",09-07-2026 20:00,19.060498,72.923356,PM10,36,66,48
India,Maharashtra,Mumbai,"Shivaji Nagar, Mumbai - BMC",09-07-2026 20:00,19.060498,72.923356,SO2,0,6,2
India,Maharashtra,Mumbai,"Malad West, Mumbai - IITM",09-07-2026 20:00,19.19709,72.82204,PM10,45,97,73
India,Maharashtra,Mumbai,"Malad West, Mumbai - IITM",09-07-2026 20:00,19.19709,72.82204,NH3,2,5,3
India,Maharashtra,Mumbai,"Mazgaon, Mumbai - IITM",09-07-2026 20:00,18.96702,72.84214,PM2.5,23,54,36
India,Maharashtra,Mumbai,"Mazgaon, Mumbai - IITM",09-07-2026 20:00,18.96702,72.84214,NO2,6,26,12
India,Maharashtra,Mumbai,"Deonar, Mumbai - IITM",09-07-2026 20:00,19.04946,72.923,OZONE,11,16,14
India,Maharashtra,Mumbai,"Chakala-Andheri East, Mumbai - IITM",09-07-2026 20:00,19.11074,72.86084,NO2,8,17,11
India,Maharashtra,Mumbai,"Kandivali West, Mumbai - BMC",09-07-2026 20:00,19.215859,72.831718,PM10,33,35,34
India,Maharashtra,Mumbai,"Kandivali West, Mumbai - BMC",09-07-2026 20:00,19.215859,72.831718,NH3,0,2,2
India,Maharashtra,Mumbai,"Kandivali West, Mumbai - BMC",09-07-2026 20:00,19.215859,72.831718,OZONE,6,15,11
India,Maharashtra,Nagpur,"Ambazari, Nagpur - MPCB",09-07-2026 20:00,21.121801,79.04952,NH3,1,6,2
India,Maharashtra,Nagpur,"Ambazari, Nagpur - MPCB",09-07-2026 20:00,21.121801,79.04952,OZONE,10,19,15
India,Maharashtra,Nagpur,"Ram Nagar, Nagpur - MPCB",09-07-2026 20:00,21.143383,79.048912,PM10,24,65,43
India,Maharashtra,Nagpur,"Opp GPO Civil Lines, Nagpur - MPCB",09-07-2026 20:00,21.152875,79.0517531,PM10,26,81,47
India,Maharashtra,Nagpur,"Opp GPO Civil Lines, Nagpur - MPCB",09-07-2026 20:00,21.152875,79.0517531,NH3,5,5,5
India,Maharashtra,Nagpur,"Opp GPO Civil Lines, Nagpur - MPCB",09-07-2026 20:00,21.152875,79.0517531,CO,36,54,46
India,Maharashtra,Nagpur,"Opp GPO Civil Lines, Nagpur - MPCB",09-07-2026 20:00,21.152875,79.0517531,OZONE,6,8,7
India,Maharashtra,Nanded,"Sneh Nagar, Nanded - MPCB",09-07-2026 20:00,19.173852,77.296291,PM10,8,69,32
India,Madhya Pradesh,Pithampur,"Sector-2 Industrial Area, Pithampur - MPPCB",09-07-2026 20:00,22.624758,75.675238,CO,20,35,28
India,Madhya Pradesh,Ratlam,"Shasthri Nagar, Ratlam - IPCA Lab",09-07-2026 20:00,23.331731,75.045981,PM2.5,2,77,38
India,Madhya Pradesh,Ratlam,"Shasthri Nagar, Ratlam - IPCA Lab",09-07-2026 20:00,23.331731,75.045981,SO2,21,24,23
India,Madhya Pradesh,Sagar,"Civil Lines, Sagar - MPPCB",09-07-2026 20:00,23.838586,78.759431,PM2.5,16,68,41
India,Madhya Pradesh,Sagar,"Civil Lines, Sagar - MPPCB",09-07-2026 20:00,23.838586,78.759431,PM10,25,91,56
India,Madhya Pradesh,Sagar,"Civil Lines, Sagar - MPPCB",09-07-2026 20:00,23.838586,78.759431,SO2,4,7,6
India,Madhya Pradesh,Sagar,"Civil Lines, Sagar - MPPCB",09-07-2026 20:00,23.838586,78.759431,CO,28,37,32
India,Madhya Pradesh,Satna,"Bandhavgar Colony, Satna - Birla Cement",09-07-2026 20:00,24.58434363,80.8549414,SO2,17,18,18
India,Madhya Pradesh,Satna,"Bandhavgar Colony, Satna - Birla Cement",09-07-2026 20:00,24.58434363,80.8549414,OZONE,31,60,56
India,Maharashtra,Mumbai,"Navy Nagar-Colaba, Mumbai - IITM",09-07-2026 20:00,18.897756,72.81332,OZONE,21,25,22
India,Maharashtra,Mumbai,"Ghatkopar, Mumbai - BMC",09-07-2026 20:00,19.083694,72.920967,NO2,2,8,5
India,Maharashtra,Mumbai,"Bandra Kurla Complex, Mumbai - IITM",09-07-2026 20:00,19.053536,72.84643,PM10,85,114,105
India,Maharashtra,Mumbai,"Borivali East, Mumbai - IITM",09-07-2026 20:00,19.23241,72.86895,NO2,15,28,22
India,Maharashtra,Mumbai,"Siddharth Nagar-Worli, Mumbai - IITM",09-07-2026 20:00,19.000083,72.813993,PM2.5,22,40,29
India,Maharashtra,Mumbai,"Khindipada-Bhandup West, Mumbai - IITM",09-07-2026 20:00,19.1653323,72.922099,SO2,12,24,17
India,Punjab,Jalandhar,"Civil Line, Jalandhar - PPCB",09-07-2026 20:00,31.321907,75.578914,NH3,4,5,5
India,Punjab,Jalandhar,"Civil Line, Jalandhar - PPCB",09-07-2026 20:00,31.321907,75.578914,CO,50,53,52
India,Punjab,Khanna,"Kalal Majra, Khanna - PPCB",09-07-2026 20:00,30.736056,76.209694,PM10,63,73,66
India,Punjab,Khanna,"Kalal Majra, Khanna - PPCB",09-07-2026 20:00,30.736056,76.209694,OZONE,30,40,37
India,Punjab,Mandi Gobindgarh,"RIMT University, Mandi Gobindgarh - PPCB",09-07-2026 20:00,30.649961,76.331442,PM2.5,35,96,65
India,Punjab,Mandi Gobindgarh,"RIMT University, Mandi Gobindgarh - PPCB",09-07-2026 20:00,30.649961,76.331442,CO,99,100,100
India,Punjab,Patiala,"Model Town, Patiala - PPCB",09-07-2026 20:00,30.349388,76.366642,CO,3,22,11
India,Rajasthan,Ajmer,"Civil Lines,  Ajmer - RSPCB",09-07-2026 20:00,26.470859,74.646594,NO2,27,44,35
India,Rajasthan,Ajmer,"Civil Lines,  Ajmer - RSPCB",09-07-2026 20:00,26.470859,74.646594,NH3,6,8,7
India,Rajasthan,Alwar,"Moti Doongri, Alwar - RSPCB",09-07-2026 20:00,27.554793,76.611536,SO2,36,54,43
India,Rajasthan,Alwar,"Moti Doongri, Alwar - RSPCB",09-07-2026 20:00,27.554793,76.611536,CO,36,80,53
India,Rajasthan,Banswara,"Rati Talai, Banswara - RSPCB",09-07-2026 20:00,23.55519,74.44001,PM2.5,12,281,102
India,Rajasthan,Baran,"Bamboliya, Baran - RSPCB",09-07-2026 20:00,25.106006,76.469948,NH3,3,7,4
India,Rajasthan,Baran,"Bamboliya, Baran - RSPCB",09-07-2026 20:00,25.106006,76.469948,SO2,1,17,10
India,Rajasthan,Baran,"Bamboliya, Baran - RSPCB",09-07-2026 20:00,25.106006,76.469948,CO,40,50,45
India,Rajasthan,Bharatpur,"Krishna Nagar, Bharatpur - RSPCB",09-07-2026 20:00,27.215415,77.50873,SO2,0,3,2
India,Rajasthan,Bhilwara,"Pratap Nagar, Bhilwara - RSPCB",09-07-2026 20:00,25.339605,74.618883,SO2,4,12,9
India,Rajasthan,Bhiwadi,"Vasundhara Nagar_UIT, Bhiwadi - RSPCB",09-07-2026 20:00,28.207266,76.829265,OZONE,13,50,35
India,Rajasthan,Bhiwadi,"RIICO Ind. Area III, Bhiwadi - RSPCB",09-07-2026 20:00,28.194909,76.862296,SO2,6,24,12
India,Rajasthan,Bikaner,"MM Ground, Bikaner - RSPCB",09-07-2026 20:00,28.018792,73.292658,PM10,30,160,84
India,Rajasthan,Bikaner,"MM Ground, Bikaner - RSPCB",09-07-2026 20:00,28.018792,73.292658,NH3,5,16,8
India,Rajasthan,Bikaner,"MM Ground, Bikaner - RSPCB",09-07-2026 20:00,28.018792,73.292658,OZONE,35,64,51
India,Rajasthan,Bundi,"New Colony, Bundi - RSPCB",09-07-2026 20:00,25.435774,75.644272,PM2.5,2,62,33
India,Rajasthan,Bundi,"New Colony, Bundi - RSPCB",09-07-2026 20:00,25.435774,75.644272,SO2,2,7,4
India,Rajasthan,Bundi,"New Colony, Bundi - RSPCB",09-07-2026 20:00,25.435774,75.644272,OZONE,27,52,39
India,Rajasthan,Chittorgarh,"Shastri Nagar, Chittorgarh - RSPCB",09-07-2026 20:00,24.892047,74.623527,PM10,46,128,90
India,Odisha,Bhubaneswar,"Patia, Bhubaneswar - OSPCB",09-07-2026 20:00,20.34652,85.8163,NO2,6,9,7
India,Odisha,Bhubaneswar,"Patia, Bhubaneswar - OSPCB",09-07-2026 20:00,20.34652,85.8163,OZONE,35,42,39
India,Odisha,Bileipada,"Tata Township, Bileipada - OSPCB",09-07-2026 20:00,22.06156703,85.47409613,NH3,5,5,5
India,Odisha,Bileipada,"Tata Township, Bileipada - OSPCB",09-07-2026 20:00,22.06156703,85.47409613,SO2,15,15,15
India,Odisha,Brajrajnagar,"GM Office, Brajrajnagar - OSPCB",09-07-2026 20:00,21.8004996,83.8396977,PM10,11,78,36
India,Odisha,Brajrajnagar,"GM Office, Brajrajnagar - OSPCB",09-07-2026 20:00,21.8004996,83.8396977,NH3,5,5,5
India,Odisha,Byasanagar,"Ferro Chrome Colony, Byasanagar - OSPCB",09-07-2026 20:00,20.94185,86.1151,PM10,49,86,67
India,Odisha,Keonjhar,"Jagamohanpur, Keonjhar - OSPCB",09-07-2026 20:00,21.6439,85.599355,SO2,8,36,14
India,Odisha,Keonjhar,"Jagamohanpur, Keonjhar - OSPCB",09-07-2026 20:00,21.6439,85.599355,OZONE,14,20,18
India,Odisha,Rairangpur,"Divisional Forest Office, Rairangpur - OSPCB",09-07-2026 20:00,22.265816,86.174829,PM2.5,2,56,16
India,Odisha,Rairangpur,"Divisional Forest Office, Rairangpur - OSPCB",09-07-2026 20:00,22.265816,86.174829,NO2,5,7,6
India,Rajasthan,Chittorgarh,"Shastri Nagar, Chittorgarh - RSPCB",09-07-2026 20:00,24.892047,74.623527,CO,1,5,3
India,Rajasthan,Churu,"Subash Chowk, Churu - RSPCB",09-07-2026 20:00,28.296139,74.961696,OZONE,39,64,55
India,Rajasthan,Dausa,"Khatikan Mohalla, Dausa - RSPCB",09-07-2026 20:00,26.895552,76.334753,OZONE,23,25,25
India,Rajasthan,Dholpur,"Raja Ganj, Dholpur - RSPCB",09-07-2026 20:00,26.699557,77.898881,NO2,2,21,7
India,Rajasthan,Hanumangarh,"Housing Board, Hanumangarh - RSPCB",09-07-2026 20:00,29.61075,74.283608,PM2.5,2,20,9
India,Rajasthan,Hanumangarh,"Housing Board, Hanumangarh - RSPCB",09-07-2026 20:00,29.61075,74.283608,NH3,4,68,11
India,Rajasthan,Jaipur,"Sector-2 Murlipura, Jaipur - RSPCB",09-07-2026 20:00,26.960669,75.771817,NO2,12,41,24
India,Rajasthan,Jaipur,"Adarsh Nagar, Jaipur - RSPCB",09-07-2026 20:00,26.902909,75.836858,PM10,9,81,61
India,Rajasthan,Jaipur,"Adarsh Nagar, Jaipur - RSPCB",09-07-2026 20:00,26.902909,75.836858,NH3,4,7,5
India,Maharashtra,Ulhasnagar,"Vithalwadi, Ulhasnagar - MPCB",09-07-2026 20:00,19.2307571,73.155192,SO2,0,4,2
India,Meghalaya,Shillong,"Lumpyngngad, Shillong - Meghalaya PCB",09-07-2026 20:00,25.5586,91.8985,NO2,0,1,0
India,Mizoram,Aizawl,"Sikulpuikawn, Aizawl - Mizoram PCB",09-07-2026 20:00,23.7176342,92.7192841,NO2,1,1,1
India,Nagaland,Kohima,"PWD Junction, Kohima - NPCB",09-07-2026 20:00,25.6635413,94.0989878,PM10,2,28,12
India,Nagaland,Kohima,"PWD Junction, Kohima - NPCB",09-07-2026 20:00,25.6635413,94.0989878,CO,3,7,5
India,Odisha,Balasore,"Kalidaspur, Balasore - OSPCB",09-07-2026 20:00,21.51161,86.89088,PM10,37,115,72
India,Odisha,Baripada,"Meher Colony, Baripada - OSPCB",09-07-2026 20:00,21.941841,86.728318,PM2.5,17,70,40
India,Rajasthan,Jaipur,"Adarsh Nagar, Jaipur - RSPCB",09-07-2026 20:00,26.902909,75.836858,OZONE,45,62,52
India,Rajasthan,Jaipur,"Shastri Nagar, Jaipur - RSPCB",09-07-2026 20:00,26.9502929,75.730943,PM2.5,17,100,62
India,Rajasthan,Jaipur,"Shastri Nagar, Jaipur - RSPCB",09-07-2026 20:00,26.9502929,75.730943,SO2,8,17,12
India,Rajasthan,Jaisalmer,"Sadar Bazar, Jaisalmer - RSPCB",09-07-2026 20:00,26.912329,70.909168,PM2.5,37,103,64
India,Rajasthan,Jaisalmer,"Sadar Bazar, Jaisalmer - RSPCB",09-07-2026 20:00,26.912329,70.909168,PM10,81,309,144
India,Rajasthan,Jaisalmer,"Sadar Bazar, Jaisalmer - RSPCB",09-07-2026 20:00,26.912329,70.909168,CO,13,17,15
India,Rajasthan,Jalore,"Mudtra Sili, Jalore - RSPCB",09-07-2026 20:00,25.344694,72.626208,CO,18,23,21
India,Rajasthan,Jhunjhunu,"Indra Nagar, Jhunjhunu - RSPCB",09-07-2026 20:00,28.108988,75.386577,NH3,5,51,10
India,Rajasthan,Jodhpur,"Mandor, Jodhpur - RSPCB",09-07-2026 20:00,26.358805,73.047444,PM2.5,32,63,51
India,Maharashtra,Pune,"Panchawati_Pashan, Pune - IITM",09-07-2026 20:00,18.536457,73.805454,CO,11,39,28
India,Maharashtra,Solapur,"Dnyaneshwar Nagar, Solapur - MPCB",09-07-2026 20:00,17.6336264,75.9132495,CO,9,13,11
India,Maharashtra,Solapur,"Dnyaneshwar Nagar, Solapur - MPCB",09-07-2026 20:00,17.6336264,75.9132495,OZONE,20,27,23
India,Maharashtra,Thane,"Kasarvadavali, Thane - MPCB",09-07-2026 20:00,19.26777,72.97182,PM2.5,24,52,34
India,Maharashtra,Thane,"Kasarvadavali, Thane - MPCB",09-07-2026 20:00,19.26777,72.97182,PM10,53,83,67
India,Maharashtra,Thane,"Kasarvadavali, Thane - MPCB",09-07-2026 20:00,19.26777,72.97182,OZONE,25,26,25
India,Maharashtra,Thane,"Upvan Fort, Thane - MPCB",09-07-2026 20:00,19.222279,72.957979,PM2.5,12,35,25
India,Maharashtra,Thane,"Upvan Fort, Thane - MPCB",09-07-2026 20:00,19.222279,72.957979,CO,6,20,12
India,Maharashtra,Ulhasnagar,"Sidhi Vinayak Nagar, Ulhasnagar - MPCB",09-07-2026 20:00,19.235581,73.159121,PM2.5,23,89,42
India,Maharashtra,Ulhasnagar,"Sidhi Vinayak Nagar, Ulhasnagar - MPCB",09-07-2026 20:00,19.235581,73.159121,CO,16,23,19
India,Maharashtra,Pimpri-Chinchwad,"Thergaon, Pimpri Chinchwad - MPCB",09-07-2026 20:00,18.616318,73.765797,SO2,1,2,2
India,Maharashtra,Pimpri-Chinchwad,"Park Street Wakad, Pimpri Chinchwad - MPCB",09-07-2026 20:00,18.59051,73.77946,OZONE,11,17,15
India,Maharashtra,Pune,"Revenue Colony-Shivajinagar, Pune - IITM",09-07-2026 20:00,18.530085,73.849598,NO2,5,28,15
India,Maharashtra,Pune,"Dhankawadi, Pune - IITM",09-07-2026 20:00,18.459883,73.852193,PM10,41,71,54
India,Maharashtra,Pune,"Dhankawadi, Pune - IITM",09-07-2026 20:00,18.459883,73.852193,NO2,13,31,19
India,Maharashtra,Pune,"Hadapsar, Pune - IITM",09-07-2026 20:00,18.501793,73.927532,OZONE,6,18,15
India,Maharashtra,Pune,"Mhada Colony, Pune - IITM",09-07-2026 20:00,18.57304,73.927715,PM2.5,30,59,41
India,Odisha,Rourkela,"Sector-2, Rourkela - OSPCB",09-07-2026 20:00,22.245,84.88111111,PM10,34,34,34
India,Odisha,Suakati,"OMC Colony, Suakati - OSPCB",09-07-2026 20:00,21.606865,85.510538,PM10,42,124,82
India,Odisha,Suakati,"OMC Colony, Suakati - OSPCB",09-07-2026 20:00,21.606865,85.510538,SO2,3,5,4
India,Odisha,Suakati,"OMC Colony, Suakati - OSPCB",09-07-2026 20:00,21.606865,85.510538,OZONE,14,20,16
India,Punjab,Amritsar,"Golden Temple, Amritsar - PPCB",09-07-2026 20:00,31.62,74.876512,PM10,92,131,110
India,Uttar Pradesh,Bulandshahr,"Yamunapuram, Bulandshahr - UPPCB",09-07-2026 20:00,28.406963,77.849831,CO,2,67,35
India,Uttar Pradesh,Firozabad,"Nagla Bhau, Firozabad - UPPCB",09-07-2026 20:00,27.168897,78.37696,CO,17,27,22
India,Uttar Pradesh,Firozabad,"Nagla Bhau, Firozabad - UPPCB",09-07-2026 20:00,27.168897,78.37696,OZONE,10,11,11
India,Uttar Pradesh,Firozabad,"Vibhab Nagar, Firozabad - UPPCB",09-07-2026 20:00,27.1594,78.3953,PM10,23,37,31
India,Uttar Pradesh,Ghaziabad,"Indirapuram, Ghaziabad - UPPCB",09-07-2026 20:00,28.646233,77.358075,NH3,10,15,12
India,Uttar Pradesh,Ghaziabad,"Indirapuram, Ghaziabad - UPPCB",09-07-2026 20:00,28.646233,77.358075,OZONE,19,22,20
India,Uttar Pradesh,Ghaziabad,"Govindpuram, Ghaziabad - UPPCB",09-07-2026 20:00,28.694528,77.494705,NO2,10,13,11
India,Uttar Pradesh,Ghaziabad,"Sanjay Nagar, Ghaziabad - UPPCB",09-07-2026 20:00,28.685382,77.453839,PM10,14,38,24
India,Uttar Pradesh,Ghaziabad,"Vasundhara, Ghaziabad - UPPCB",09-07-2026 20:00,28.6603346,77.3572563,PM10,6,44,20
India,Uttar Pradesh,Ghaziabad,"Vasundhara, Ghaziabad - UPPCB",09-07-2026 20:00,28.6603346,77.3572563,CO,55,61,57
India,Uttar Pradesh,Gorakhpur,"Madan Mohan Malaviya University of Technology, Gorakhpur - UPPCB",09-07-2026 20:00,26.730136,83.433859,NO2,11,11,11
India,Uttar Pradesh,Greater Noida,"Knowledge Park - V, Greater Noida - UPPCB",09-07-2026 20:00,28.557054,77.453663,CO,12,19,16
India,Uttar Pradesh,Greater Noida,"Knowledge Park - III, Greater Noida - UPPCB",09-07-2026 20:00,28.47272,77.482,PM2.5,3,26,10
India,Uttar Pradesh,Greater Noida,"Knowledge Park - III, Greater Noida - UPPCB",09-07-2026 20:00,28.47272,77.482,NH3,8,13,11
India,Uttar Pradesh,Hapur,"Anand Vihar, Hapur - UPPCB",09-07-2026 20:00,28.725645,77.749675,PM10,1,32,14
India,Uttar Pradesh,Hapur,"Anand Vihar, Hapur - UPPCB",09-07-2026 20:00,28.725645,77.749675,OZONE,0,13,8
India,Uttar Pradesh,Jhansi,"Shivaji Nagar, Jhansi - UPPCB",09-07-2026 20:00,25.4547,78.6039,PM2.5,24,96,54
India,Rajasthan,Pali,"Indira Colony Vistar, Pali - RSPCB",09-07-2026 20:00,25.771061,73.340227,NO2,21,32,24
India,Rajasthan,Pali,"Indira Colony Vistar, Pali - RSPCB",09-07-2026 20:00,25.771061,73.340227,NH3,5,7,6
India,Rajasthan,Pratapgarh,"Pragati Nagar, Pratapgarh - RSPCB",09-07-2026 20:00,24.041198,74.780702,PM2.5,25,93,59
India,Rajasthan,Rajsamand,"Dhoinda, Rajsamand - RSPCB",09-07-2026 20:00,25.03636,73.883502,OZONE,40,128,69
India,Rajasthan,Sawai Madhopur,"Sahu Nagar, Sawai Madhopur - RSPCB",09-07-2026 20:00,26.031443,76.359327,PM10,27,115,65
India,Rajasthan,Sawai Madhopur,"Sahu Nagar, Sawai Madhopur - RSPCB",09-07-2026 20:00,26.031443,76.359327,NO2,6,23,12
India,Rajasthan,Sikar,"Radhakishan Pura, Sikar - RSPCB",09-07-2026 20:00,27.608912,75.153302,SO2,0,17,3
India,Rajasthan,Sirohi,"Vedhaynath Colony, Sirohi - RSPCB",09-07-2026 20:00,24.885261,72.857549,NH3,2,26,6
India,Rajasthan,Sri Ganganagar,"Old City, Sri Ganganagar - RSPCB",09-07-2026 20:00,29.931624,73.864511,PM10,9,106,53
India,Rajasthan,Tonk,"Shastri Nagar, Tonk - RSPCB",09-07-2026 20:00,26.159933,75.780517,PM10,18,129,66
India,Rajasthan,Udaipur,"Ashok Nagar, Udaipur - RSPCB",09-07-2026 20:00,24.5886166,73.6321397,PM2.5,60,181,103
India,Rajasthan,Udaipur,"Ashok Nagar, Udaipur - RSPCB",09-07-2026 20:00,24.5886166,73.6321397,SO2,4,19,10
India,Rajasthan,Udaipur,"Ashok Nagar, Udaipur - RSPCB",09-07-2026 20:00,24.5886166,73.6321397,CO,16,53,30
India,Tamil Nadu,Gummidipoondi,"Anthoni Pillai Nagar, Gummidipoondi - TNPCB",09-07-2026 20:00,13.4127,80.1081,NO2,13,30,20
India,Tamil Nadu,Madurai,"Uchapatti, Madurai - TNPCB",09-07-2026 20:00,9.865935,78.022669,CO,13,31,20
India,Tamil Nadu,Thoothukudi,"Meelavittan, Thoothukudi - TNPCB",09-07-2026 20:00,8.816428,78.099039,PM10,35,119,58
India,Tamil Nadu,Thoothukudi,"Meelavittan, Thoothukudi - TNPCB",09-07-2026 20:00,8.816428,78.099039,SO2,2,19,10
India,Telangana,Hyderabad,"IDA Pashamylaram, Hyderabad - TSPCB",09-07-2026 20:00,17.5316895,78.218939,PM10,14,55,36
India,Telangana,Hyderabad,"IDA Pashamylaram, Hyderabad - TSPCB",09-07-2026 20:00,17.5316895,78.218939,CO,5,30,15
India,Telangana,Hyderabad,"ICRISAT Patancheru, Hyderabad - TSPCB",09-07-2026 20:00,17.5184,78.278777,PM2.5,3,26,17
India,Telangana,Hyderabad,"ICRISAT Patancheru, Hyderabad - TSPCB",09-07-2026 20:00,17.5184,78.278777,NO2,4,12,8
India,Telangana,Hyderabad,"ICRISAT Patancheru, Hyderabad - TSPCB",09-07-2026 20:00,17.5184,78.278777,CO,5,27,18
India,Telangana,Hyderabad,"Central University, Hyderabad - TSPCB",09-07-2026 20:00,17.460103,78.334361,PM10,7,29,17
India,Telangana,Hyderabad,"New Malakpet, Hyderabad - TSPCB",09-07-2026 20:00,17.37206,78.50864,NO2,12,15,14
India,Telangana,Hyderabad,"New Malakpet, Hyderabad - TSPCB",09-07-2026 20:00,17.37206,78.50864,NH3,2,3,3
India,Tamil Nadu,Chennai,"Kodungaiyur, Chennai - TNPCB",09-07-2026 20:00,13.1278,80.2642,NH3,3,5,4
India,Tamil Nadu,Chennai,"Kodungaiyur, Chennai - TNPCB",09-07-2026 20:00,13.1278,80.2642,OZONE,26,32,29
India,Tamil Nadu,Chennai,"Manali, Chennai - CPCB",09-07-2026 20:00,13.164544,80.26285,NH3,6,7,6
India,Tamil Nadu,Chennai,"Manali, Chennai - CPCB",09-07-2026 20:00,13.164544,80.26285,SO2,5,52,8
India,Tamil Nadu,Chennai,"Arumbakkam, Chennai - TNPCB",09-07-2026 20:00,13.0664,80.2112,PM2.5,21,56,32
India,Tamil Nadu,Chennai,"Arumbakkam, Chennai - TNPCB",09-07-2026 20:00,13.0664,80.2112,NO2,9,52,20
India,Tamil Nadu,Chennai,"Perungudi, Chennai - TNPCB",09-07-2026 20:00,12.9533,80.2357,NH3,0,1,0
India,Tamil Nadu,Coimbatore,"SIDCO Kurichi, Coimbatore - TNPCB",09-07-2026 20:00,10.942451,76.978996,PM2.5,29,46,37
India,Tamil Nadu,Coimbatore,"SIDCO Kurichi, Coimbatore - TNPCB",09-07-2026 20:00,10.942451,76.978996,PM10,2,24,12
India,Uttar Pradesh,Kanpur,"FTI Kidwai Nagar, Kanpur - UPPCB",09-07-2026 20:00,26.428282,80.327067,NO2,26,27,27
India,Uttar Pradesh,Khurja,"Kalindi Kunj, Khurja - UPPCB",09-07-2026 20:00,28.2348927,77.8683002,NO2,11,13,13
India,Uttar Pradesh,Khurja,"Kalindi Kunj, Khurja - UPPCB",09-07-2026 20:00,28.2348927,77.8683002,NH3,1,1,1
India,Uttar Pradesh,Lucknow,"Kendriya Vidyalaya, Lucknow - CPCB",09-07-2026 20:00,26.906111,80.948222,PM2.5,15,43,30
India,Uttar Pradesh,Lucknow,"Kukrail Picnic Spot-1, Lucknow - UPPCB",09-07-2026 20:00,26.90723,80.98579,SO2,6,12,7
India,Uttar Pradesh,Lucknow,"B R Ambedkar University, Lucknow - UPPCB",09-07-2026 20:00,26.766433,80.927299,PM10,3,140,30
India,Uttar Pradesh,Lucknow,"B R Ambedkar University, Lucknow - UPPCB",09-07-2026 20:00,26.766433,80.927299,NO2,11,12,11
India,Uttar Pradesh,Lucknow,"B R Ambedkar University, Lucknow - UPPCB",09-07-2026 20:00,26.766433,80.927299,NH3,3,3,3
India,Uttar Pradesh,Lucknow,"B R Ambedkar University, Lucknow - UPPCB",09-07-2026 20:00,26.766433,80.927299,CO,20,25,23
India,Uttar Pradesh,Lucknow,"Gomti Nagar, Lucknow - UPPCB",09-07-2026 20:00,26.86812,81.005119,CO,37,40,39
India,Uttar Pradesh,Agra,"Shahjahan Garden, Agra - UPPCB",09-07-2026 20:00,27.169338,78.03582,PM10,39,134,58
India,Uttar Pradesh,Agra,"Shahjahan Garden, Agra - UPPCB",09-07-2026 20:00,27.169338,78.03582,NO2,15,17,16
India,Uttar Pradesh,Agra,"Sanjay Palace, Agra - UPPCB",09-07-2026 20:00,27.19865833,78.00598056,PM2.5,17,197,94
India,Uttar Pradesh,Agra,"Sanjay Palace, Agra - UPPCB",09-07-2026 20:00,27.19865833,78.00598056,PM10,13,165,97
India,Uttar Pradesh,Baghpat,"Sardar Patel Inter College, Baghpat - UPPCB",09-07-2026 20:00,28.964949,77.278761,OZONE,24,26,25
India,Uttar Pradesh,Bareilly,"Rajendra Nagar, Bareilly - UPPCB",09-07-2026 20:00,28.38910936,79.42963708,NH3,1,3,1
India,Uttar Pradesh,Bareilly,"Rajendra Nagar, Bareilly - UPPCB",09-07-2026 20:00,28.38910936,79.42963708,CO,13,19,17
India,Uttar Pradesh,Bareilly,"Civil Lines, Bareilly - UPPCB",09-07-2026 20:00,28.359581,79.414455,NO2,8,9,9
India,Uttar Pradesh,Bulandshahr,"Yamunapuram, Bulandshahr - UPPCB",09-07-2026 20:00,28.406963,77.849831,PM2.5,3,30,13
India,Uttar Pradesh,Bulandshahr,"Yamunapuram, Bulandshahr - UPPCB",09-07-2026 20:00,28.406963,77.849831,NH3,8,17,10
India,Rajasthan,Jodhpur,"Digari Kalan, Jodhpur - RSPCB",09-07-2026 20:00,26.29581,73.082283,CO,7,17,12
India,Rajasthan,Jodhpur,"Jhalamand, Jodhpur - RSPCB",09-07-2026 20:00,26.215415,73.070156,PM2.5,25,68,50
India,Rajasthan,Jodhpur,"Jhalamand, Jodhpur - RSPCB",09-07-2026 20:00,26.215415,73.070156,PM10,53,117,87
India,Rajasthan,Karauli,"Satyawati Vihar, Karauli - RSPCB",09-07-2026 20:00,26.506177,77.025989,OZONE,43,71,63
India,Rajasthan,Kota,"Shrinath Puram, Kota - RSPCB",09-07-2026 20:00,25.14389,75.821256,PM10,35,91,65
India,Rajasthan,Kota,"Shrinath Puram, Kota - RSPCB",09-07-2026 20:00,25.14389,75.821256,CO,13,42,27
India,Rajasthan,Kota,"Nayapura, Kota - RSPCB",09-07-2026 20:00,25.196024,75.855668,PM10,28,125,82
India,Rajasthan,Kota,"Nayapura, Kota - RSPCB",09-07-2026 20:00,25.196024,75.855668,NO2,2,32,16
India,Rajasthan,Kota,"Dhanmandi, Kota - RSPCB",09-07-2026 20:00,25.16409,75.858137,CO,21,28,26
India,Uttar Pradesh,Meerut,"Jai Bhim Nagar, Meerut - UPPCB",09-07-2026 20:00,28.9535882,77.7622941,SO2,5,12,10
India,Uttar Pradesh,Meerut,"Jai Bhim Nagar, Meerut - UPPCB",09-07-2026 20:00,28.9535882,77.7622941,OZONE,20,42,27
India,Uttar Pradesh,Meerut,"Ganga Nagar, Meerut - UPPCB",09-07-2026 20:00,28.999264,77.7590354,OZONE,18,61,33
India,Uttar Pradesh,Moradabad,"Eco Herbal Park, Moradabad - UPPCB",09-07-2026 20:00,28.840739,78.697531,PM10,24,71,44
India,Uttar Pradesh,Moradabad,"Eco Herbal Park, Moradabad - UPPCB",09-07-2026 20:00,28.840739,78.697531,OZONE,19,33,29
India,Uttar Pradesh,Moradabad,"Buddhi Vihar, Moradabad - UPPCB",09-07-2026 20:00,28.83526,78.7446,NO2,28,29,29
India,Uttar Pradesh,Moradabad,"Kashiram Nagar, Moradabad - UPPCB",09-07-2026 20:00,28.849399,78.742362,PM2.5,10,48,21
India,Telangana,Hyderabad,"Zoo Park, Hyderabad - TSPCB",09-07-2026 20:00,17.349694,78.451437,PM10,1,128,34
India,Telangana,Hyderabad,"Zoo Park, Hyderabad - TSPCB",09-07-2026 20:00,17.349694,78.451437,NO2,5,8,7
India,Telangana,Hyderabad,"Zoo Park, Hyderabad - TSPCB",09-07-2026 20:00,17.349694,78.451437,OZONE,22,26,23
India,Telangana,Hyderabad,"Nacharam_TSIIC IALA, Hyderabad - TSPCB",09-07-2026 20:00,17.429398,78.569354,NH3,3,3,3
India,Telangana,Hyderabad,"Nacharam_TSIIC IALA, Hyderabad - TSPCB",09-07-2026 20:00,17.429398,78.569354,OZONE,24,25,25
India,Telangana,Hyderabad,"IITH Kandi, Hyderabad - TSPCB",09-07-2026 20:00,17.585705,78.126199,CO,25,35,30
India,Telangana,Hyderabad,"ECIL Kapra, Hyderabad - TSPCB",09-07-2026 20:00,17.470431,78.566959,NH3,3,4,4
India,Uttar Pradesh,Muzaffarnagar,"New Mandi, Muzaffarnagar - UPPCB",09-07-2026 20:00,29.4723508,77.7194031,SO2,8,29,15
India,Uttar Pradesh,Noida,"Sector-116, Noida - UPPCB",09-07-2026 20:00,28.56923,77.393848,CO,43,57,52
India,Uttar Pradesh,Noida,"Sector-116, Noida - UPPCB",09-07-2026 20:00,28.56923,77.393848,OZONE,22,27,25
India,Uttar Pradesh,Noida,"Sector - 62, Noida - IITM",09-07-2026 20:00,28.6245479,77.3577104,NO2,9,19,14
India,Uttar Pradesh,Prayagraj,"Nagar Nigam, Prayagraj - UPPCB",09-07-2026 20:00,25.44919916,81.82735986,NO2,5,5,5
India,Uttar Pradesh,Prayagraj,"Nagar Nigam, Prayagraj - UPPCB",09-07-2026 20:00,25.44919916,81.82735986,NH3,15,30,23
India,Uttar Pradesh,Prayagraj,"Jhunsi, Prayagraj - UPPCB",09-07-2026 20:00,25.425602,81.917152,PM10,13,52,24
India,Uttar Pradesh,Prayagraj,"Jhunsi, Prayagraj - UPPCB",09-07-2026 20:00,25.425602,81.917152,OZONE,27,71,46
India,Uttar Pradesh,Prayagraj,"Motilal Nehru NIT, Prayagraj - UPPCB",09-07-2026 20:00,25.494,81.863,OZONE,18,22,20
India,Uttar Pradesh,Raebareli,"Anand Nagar, Raebareli - UPPCB",09-07-2026 20:00,26.219512,81.237648,PM2.5,27,62,40
India,Uttar Pradesh,Raebareli,"Anand Nagar, Raebareli - UPPCB",09-07-2026 20:00,26.219512,81.237648,NO2,15,18,16
India,Uttar Pradesh,Varanasi,"Bhelupur, Varanasi - UPPCB",09-07-2026 20:00,25.301778,82.996789,PM2.5,5,30,18
India,Uttar Pradesh,Varanasi,"Bhelupur, Varanasi - UPPCB",09-07-2026 20:00,25.301778,82.996789,NO2,8,8,8
India,Uttar Pradesh,Varanasi,"IESD Banaras Hindu University, Varanasi - UPPCB",09-07-2026 20:00,25.262326,82.995408,OZONE,5,6,5
India,Uttar Pradesh,Vrindavan,"Omex Eternity, Vrindavan - UPPCB",09-07-2026 20:00,27.571409,77.655757,NO2,27,27,27
India,Uttarakhand,Dehradun,"Doon University, Dehradun - UKPCB",09-07-2026 20:00,30.269444,78.044167,PM2.5,3,57,14
India,Uttarakhand,Rishikesh,"Shivaji Nagar, Rishikesh - UKPCB",09-07-2026 20:00,30.075911,78.2859547,PM2.5,2,2,2
India,Uttarakhand,Rishikesh,"Shivaji Nagar, Rishikesh - UKPCB",09-07-2026 20:00,30.075911,78.2859547,CO,37,37,37
India,West Bengal,Asansol,"Evelyn Lodge, Asansol - WBPCB",09-07-2026 20:00,23.697936,86.944395,NH3,4,5,4
India,West Bengal,Asansol,"Asansol Court Area, Asansol - WBPCB",09-07-2026 20:00,23.685297,86.945968,PM10,29,49,38
India,West Bengal,Asansol,"Asansol Court Area, Asansol - WBPCB",09-07-2026 20:00,23.685297,86.945968,SO2,10,15,12
India,West Bengal,Asansol,"Trivenidevi Bhalotia College, Asansol - WBPCB",09-07-2026 20:00,23.616515,87.119133,NH3,5,6,5
India,West Bengal,Durgapur,"PCBL Residential Complex, Durgapur - WBPCB",09-07-2026 20:00,23.508764,87.35444,OZONE,2,2,2
India,West Bengal,Durgapur,"Mahishkapur Road_B-Zone, Durgapur - WBPCB",09-07-2026 20:00,23.567923,87.306843,NO2,1,12,5
India,West Bengal,Durgapur,"Womens College_City Center, Durgapur - WBPCB",09-07-2026 20:00,23.549395,87.300496,OZONE,15,23,20
India,West Bengal,Haldia,"Priyambada Housing Estate, Haldia - WBPCB",09-07-2026 20:00,22.06047,88.109737,NO2,5,38,15
India,West Bengal,Haldia,"Priyambada Housing Estate, Haldia - WBPCB",09-07-2026 20:00,22.06047,88.109737,NH3,3,5,4
India,West Bengal,Howrah,"Ghusuri, Howrah - WBPCB",09-07-2026 20:00,22.611968,88.347422,SO2,3,10,8
India,West Bengal,Howrah,"Botanical Garden, Howrah - WBPCB",09-07-2026 20:00,22.554954,88.292568,OZONE,10,13,12
India,West Bengal,Howrah,"Padmapukur, Howrah - WBPCB",09-07-2026 20:00,22.5687319,88.2797276,PM2.5,17,39,27
India,West Bengal,Howrah,"Padmapukur, Howrah - WBPCB",09-07-2026 20:00,22.5687319,88.2797276,NO2,15,50,30
India,West Bengal,Howrah,"Padmapukur, Howrah - WBPCB",09-07-2026 20:00,22.5687319,88.2797276,NH3,3,11,7
India,West Bengal,Howrah,"Dasnagar, Howrah - WBPCB",09-07-2026 20:00,22.6025571,88.3105664,SO2,10,12,11
India,West Bengal,Howrah,"Belur Math, Howrah - WBPCB",09-07-2026 20:00,22.629801,88.352017,PM2.5,29,49,41
India,West Bengal,Howrah,"Belur Math, Howrah - WBPCB",09-07-2026 20:00,22.629801,88.352017,PM10,48,94,65
India,West Bengal,Kolkata,"Victoria, Kolkata - WBPCB",09-07-2026 20:00,22.5448082,88.3403691,PM10,82,107,96
India,West Bengal,Kolkata,"Victoria, Kolkata - WBPCB",09-07-2026 20:00,22.5448082,88.3403691,NO2,22,28,23
India,West Bengal,Kolkata,"Fort William, Kolkata - WBPCB",09-07-2026 20:00,22.55664,88.342674,PM2.5,11,57,39
India,West Bengal,Kolkata,"Rabindra Sarobar, Kolkata - WBPCB",09-07-2026 20:00,22.51106,88.35142,OZONE,5,11,8
India,West Bengal,Kolkata,"Ballygunge, Kolkata - WBPCB",09-07-2026 20:00,22.5367507,88.3638022,PM2.5,32,66,44
India,West Bengal,Kolkata,"Ballygunge, Kolkata - WBPCB",09-07-2026 20:00,22.5367507,88.3638022,NO2,17,29,23
India,West Bengal,Kolkata,"Ballygunge, Kolkata - WBPCB",09-07-2026 20:00,22.5367507,88.3638022,SO2,3,8,6
India,West Bengal,Kolkata,"Jadavpur, Kolkata - WBPCB",09-07-2026 20:00,22.49929,88.36917,SO2,5,6,5
India,West Bengal,Kolkata,"Rabindra Bharati University, Kolkata - WBPCB",09-07-2026 20:00,22.627847,88.380669,NO2,35,97,58
India,West Bengal,Kolkata,"Bidhannagar, Kolkata - WBPCB",09-07-2026 20:00,22.58157048,88.41002457,CO,27,61,37
India,West Bengal,Siliguri,"Ward-32 Bapupara, Siliguri - WBPCB",09-07-2026 20:00,26.6879226,88.4152495,PM2.5,13,31,16
India,West Bengal,Siliguri,"Ward-32 Bapupara, Siliguri - WBPCB",09-07-2026 20:00,26.6879226,88.4152495,CO,8,38,28
India,Andhra Pradesh,Tirumala,"Toll Gate, Tirumala - APPCB",09-07-2026 20:00,13.67,79.35,NH3,2,3,2
India,Andhra Pradesh,Tirumala,"Toll Gate, Tirumala - APPCB",09-07-2026 20:00,13.67,79.35,SO2,4,8,6
India,Andhra Pradesh,Tirupati,"Vaikuntapuram, Tirupati - APPCB",09-07-2026 20:00,13.615387,79.40923,OZONE,35,57,44
India,Andhra Pradesh,Vijayawada,"HB Colony, Vijayawada - APPCB",09-07-2026 20:00,16.536107,80.594233,NO2,7,25,12
India,Andhra Pradesh,Vijayawada,"HB Colony, Vijayawada - APPCB",09-07-2026 20:00,16.536107,80.594233,NH3,2,5,3
India,Andhra Pradesh,Vijayawada,"HB Colony, Vijayawada - APPCB",09-07-2026 20:00,16.536107,80.594233,SO2,5,20,11
India,Andhra Pradesh,Vijayawada,"HB Colony, Vijayawada - APPCB",09-07-2026 20:00,16.536107,80.594233,CO,22,40,31
India,Andhra Pradesh,Vijayawada,"Kanuru, Vijayawada - APPCB",09-07-2026 20:00,16.486692,80.699436,CO,21,31,26
India,Andhra Pradesh,Vijayawada,"Kanuru, Vijayawada - APPCB",09-07-2026 20:00,16.486692,80.699436,OZONE,24,41,33
India,Andhra Pradesh,Vijayawada,"Rajiv Nagar, Vijayawada - APPCB",09-07-2026 20:00,16.554731,80.64911,PM2.5,53,71,64
India,Andhra Pradesh,Vijayawada,"Rajiv Nagar, Vijayawada - APPCB",09-07-2026 20:00,16.554731,80.64911,CO,17,34,23
India,Andhra Pradesh,Vijayawada,"Rajiv Gandhi Park, Vijayawada - APPCB",09-07-2026 20:00,16.509717,80.612222,PM2.5,38,181,65
India,Andhra Pradesh,Vijayawada,"Rajiv Gandhi Park, Vijayawada - APPCB",09-07-2026 20:00,16.509717,80.612222,NH3,3,8,5
India,Andhra Pradesh,Vijayawada,"Rajiv Gandhi Park, Vijayawada - APPCB",09-07-2026 20:00,16.509717,80.612222,SO2,6,19,15
India,Andhra Pradesh,Visakhapatnam,"GVM Corporation, Visakhapatnam - APPCB",09-07-2026 20:00,17.72,83.3,NO2,22,84,48
India,Bihar,Muzaffarpur,"Muzaffarpur Collectorate, Muzaffarpur - BSPCB",09-07-2026 20:00,26.1209,85.3647,OZONE,21,38,30
India,Bihar,Muzaffarpur,"Buddha Colony, Muzaffarpur - BSPCB",09-07-2026 20:00,26.11442,85.39813,PM10,39,76,57
India,Bihar,Patna,"Govt. High School Shikarpur, Patna - BSPCB",09-07-2026 20:00,25.592539,85.227158,SO2,12,13,13
India,Bihar,Patna,"Govt. High School Shikarpur, Patna - BSPCB",09-07-2026 20:00,25.592539,85.227158,CO,38,84,62
India,Bihar,Patna,"Rajbansi Nagar, Patna - BSPCB",09-07-2026 20:00,25.599486,85.113666,PM2.5,21,38,30
India,Bihar,Patna,"Rajbansi Nagar, Patna - BSPCB",09-07-2026 20:00,25.599486,85.113666,OZONE,27,35,31
India,Bihar,Patna,"Muradpur, Patna - BSPCB",09-07-2026 20:00,25.619651,85.147382,CO,43,54,49
India,Bihar,Patna,"DRM Office Danapur, Patna - BSPCB",09-07-2026 20:00,25.586562,85.043586,OZONE,11,13,12
India,Bihar,Patna,"Samanpura, Patna - BSPCB",09-07-2026 20:00,25.596727,85.085624,PM2.5,22,188,87
India,Bihar,Patna,"Samanpura, Patna - BSPCB",09-07-2026 20:00,25.596727,85.085624,NH3,4,9,8
India,Bihar,Patna,"Samanpura, Patna - BSPCB",09-07-2026 20:00,25.596727,85.085624,SO2,5,5,5
India,Bihar,Patna,"IGSC Planetarium Complex, Patna - BSPCB",09-07-2026 20:00,25.610369,85.132568,NO2,3,3,3
India,Bihar,Patna,"IGSC Planetarium Complex, Patna - BSPCB",09-07-2026 20:00,25.610369,85.132568,SO2,38,44,41
India,Assam,Nagaon,"Christianpatty, Nagaon - PCBA",09-07-2026 20:00,26.349082,92.68449,NO2,1,1,1
India,Assam,Nalbari,"Bata Chowk, Nalbari - PCBA",09-07-2026 20:00,26.446912,91.439057,OZONE,19,19,19
India,Assam,Silchar,"Tarapur, Silchar - PCBA",09-07-2026 20:00,24.82827,92.79525,PM2.5,32,33,32
India,Assam,Silchar,"Tarapur, Silchar - PCBA",09-07-2026 20:00,24.82827,92.79525,PM10,44,56,48
India,Assam,Silchar,"Tarapur, Silchar - PCBA",09-07-2026 20:00,24.82827,92.79525,NO2,16,19,18
India,Assam,Sivasagar,"Girls College, Sivasagar - PCBA",09-07-2026 20:00,26.987634,94.636574,PM10,15,19,16
India,Bihar,Araria,"Kharahiya Basti, Araria - BSPCB",09-07-2026 20:00,26.146529,87.454184,PM10,29,470,75
India,Bihar,Araria,"Kharahiya Basti, Araria - BSPCB",09-07-2026 20:00,26.146529,87.454184,NH3,5,6,5
India,Bihar,Arrah,"New DM Office, Arrah - BSPCB",09-07-2026 20:00,25.5626095,84.663264,PM10,3,500,227
India,Bihar,Arrah,"New DM Office, Arrah - BSPCB",09-07-2026 20:00,25.5626095,84.663264,SO2,5,5,5
India,Bihar,Bhagalpur,"DM Office_Kachari Chowk, Bhagalpur - BSPCB",09-07-2026 20:00,25.251013,86.989001,OZONE,18,20,18
India,Bihar,Bhagalpur,"Mayaganj, Bhagalpur - BSPCB",09-07-2026 20:00,25.265194,87.012947,SO2,4,50,14
India,Bihar,Bihar Sharif,"D M Colony, Bihar Sharif - BSPCB",09-07-2026 20:00,25.204762,85.51496,PM10,13,159,38
India,Bihar,Buxar,"Charitra Van, Buxar - BSPCB",09-07-2026 20:00,25.56752,83.966379,CO,17,28,25
India,Bihar,Chhapra,"Darshan Nagar, Chhapra - BSPCB",09-07-2026 20:00,25.7808257,84.7446768,PM10,89,109,99
India,Bihar,Gaya,"Kareemganj, Gaya - BSPCB",09-07-2026 20:00,24.792403,84.992416,NH3,0,1,1
India,Bihar,Gaya,"Kareemganj, Gaya - BSPCB",09-07-2026 20:00,24.792403,84.992416,OZONE,22,34,29
India,Bihar,Gaya,"SFTI Kusdihra, Gaya - BSPCB",09-07-2026 20:00,24.762518,84.982348,CO,17,22,19
India,Bihar,Gaya,"SFTI Kusdihra, Gaya - BSPCB",09-07-2026 20:00,24.762518,84.982348,OZONE,22,30,27
India,Bihar,Hajipur,"Industrial Area, Hajipur - BSPCB",09-07-2026 20:00,25.697189,85.2459,OZONE,27,52,38
India,Bihar,Munger,"Town Hall, Munger - BSPCB",09-07-2026 20:00,25.376776,86.471523,PM10,7,96,42
India,Bihar,Munger,"Town Hall, Munger - BSPCB",09-07-2026 20:00,25.376776,86.471523,NO2,4,5,5
India,Bihar,Munger,"Town Hall, Munger - BSPCB",09-07-2026 20:00,25.376776,86.471523,SO2,26,33,29
India,Bihar,Munger,"Town Hall, Munger - BSPCB",09-07-2026 20:00,25.376776,86.471523,OZONE,3,120,32
India,Bihar,Muzaffarpur,"MIT-Daudpur Kothi, Muzaffarpur - BSPCB",09-07-2026 20:00,26.1403345,85.3650192,PM10,22,45,30
India,Bihar,Purnia,"Mariam Nagar, Purnia - BSPCB",09-07-2026 20:00,25.366336,87.117468,CO,56,58,57
India,Bihar,Rajgir,"Dangi Tola, Rajgir - BSPCB",09-07-2026 20:00,25.0328,85.41948,CO,33,47,42
India,Chandigarh,Chandigarh,"Sector-25, Chandigarh - CPCC",09-07-2026 20:00,30.751462,76.762879,NH3,14,14,14
India,Chandigarh,Chandigarh,"Sector-25, Chandigarh - CPCC",09-07-2026 20:00,30.751462,76.762879,CO,17,21,19
India,Andhra Pradesh,Kurnool,"Sita Rama Nagar, Kurnool - APPCB",09-07-2026 20:00,15.83411,78.028546,PM2.5,15,44,33
India,Andhra Pradesh,Nellore,"Ambedkar Nagar, Nellore - APPCB ",09-07-2026 20:00,14.438164,79.966814,PM2.5,46,70,55
India,Andhra Pradesh,Nellore,"Ambedkar Nagar, Nellore - APPCB ",09-07-2026 20:00,14.438164,79.966814,NO2,21,31,24
India,Andhra Pradesh,Rajamahendravaram,"Anand Kala Kshetram, Rajamahendravaram - APPCB",09-07-2026 20:00,16.9872867,81.7363176,CO,17,35,25
India,Andhra Pradesh,Tirumala,"Toll Gate, Tirumala - APPCB",09-07-2026 20:00,13.67,79.35,NO2,30,95,61
India,Assam,Guwahati,"LGBI Airport, Guwahati - PCBA",09-07-2026 20:00,26.10887,91.589544,PM2.5,20,78,53
India,Assam,Guwahati,"Pan Bazaar, Guwahati - PCBA",09-07-2026 20:00,26.1875,91.744194,OZONE,17,20,18
India,Assam,Nagaon,"Christianpatty, Nagaon - PCBA",09-07-2026 20:00,26.349082,92.68449,PM10,40,69,52
India,Andhra Pradesh,Chittoor,"Gangineni Cheruvu, Chittoor - APPCB",09-07-2026 20:00,13.20488,79.097889,NH3,5,7,7
India,Andhra Pradesh,Eluru,"District Court, Eluru - APPCB",09-07-2026 20:00,16.711754,81.092095,PM10,55,71,63
India,Andhra Pradesh,Eluru,"District Court, Eluru - APPCB",09-07-2026 20:00,16.711754,81.092095,NH3,4,8,6
India,Andhra Pradesh,Kadapa,"Yerramukkapalli, Kadapa - APPCB",09-07-2026 20:00,14.465052,78.824187,SO2,9,19,15
India,Andhra Pradesh,Amaravati,"Secretariat, Amaravati - APPCB",09-07-2026 20:00,16.5150833,80.5181667,NO2,13,41,19
India,Andhra Pradesh,Amaravati,"Secretariat, Amaravati - APPCB",09-07-2026 20:00,16.5150833,80.5181667,SO2,11,36,19
India,Andhra Pradesh,Amaravati,"Secretariat, Amaravati - APPCB",09-07-2026 20:00,16.5150833,80.5181667,CO,1,30,9
India,Delhi,Delhi,"DTU, Delhi - CPCB",09-07-2026 20:00,28.7500499,77.1112615,OZONE,11,19,17
India,Delhi,Delhi,"IIT Delhi, Delhi - IITM",09-07-2026 20:00,28.54246,77.191651,PM2.5,0,48,17
India,Delhi,Delhi,"ITO, Delhi - CPCB",09-07-2026 20:00,28.628624,77.24106,PM2.5,9,74,26
India,Delhi,Delhi,"ITO, Delhi - CPCB",09-07-2026 20:00,28.628624,77.24106,CO,44,52,47
India,Delhi,Delhi,"R K Puram, Delhi - DPCC",09-07-2026 20:00,28.563262,77.186937,PM10,5,61,28
India,Delhi,Delhi,"R K Puram, Delhi - DPCC",09-07-2026 20:00,28.563262,77.186937,NH3,5,6,6
India,Delhi,Delhi,"R K Puram, Delhi - DPCC",09-07-2026 20:00,28.563262,77.186937,CO,27,41,32
India,Delhi,Delhi,"North Campus, DU, Delhi - IITM",09-07-2026 20:00,28.6573814,77.1585447,NO2,38,106,57
India,Delhi,Delhi,"Alipur, Delhi - DPCC",09-07-2026 20:00,28.815329,77.15301,PM10,9,59,24
India,Delhi,Delhi,"Alipur, Delhi - DPCC",09-07-2026 20:00,28.815329,77.15301,OZONE,6,8,7
India,Delhi,Delhi,"IMD Lodhi Road, Delhi - IITM",09-07-2026 20:00,28.5918245,77.2273074,PM2.5,1,53,19
India,Delhi,Delhi,"IMD Lodhi Road, Delhi - IITM",09-07-2026 20:00,28.5918245,77.2273074,CO,32,33,33
India,Delhi,Delhi,"JNU, Delhi - DPCC",09-07-2026 20:00,28.540721,77.168544,SO2,1,2,1
India,Gujarat,Vadodara,"Bapunagar, Vadodara - Nexteng Enviro",09-07-2026 20:00,22.320153,73.216285,NH3,2,3,2
India,Gujarat,Vadodara,"Bapunagar, Vadodara - Nexteng Enviro",09-07-2026 20:00,22.320153,73.216285,OZONE,3,5,4
India,Haryana,Ambala,"Patti Mehar, Ambala - HSPCB",09-07-2026 20:00,30.379589,76.778328,PM2.5,11,53,34
India,Haryana,Ambala,"Patti Mehar, Ambala - HSPCB",09-07-2026 20:00,30.379589,76.778328,NO2,19,54,30
India,Haryana,Ambala,"Patti Mehar, Ambala - HSPCB",09-07-2026 20:00,30.379589,76.778328,NH3,2,12,7
India,Haryana,Bahadurgarh,"Arya Nagar, Bahadurgarh - HSPCB",09-07-2026 20:00,28.6701,76.9254,PM2.5,25,84,48
India,Haryana,Bahadurgarh,"Arya Nagar, Bahadurgarh - HSPCB",09-07-2026 20:00,28.6701,76.9254,OZONE,22,26,24
India,Haryana,Ballabgarh,"Nathu Colony, Ballabgarh - HSPCB",09-07-2026 20:00,28.3419248,77.319699,SO2,2,4,4
India,Haryana,Bhiwani,"H.B. Colony, Bhiwani - HSPCB",09-07-2026 20:00,28.806223,76.141105,NO2,7,10,8
India,Haryana,Charkhi Dadri,"Mini Secretariat, Charkhi Dadri - HSPCB",09-07-2026 20:00,28.593883,76.270653,PM10,7,84,44
India,Haryana,Charkhi Dadri,"Mini Secretariat, Charkhi Dadri - HSPCB",09-07-2026 20:00,28.593883,76.270653,NO2,9,22,15
India,Haryana,Charkhi Dadri,"Mini Secretariat, Charkhi Dadri - HSPCB",09-07-2026 20:00,28.593883,76.270653,CO,8,17,13
India,Haryana,Charkhi Dadri,"Mini Secretariat, Charkhi Dadri - HSPCB",09-07-2026 20:00,28.593883,76.270653,OZONE,28,35,33
India,Haryana,Dharuhera,"Municipal Corporation Office, Dharuhera -  HSPCB",09-07-2026 20:00,28.2068,76.7997,CO,55,82,68
India,Chandigarh,Chandigarh,"Sector-53, Chandigarh - CPCC",09-07-2026 20:00,30.719859,76.738637,PM10,1,24,13
India,Chandigarh,Chandigarh,"Sector-53, Chandigarh - CPCC",09-07-2026 20:00,30.719859,76.738637,CO,33,51,39
India,Chhattisgarh,Bhilai,"32Bungalows, Bhilai - CECB",09-07-2026 20:00,21.194815,81.31477,OZONE,22,24,23
India,Chhattisgarh,Korba,"Urja Nagar, Korba - CECB",09-07-2026 20:00,22.348441,82.549611,PM10,12,38,24
India,Chhattisgarh,Korba,"Urja Nagar, Korba - CECB",09-07-2026 20:00,22.348441,82.549611,NH3,1,1,1
India,Chhattisgarh,Korba,"Rampur, Korba - CECB",09-07-2026 20:00,22.368195,82.746431,SO2,3,8,5
India,Chhattisgarh,Kunjemura,"OP Jindal School, Kunjemura - CECB",09-07-2026 20:00,22.12665,83.483212,PM10,21,101,45
India,Chhattisgarh,Kunjemura,"OP Jindal School, Kunjemura - CECB",09-07-2026 20:00,22.12665,83.483212,NO2,9,16,12
India,Chhattisgarh,Milupara,"Govt. Higher Secondary School, Milupara - CECB",09-07-2026 20:00,22.1910172,83.5197009,PM2.5,7,42,19
India,Chhattisgarh,Milupara,"Govt. Higher Secondary School, Milupara - CECB",09-07-2026 20:00,22.1910172,83.5197009,OZONE,61,87,75
India,Chhattisgarh,Raipur,"Bhatagaon New ISBT, Raipur - CECB",09-07-2026 20:00,21.219665,81.630094,PM2.5,5,24,9
India,Delhi,Delhi,"Sirifort, Delhi - CPCB",09-07-2026 20:00,28.5504249,77.2159377,NO2,9,29,18
India,Delhi,Delhi,"Sirifort, Delhi - CPCB",09-07-2026 20:00,28.5504249,77.2159377,CO,5,13,10
India,Delhi,Delhi,"Sirifort, Delhi - CPCB",09-07-2026 20:00,28.5504249,77.2159377,OZONE,8,15,11
India,Delhi,Delhi,"Chandni Chowk, Delhi - IITM",09-07-2026 20:00,28.656756,77.227234,NO2,8,16,11
India,Delhi,Delhi,"Chandni Chowk, Delhi - IITM",09-07-2026 20:00,28.656756,77.227234,CO,56,73,62
India,Delhi,Delhi,"Mandir Marg, Delhi - DPCC",09-07-2026 20:00,28.636429,77.201067,PM2.5,5,78,19
India,Delhi,Delhi,"Mandir Marg, Delhi - DPCC",09-07-2026 20:00,28.636429,77.201067,PM10,6,103,44
India,Delhi,Delhi,"Mandir Marg, Delhi - DPCC",09-07-2026 20:00,28.636429,77.201067,NH3,6,6,6
India,Delhi,Delhi,"Pusa, Delhi - DPCC",09-07-2026 20:00,28.639652,77.146275,CO,67,143,84
India,Gujarat,Ahmedabad,"SAC ISRO Satellite, Ahmedabad - IITM",09-07-2026 20:00,23.023389,72.515201,OZONE,18,37,30
India,Gujarat,Ahmedabad,"Maninagar, Ahmedabad - GPCB",09-07-2026 20:00,23.002657,72.591912,SO2,11,52,25
India,Gujarat,Ahmedabad,"Maninagar, Ahmedabad - GPCB",09-07-2026 20:00,23.002657,72.591912,OZONE,55,62,58
India,Gujarat,Ahmedabad,"Chandkheda, Ahmedabad - IITM",09-07-2026 20:00,23.107969,72.574648,CO,32,48,37
India,Gujarat,Ahmedabad,"SAC ISRO Bopal, Ahmedabad - IITM",09-07-2026 20:00,23.041137,72.456691,PM2.5,36,109,63
India,Gujarat,Ahmedabad,"Gyaspur, Ahmedabad - IITM",09-07-2026 20:00,22.977134,72.553024,CO,35,63,51
India,Gujarat,Ahmedabad,"SVPI Airport Hansol, Ahmedabad - IITM",09-07-2026 20:00,23.076793,72.627874,PM2.5,32,54,41
India,Gujarat,Ahmedabad,"Rakhial, Ahmedabad - IITM",09-07-2026 20:00,23.016834,72.625775,NO2,1,19,12
India,Gujarat,Ahmedabad,"Rakhial, Ahmedabad - IITM",09-07-2026 20:00,23.016834,72.625775,SO2,11,19,13
India,Gujarat,Bhavnagar,"Vidhyanagar, Bhavnagar - Nexteng Enviro",09-07-2026 20:00,21.755417,72.139056,OZONE,12,17,15
India,Gujarat,Gandhinagar,"IIPHG Lekawada, Gandhinagar - IITM",09-07-2026 20:00,23.243639,72.68994,PM2.5,12,64,38
India,Gujarat,Gandhinagar,"IIPHG Lekawada, Gandhinagar - IITM",09-07-2026 20:00,23.243639,72.68994,NH3,0,2,1
India,Gujarat,Gandhinagar,"IIPHG Lekawada, Gandhinagar - IITM",09-07-2026 20:00,23.243639,72.68994,OZONE,2,102,15
India,Gujarat,Mehsana,"Sadanand Nagar, Mehsana - Nexteng Enviro",09-07-2026 20:00,23.59315,72.372792,NO2,8,11,9
India,Gujarat,Surat,"Katargam, Surat - Nexteng Enviro",09-07-2026 20:00,21.217779,72.834787,PM10,62,111,86
India,Gujarat,Surat,"Katargam, Surat - Nexteng Enviro",09-07-2026 20:00,21.217779,72.834787,NO2,3,36,17
India,Delhi,Delhi,"Sonia Vihar, Delhi - DPCC",09-07-2026 20:00,28.710508,77.249485,CO,38,46,42
India,Delhi,Delhi,"Bawana, Delhi - DPCC",09-07-2026 20:00,28.7762,77.051074,OZONE,3,5,4
India,Delhi,Delhi,"Nehru Nagar, Delhi - DPCC",09-07-2026 20:00,28.56789,77.250515,SO2,19,27,20
India,Delhi,Delhi,"Patparganj, Delhi - DPCC",09-07-2026 20:00,28.623763,77.287209,OZONE,11,16,14
India,Delhi,Delhi,"Jawaharlal Nehru Stadium, Delhi - DPCC",09-07-2026 20:00,28.58028,77.233829,PM10,10,103,47
India,Delhi,Delhi,"IHBAS, Dilshad Garden, Delhi - CPCB",09-07-2026 20:00,28.6811736,77.3025234,NO2,16,45,24
India,Delhi,Delhi,"IHBAS, Dilshad Garden, Delhi - CPCB",09-07-2026 20:00,28.6811736,77.3025234,NH3,3,7,4
India,Delhi,Delhi,"Sri Aurobindo Marg, Delhi - DPCC",09-07-2026 20:00,28.531346,77.190156,CO,32,38,34
India,Delhi,Delhi,"Okhla Phase-2, Delhi - DPCC",09-07-2026 20:00,28.530785,77.271255,PM2.5,2,68,24
India,Chhattisgarh,Raipur,"Bhatagaon New ISBT, Raipur - CECB",09-07-2026 20:00,21.219665,81.630094,OZONE,2,6,4
India,Chhattisgarh,Raipur,"Siltara Phase-II, Raipur - CECB",09-07-2026 20:00,21.371751,81.664929,PM2.5,8,53,35
India,Chhattisgarh,Raipur,"Siltara Phase-II, Raipur - CECB",09-07-2026 20:00,21.371751,81.664929,PM10,10,104,56
India,Chhattisgarh,Raipur,"Siltara Phase-II, Raipur - CECB",09-07-2026 20:00,21.371751,81.664929,OZONE,5,13,8
India,Chhattisgarh,Raipur,"AIIMS, Raipur - CECB",09-07-2026 20:00,21.258815,81.578979,NH3,4,4,4
India,Delhi,Delhi,"Pusa, Delhi - IITM",09-07-2026 20:00,28.63611,77.173332,PM10,0,61,21
India,Delhi,Delhi,"Pusa, Delhi - IITM",09-07-2026 20:00,28.63611,77.173332,OZONE,26,49,40
India,Delhi,Delhi,"Major Dhyan Chand National Stadium, Delhi - DPCC",09-07-2026 20:00,28.611281,77.237738,CO,34,42,37
India,Delhi,Delhi,"Jahangirpuri, Delhi - DPCC",09-07-2026 20:00,28.73282,77.170633,PM10,80,143,105
India,Delhi,Delhi,"Jahangirpuri, Delhi - DPCC",09-07-2026 20:00,28.73282,77.170633,NO2,11,37,19
India,Delhi,Delhi,"Najafgarh, Delhi - DPCC",09-07-2026 20:00,28.570173,76.933762,OZONE,18,24,21
India,Delhi,Delhi,"Mundka, Delhi - DPCC",09-07-2026 20:00,28.684678,77.076574,SO2,5,17,9
India,Delhi,Delhi,"Mundka, Delhi - DPCC",09-07-2026 20:00,28.684678,77.076574,OZONE,4,6,5
India,Delhi,Delhi,"Wazirpur, Delhi - DPCC",09-07-2026 20:00,28.699793,77.165453,OZONE,18,19,19
India,Delhi,Delhi,"Dr. Karni Singh Shooting Range, Delhi - DPCC",09-07-2026 20:00,28.498571,77.26484,CO,21,33,25
India,Delhi,Delhi,"Anand Vihar, Delhi - DPCC",09-07-2026 20:00,28.647622,77.315809,SO2,15,23,19
India,Delhi,Delhi,"Dwarka-Sector 8, Delhi - DPCC ",09-07-2026 20:00,28.5710274,77.0719006,NO2,5,25,13
India,Delhi,Delhi,"CRRI Mathura Road, Delhi - IITM",09-07-2026 20:00,28.5512005,77.2735737,NO2,25,46,34
India,Delhi,Delhi,"Aya Nagar, Delhi - IITM",09-07-2026 20:00,28.4706914,77.1099364,CO,23,28,26
India,Delhi,Delhi,"NSIT Dwarka, Delhi - CPCB",09-07-2026 20:00,28.60909,77.0325413,PM2.5,54,72,60
India,Delhi,Delhi,"NSUT Jaffarpur, Delhi - DPCC",09-07-2026 20:00,28.594004,76.909423,CO,36,43,41
India,Delhi,Delhi,"Talkatora Garden, Delhi - DPCC",09-07-2026 20:00,28.62181,77.1944633,OZONE,14,23,19
India,Delhi,Delhi,"IGI Airport (T3), Delhi - IITM",09-07-2026 20:00,28.5627763,77.1180053,PM2.5,3,49,16
India,Karnataka,Ramanagara,"Vijay Nagar, Ramanagara - KSPCB",09-07-2026 20:00,12.733409,77.298051,PM2.5,17,43,26
India,Karnataka,Shivamogga,"Vinoba Nagara, Shivamogga - KSPCB",09-07-2026 20:00,13.94,75.555917,PM10,34,52,42
India,Karnataka,Shivamogga,"Vinoba Nagara, Shivamogga - KSPCB",09-07-2026 20:00,13.94,75.555917,NO2,21,30,23
India,Karnataka,Shivamogga,"Vinoba Nagara, Shivamogga - KSPCB",09-07-2026 20:00,13.94,75.555917,SO2,2,6,4
India,Karnataka,Shivamogga,"Vinoba Nagara, Shivamogga - KSPCB",09-07-2026 20:00,13.94,75.555917,CO,14,25,21
India,Karnataka,Vijayapura,"Ibrahimpur, Vijayapura - KSPCB",09-07-2026 20:00,16.802639,75.722694,CO,18,37,24
India,Kerala,Kollam,"Polayathode, Kollam - Kerala PCB",09-07-2026 20:00,8.8787,76.6073,SO2,1,4,3
India,Kerala,Thiruvananthapuram,"Plammoodu, Thiruvananthapuram - Kerala PCB",09-07-2026 20:00,8.5149093,76.9435879,NH3,0,0,0
India,Kerala,Thiruvananthapuram,"Kariavattom, Thiruvananthapuram - Kerala PCB",09-07-2026 20:00,8.5637,76.8865,PM10,28,130,62
India,Kerala,Thiruvananthapuram,"Kariavattom, Thiruvananthapuram - Kerala PCB",09-07-2026 20:00,8.5637,76.8865,NH3,0,0,0
India,Kerala,Thiruvananthapuram,"Kariavattom, Thiruvananthapuram - Kerala PCB",09-07-2026 20:00,8.5637,76.8865,SO2,6,7,7
India,Madhya Pradesh,Bhopal,"Paryavaran Parisar, Bhopal - MPPCB",09-07-2026 20:00,23.210494,77.425409,OZONE,16,27,22
India,Madhya Pradesh,Bhopal,"Idgah Hills, Bhopal - MPPCB",09-07-2026 20:00,23.264759,77.381568,SO2,4,5,5
India,Madhya Pradesh,Bhopal,"Idgah Hills, Bhopal - MPPCB",09-07-2026 20:00,23.264759,77.381568,CO,4,7,5
India,Madhya Pradesh,Bhopal,"Idgah Hills, Bhopal - MPPCB",09-07-2026 20:00,23.264759,77.381568,OZONE,11,20,17
India,Madhya Pradesh,Dewas,"Bhopal Chauraha, Dewas - MPPCB",09-07-2026 20:00,22.9682591,76.064118,NO2,68,102,84
India,Madhya Pradesh,Dewas,"Bhopal Chauraha, Dewas - MPPCB",09-07-2026 20:00,22.9682591,76.064118,SO2,7,65,27
India,Madhya Pradesh,Gwalior,"Maharaj Bada, Gwalior - MPPCB",09-07-2026 20:00,26.200388,78.147714,PM10,46,70,58
India,Madhya Pradesh,Gwalior,"Maharaj Bada, Gwalior - MPPCB",09-07-2026 20:00,26.200388,78.147714,NO2,12,57,37
India,Madhya Pradesh,Gwalior,"Maharaj Bada, Gwalior - MPPCB",09-07-2026 20:00,26.200388,78.147714,NH3,0,2,1
India,Madhya Pradesh,Gwalior,"Deen Dayal Nagar, Gwalior - MPPCB",09-07-2026 20:00,26.259242,78.216432,PM10,6,433,86
India,Madhya Pradesh,Gwalior,"Deen Dayal Nagar, Gwalior - MPPCB",09-07-2026 20:00,26.259242,78.216432,NH3,4,40,8
India,Madhya Pradesh,Indore,"Regional Park, Indore - IMC",09-07-2026 20:00,22.678,75.8559,PM2.5,4,61,33
India,Madhya Pradesh,Indore,"Maguda Nagar, Indore - IMC",09-07-2026 20:00,22.7524,75.8872,PM2.5,10,46,34
India,Madhya Pradesh,Indore,"Maguda Nagar, Indore - IMC",09-07-2026 20:00,22.7524,75.8872,OZONE,11,12,12
India,Madhya Pradesh,Indore,"Chhoti Gwaltoli, Indore - MPPCB",09-07-2026 20:00,22.431,75.5213,PM10,65,113,82
India,Haryana,Panchkula,"Sector-6, Panchkula - HSPCB ",09-07-2026 20:00,30.7057778,76.85318056,NO2,22,26,24
India,Haryana,Panchkula,"Sector-6, Panchkula - HSPCB ",09-07-2026 20:00,30.7057778,76.85318056,SO2,10,13,11
India,Haryana,Panipat,"Sector-18, Panipat - HSPCB",09-07-2026 20:00,29.432304,76.972765,PM2.5,2,90,37
India,Haryana,Panipat,"Sector-18, Panipat - HSPCB",09-07-2026 20:00,29.432304,76.972765,NH3,7,12,10
India,Haryana,Sirsa,"F-Block, Sirsa - HSPCB",09-07-2026 20:00,29.5364,75.0158,PM10,6,45,25
India,Haryana,Sirsa,"F-Block, Sirsa - HSPCB",09-07-2026 20:00,29.5364,75.0158,NO2,15,23,19
India,Haryana,Yamuna Nagar,"Gobind Pura, Yamuna Nagar - HSPCB",09-07-2026 20:00,30.1480566,77.2893471,NH3,8,13,11
India,Himachal Pradesh,Baddi,"HIMUDA Complex Phase-1, Baddi - HPPCB",09-07-2026 20:00,30.943887,76.801991,PM2.5,2,173,56
India,Jammu and Kashmir,Pampore,"Khrew, Pampore - JKPCC",09-07-2026 20:00,34.031606,75.009712,PM2.5,14,39,26
India,Jammu and Kashmir,Srinagar,"Rajbagh, Srinagar - JKPCC",09-07-2026 20:00,34.066206,74.81982,PM2.5,17,32,24
India,Karnataka,Bengaluru,"Hebbal, Bengaluru - KSPCB",09-07-2026 20:00,13.029152,77.585901,PM2.5,3,51,11
India,Karnataka,Bengaluru,"Hebbal, Bengaluru - KSPCB",09-07-2026 20:00,13.029152,77.585901,SO2,10,18,14
India,Karnataka,Bengaluru,"Jigani, Bengaluru - KSPCB",09-07-2026 20:00,12.7816279,77.6299145,SO2,18,18,18
India,Karnataka,Bengaluru,"Jigani, Bengaluru - KSPCB",09-07-2026 20:00,12.7816279,77.6299145,OZONE,28,29,29
India,Karnataka,Bengaluru,"Bapuji Nagar, Bengaluru - KSPCB",09-07-2026 20:00,12.951913,77.539784,PM2.5,13,36,24
India,Karnataka,Chamarajanagar,"Urban, Chamarajanagar - KSPCB",09-07-2026 20:00,11.55358,76.55521,NH3,1,2,2
India,Karnataka,Chikkaballapur,"Chikkaballapur Rural, Chikkaballapur - KSPCB",09-07-2026 20:00,13.428828,77.731418,PM10,22,128,49
India,Karnataka,Chikkaballapur,"Chikkaballapur Rural, Chikkaballapur - KSPCB",09-07-2026 20:00,13.428828,77.731418,CO,34,35,35
India,Karnataka,Chikkamagaluru,"Kalyana Nagara, Chikkamagaluru - KSPCB",09-07-2026 20:00,13.328028,75.797056,PM10,30,45,38
India,Karnataka,Dharwad,"Kalabhavan, Dharwad - KSPCB",09-07-2026 20:00,15.459706,75.008381,PM2.5,33,63,47
India,Haryana,Jind,"Police Lines, Jind - HSPCB",09-07-2026 20:00,29.307814,76.337619,PM10,25,47,35
India,Haryana,Jind,"Police Lines, Jind - HSPCB",09-07-2026 20:00,29.307814,76.337619,NO2,12,14,13
India,Haryana,Jind,"Police Lines, Jind - HSPCB",09-07-2026 20:00,29.307814,76.337619,CO,5,104,43
India,Haryana,Kaithal,"Rishi Nagar, Kaithal - HSPCB",09-07-2026 20:00,29.8006,76.4155,PM2.5,25,68,52
India,Haryana,Kurukshetra,"Sector-7, Kurukshetra - HSPCB",09-07-2026 20:00,29.966942,76.875879,CO,8,19,13
India,Haryana,Mandikhera,"General Hospital, Mandikhera(Nuh) - HSPCB",09-07-2026 20:00,27.9002,76.9938,OZONE,46,48,47
India,Haryana,Manesar,"Sector-2 IMT, Manesar - HSPCB",09-07-2026 20:00,28.360699,76.93609,NO2,22,80,42
India,Haryana,Manesar,"Sector-2 IMT, Manesar - HSPCB",09-07-2026 20:00,28.360699,76.93609,SO2,4,26,8
India,Haryana,Manesar,"Sector-2 IMT, Manesar - HSPCB",09-07-2026 20:00,28.360699,76.93609,CO,8,13,10
India,Haryana,Manesar,"Sector-2 IMT, Manesar - HSPCB",09-07-2026 20:00,28.360699,76.93609,OZONE,12,39,24
India,Haryana,Narnaul,"Shastri Nagar, Narnaul - HSPCB",09-07-2026 20:00,28.060249,76.113115,SO2,9,11,10
India,Haryana,Palwal,"Shyam Nagar, Palwal - HSPCB",09-07-2026 20:00,28.1485564,77.3320667,NO2,23,24,24
India,Karnataka,Dharwad,"Kalabhavan, Dharwad - KSPCB",09-07-2026 20:00,15.459706,75.008381,NO2,23,26,24
India,Karnataka,Gadag,"Panchal Nagar, Gadag - KSPCB",09-07-2026 20:00,15.411456,75.638133,OZONE,20,20,20
India,Karnataka,Hubballi,"Lingaraj Nagar, Hubballi - KSPCB",09-07-2026 20:00,15.3714823,75.1160168,NH3,1,3,2
India,Karnataka,Hubballi,"Lingaraj Nagar, Hubballi - KSPCB",09-07-2026 20:00,15.3714823,75.1160168,CO,14,16,15
India,Karnataka,Hubballi,"Lingaraj Nagar, Hubballi - KSPCB",09-07-2026 20:00,15.3714823,75.1160168,OZONE,26,32,28
India,Karnataka,Karwar,"KHB Colony, Karwar - KSPCB",09-07-2026 20:00,14.816666,74.141003,NH3,3,5,4
India,Karnataka,Koppal,"Diwator Nagar, Koppal - KSPCB",09-07-2026 20:00,15.34763,76.181767,NH3,8,8,8
India,Karnataka,Koppal,"Diwator Nagar, Koppal - KSPCB",09-07-2026 20:00,15.34763,76.181767,SO2,14,15,14
India,Karnataka,Mangalore,"Kadri, Mangalore - KSPCB",09-07-2026 20:00,12.88925,74.853,NO2,1,4,3
India,Karnataka,Mangalore,"Kadri, Mangalore - KSPCB",09-07-2026 20:00,12.88925,74.853,NH3,0,1,1
India,Karnataka,Mysuru,"Hebbal 1st Stage, Mysuru - KSPCB",09-07-2026 20:00,12.21041,76.37376,PM2.5,11,49,22
India,Karnataka,Mysuru,"Hebbal 1st Stage, Mysuru - KSPCB",09-07-2026 20:00,12.21041,76.37376,CO,11,31,20
India,Jharkhand,Jorapokhar,"Tata Stadium, Jorapokhar - JSPCB",09-07-2026 20:00,23.707909,86.41467,SO2,4,4,4
India,Jharkhand,Jorapokhar,"Tata Stadium, Jorapokhar - JSPCB",09-07-2026 20:00,23.707909,86.41467,OZONE,2,9,4
India,Karnataka,Bagalkot,"Vidayagiri, Bagalkot - KSPCB",09-07-2026 20:00,16.172806,75.659694,NO2,10,10,10
India,Karnataka,Bengaluru,"BTM Layout, Bengaluru - CPCB",09-07-2026 20:00,12.9135218,77.5950804,OZONE,24,25,25
India,Karnataka,Bengaluru,"BWSSB Kadabesanahalli, Bengaluru - CPCB",09-07-2026 20:00,12.9352049,77.6814488,PM2.5,55,61,60
India,Karnataka,Bengaluru,"BWSSB Kadabesanahalli, Bengaluru - CPCB",09-07-2026 20:00,12.9352049,77.6814488,NH3,1,1,1
India,Karnataka,Bengaluru,"BWSSB Kadabesanahalli, Bengaluru - CPCB",09-07-2026 20:00,12.9352049,77.6814488,SO2,2,4,4
India,Karnataka,Bengaluru,"Kasturi Nagar, Bengaluru - KSPCB",09-07-2026 20:00,13.003872,77.664217,PM2.5,90,110,104
India,Karnataka,Bengaluru,"Kasturi Nagar, Bengaluru - KSPCB",09-07-2026 20:00,13.003872,77.664217,CO,49,54,50
India,Karnataka,Bengaluru,"Sanegurava Halli, Bengaluru - KSPCB",09-07-2026 20:00,12.990328,77.5431385,NO2,18,19,18
India,Madhya Pradesh,Indore,"Chhoti Gwaltoli, Indore - MPPCB",09-07-2026 20:00,22.431,75.5213,NH3,4,5,5
India,Madhya Pradesh,Indore,"Airport Area, Indore - IMC",09-07-2026 20:00,22.7289,75.8076,PM2.5,3,86,65
India,Madhya Pradesh,Indore,"Airport Area, Indore - IMC",09-07-2026 20:00,22.7289,75.8076,PM10,4,90,60
India,Madhya Pradesh,Jabalpur,"Marhatal, Jabalpur - MPPCB",09-07-2026 20:00,23.168606,79.932247,NO2,14,31,23
India,Madhya Pradesh,Katni,"Gole Bazar, Katni - MPPCB",09-07-2026 20:00,23.50016,80.23284,PM2.5,16,68,47
India,Madhya Pradesh,Maihar,"Sahilara, Maihar - KJS Cements",09-07-2026 20:00,24.2613009,80.7231783,PM10,7,67,37
India,Haryana,Faridabad,"Sector 30, Faridabad - HSPCB",09-07-2026 20:00,28.4417,77.3217,CO,27,79,57
India,Haryana,Faridabad,"Sector 11, Faridabad - HSPCB",09-07-2026 20:00,28.376058,77.315741,SO2,2,9,5
India,Haryana,Gurugram,"Sector-51, Gurugram - HSPCB",09-07-2026 20:00,28.4227,77.0667,NH3,7,17,10
India,Haryana,Gurugram,"Vikas Sadan, Gurugram - HSPCB",09-07-2026 20:00,28.4501238,77.0263051,PM10,9,136,51
India,Haryana,Gurugram,"Teri Gram, Gurugram - HSPCB",09-07-2026 20:00,28.4275,77.1465,NH3,7,20,13
India,Haryana,Gurugram,"Teri Gram, Gurugram - HSPCB",09-07-2026 20:00,28.4275,77.1465,SO2,4,20,12
India,Maharashtra,Mumbai,"Navy Nagar-Colaba, Mumbai - IITM",09-07-2026 20:00,18.897756,72.81332,PM10,69,115,91
India,Maharashtra,Mumbai,"Navy Nagar-Colaba, Mumbai - IITM",09-07-2026 20:00,18.897756,72.81332,SO2,2,12,7
India,Maharashtra,Mumbai,"Ghatkopar, Mumbai - BMC",09-07-2026 20:00,19.083694,72.920967,PM10,71,107,88
India,Maharashtra,Mumbai,"Ghatkopar, Mumbai - BMC",09-07-2026 20:00,19.083694,72.920967,SO2,1,2,2
India,Maharashtra,Mumbai,"Ghatkopar, Mumbai - BMC",09-07-2026 20:00,19.083694,72.920967,OZONE,30,30,30
India,Maharashtra,Mumbai,"Bandra Kurla Complex, Mumbai - IITM",09-07-2026 20:00,19.053536,72.84643,PM2.5,9,30,17
India,Maharashtra,Mumbai,"Bandra Kurla Complex, Mumbai - IITM",09-07-2026 20:00,19.053536,72.84643,CO,6,12,10
India,Maharashtra,Mumbai,"Borivali East, Mumbai - IITM",09-07-2026 20:00,19.23241,72.86895,PM10,52,87,67
India,Maharashtra,Mumbai,"Borivali East, Mumbai - IITM",09-07-2026 20:00,19.23241,72.86895,CO,42,56,48
India,Maharashtra,Mumbai,"Kurla, Mumbai - MPCB",09-07-2026 20:00,19.0863,72.8888,CO,15,17,16
India,Maharashtra,Mumbai,"Kurla, Mumbai - MPCB",09-07-2026 20:00,19.0863,72.8888,OZONE,28,28,28
India,Maharashtra,Mumbai,"Siddharth Nagar-Worli, Mumbai - IITM",09-07-2026 20:00,19.000083,72.813993,NO2,16,29,21
India,Maharashtra,Mumbai,"Siddharth Nagar-Worli, Mumbai - IITM",09-07-2026 20:00,19.000083,72.813993,NH3,1,2,2
India,Maharashtra,Mumbai,"Khindipada-Bhandup West, Mumbai - IITM",09-07-2026 20:00,19.1653323,72.922099,PM2.5,9,44,27
India,Maharashtra,Mumbai,"Khindipada-Bhandup West, Mumbai - IITM",09-07-2026 20:00,19.1653323,72.922099,CO,2,8,5
India,Maharashtra,Mumbai,"Khindipada-Bhandup West, Mumbai - IITM",09-07-2026 20:00,19.1653323,72.922099,OZONE,1,5,3
India,Maharashtra,Jalna,"Old MIDC, Jalna - MPCB",09-07-2026 20:00,19.854616,75.905894,PM2.5,20,53,32
India,Maharashtra,Jalna,"Old MIDC, Jalna - MPCB",09-07-2026 20:00,19.854616,75.905894,PM10,28,75,45
India,Maharashtra,Kolhapur,"Sinchan Bhavan, Kolhapur - MPCB",09-07-2026 20:00,16.7143745,74.2426398,SO2,0,9,1
India,Maharashtra,Latur,"Sawe Wadi, Latur - MPCB",09-07-2026 20:00,18.39963,76.57452,PM2.5,8,49,23
India,Maharashtra,Latur,"Sawe Wadi, Latur - MPCB",09-07-2026 20:00,18.39963,76.57452,CO,14,27,19
India,Maharashtra,Mahad,"Kamble Tarf Birwadi, Mahad - MPCB",09-07-2026 20:00,18.1023399,73.4783687,SO2,12,19,15
India,Maharashtra,Mahad,"Kamble Tarf Birwadi, Mahad - MPCB",09-07-2026 20:00,18.1023399,73.4783687,CO,21,25,23
India,Maharashtra,Mira-Bhayandar,"Bhayandar West, Mira-Bhayandar - MPCB",09-07-2026 20:00,19.296481,72.840923,PM10,26,43,35
India,Maharashtra,Mumbai,"Sion, Mumbai - MPCB",09-07-2026 20:00,19.047,72.8746,NH3,6,6,6
India,Maharashtra,Mumbai,"Sion, Mumbai - MPCB",09-07-2026 20:00,19.047,72.8746,CO,17,19,18
India,Maharashtra,Belapur,"CBD Belapur, Belapur - MPCB",09-07-2026 20:00,19.0243902,73.0406721,OZONE,4,8,6
India,Maharashtra,Bhiwandi,"Gokul Nagar, Bhiwandi - MPCB",09-07-2026 20:00,19.309073,73.057223,NO2,14,34,25
India,Maharashtra,Boisar,"Khaira, Boisar - MPCB",09-07-2026 20:00,19.786089,72.757971,CO,1,9,4
India,Maharashtra,Chandrapur,"Chauhan Colony, Chandrapur - MPCB",09-07-2026 20:00,19.9629,79.298714,NO2,13,19,16
India,Maharashtra,Chandrapur,"MIDC Khutala, Chandrapur - MPCB",09-07-2026 20:00,19.9775302,79.2337086,NO2,9,19,13
India,Maharashtra,Dhule,"Deopur, Dhule - MPCB",09-07-2026 20:00,20.918946,74.776388,PM2.5,21,45,33
India,Maharashtra,Dhule,"Deopur, Dhule - MPCB",09-07-2026 20:00,20.918946,74.776388,NH3,1,4,2
India,Maharashtra,Dhule,"Deopur, Dhule - MPCB",09-07-2026 20:00,20.918946,74.776388,OZONE,8,11,9
India,Maharashtra,Dombivli,"Kalu Nagar, Dombivli - MPCB",09-07-2026 20:00,19.2268427,73.0788456,OZONE,10,17,15
India,Maharashtra,Hingoli,"Ashta Vinayak Nagar, Hingoli - MPCB",09-07-2026 20:00,19.710842,77.151824,PM2.5,3,58,25
India,Maharashtra,Hingoli,"Ashta Vinayak Nagar, Hingoli - MPCB",09-07-2026 20:00,19.710842,77.151824,NO2,5,23,9
India,Maharashtra,Jalgaon,"Prabhat Colony, Jalgaon - MPCB",09-07-2026 20:00,21.001264,75.565602,PM10,20,413,64
India,Maharashtra,Akola,"Ramdaspeth, Akola - MPCB",09-07-2026 20:00,20.719516,77.000253,PM10,31,89,45
India,Maharashtra,Amravati,"Shri Shivaji Science College, Amravati - MPCB",09-07-2026 20:00,20.939198,77.765701,PM2.5,11,54,26
India,Maharashtra,Amravati,"Shri Shivaji Science College, Amravati - MPCB",09-07-2026 20:00,20.939198,77.765701,PM10,19,85,46
India,Maharashtra,Amravati,"Shivneri Colony, Amravati - MPCB",09-07-2026 20:00,20.9402359,77.7895248,NH3,2,2,2
India,Maharashtra,Aurangabad,"More Chowk Waluj, Aurangabad - MPCB",09-07-2026 20:00,19.8389439,75.244448,PM10,42,55,50
India,Maharashtra,Aurangabad,"More Chowk Waluj, Aurangabad - MPCB",09-07-2026 20:00,19.8389439,75.244448,OZONE,13,37,21
India,Maharashtra,Aurangabad,"MIDC Chilkalthana, Aurangabad - MPCB",09-07-2026 20:00,19.87562,75.38731,PM10,91,210,143
India,Maharashtra,Badlapur,"Katrap, Badlapur - MPCB",09-07-2026 20:00,19.16485,73.23409,NO2,13,18,17
India,Maharashtra,Beed,"Bir, Beed - MPCB",09-07-2026 20:00,18.988474,75.753873,SO2,0,4,2
India,Maharashtra,Belapur,"CBD Belapur, Belapur - MPCB",09-07-2026 20:00,19.0243902,73.0406721,PM2.5,30,51,40
India,Madhya Pradesh,Sagar,"Civil Lines, Sagar - MPPCB",09-07-2026 20:00,23.838586,78.759431,NO2,1,10,5
India,Madhya Pradesh,Satna,"Bandhavgar Colony, Satna - Birla Cement",09-07-2026 20:00,24.58434363,80.8549414,PM2.5,48,52,50
India,Madhya Pradesh,Singrauli,"Suryakiran Bhawan NCL, Singrauli - MPPCB",09-07-2026 20:00,24.10897,82.64558,CO,20,28,24
India,Madhya Pradesh,Ujjain,"Mahashweta Nagar, Ujjain - MPPCB",09-07-2026 20:00,23.1633321,75.800225,PM10,20,78,58
India,Madhya Pradesh,Ujjain,"Mahashweta Nagar, Ujjain - MPPCB",09-07-2026 20:00,23.1633321,75.800225,SO2,3,5,4
India,Maharashtra,Ahmednagar,"Tarakpur, Ahmednagar - MPCB",09-07-2026 20:00,19.10122,74.73339,CO,8,12,10
India,Maharashtra,Mumbai,"Worli, Mumbai - MPCB",09-07-2026 20:00,18.9936162,72.8128113,SO2,1,5,3
India,Maharashtra,Mumbai,"Byculla, Mumbai - BMC",09-07-2026 20:00,18.9767,72.838,NH3,1,3,2
India,Maharashtra,Mumbai,"Kherwadi_Bandra East, Mumbai - MPCB",09-07-2026 20:00,19.0632143,72.8456324,OZONE,8,39,23
India,Maharashtra,Mumbai,"Bandra Kurla Complex, Mumbai - MPCB",09-07-2026 20:00,19.065931,72.862131,NH3,1,2,1
India,Maharashtra,Mumbai,"Bandra Kurla Complex, Mumbai - MPCB",09-07-2026 20:00,19.065931,72.862131,CO,23,28,26
India,Maharashtra,Mumbai,"Shivaji Nagar, Mumbai - BMC",09-07-2026 20:00,19.060498,72.923356,PM2.5,18,51,31
India,Maharashtra,Mumbai,"Mazgaon, Mumbai - IITM",09-07-2026 20:00,18.96702,72.84214,NH3,1,4,2
India,Maharashtra,Mumbai,"Mazgaon, Mumbai - IITM",09-07-2026 20:00,18.96702,72.84214,OZONE,12,19,15
India,Maharashtra,Mumbai,"Chembur, Mumbai - MPCB",09-07-2026 20:00,19.0364585,72.8954371,PM10,20,101,72
India,Maharashtra,Nashik,"Gangapur Road, Nashik - MPCB",09-07-2026 20:00,20.0073285,73.7762427,PM2.5,27,62,46
India,Maharashtra,Nashik,"Pandav Nagari, Nashik - MPCB",09-07-2026 20:00,19.9591346,73.7788008,NH3,1,4,1
India,Maharashtra,Navi Mumbai,"Nerul, Navi Mumbai - MPCB",09-07-2026 20:00,19.008751,73.01662,PM2.5,10,33,22
India,Maharashtra,Navi Mumbai,"Nerul, Navi Mumbai - MPCB",09-07-2026 20:00,19.008751,73.01662,NO2,8,9,9
India,Maharashtra,Navi Mumbai,"Sanpada, Navi Mumbai - MPCB",09-07-2026 20:00,19.0575752,73.0151367,PM2.5,26,41,32
India,Maharashtra,Navi Mumbai,"Sanpada, Navi Mumbai - MPCB",09-07-2026 20:00,19.0575752,73.0151367,PM10,37,57,47
India,Maharashtra,Navi Mumbai,"Mahape, Navi Mumbai - MPCB",09-07-2026 20:00,19.1135051,73.008978,PM10,44,111,70
India,Maharashtra,Navi Mumbai,"Tondare-Taloja, Navi Mumbai - MPCB",09-07-2026 20:00,19.063,73.1209,SO2,2,3,2
India,Maharashtra,Parbhani,"Masoom Colony, Parbhani - MPCB",09-07-2026 20:00,19.265594,76.761463,SO2,0,4,2
India,Maharashtra,Parbhani,"Masoom Colony, Parbhani - MPCB",09-07-2026 20:00,19.265594,76.761463,OZONE,6,8,7
India,Maharashtra,Pimpri-Chinchwad,"Savta Mali Nagar, Pimpri-Chinchwad - IITM",09-07-2026 20:00,18.614767,73.799516,PM10,41,81,66
India,Maharashtra,Pimpri-Chinchwad,"Thergaon, Pimpri Chinchwad - MPCB",09-07-2026 20:00,18.616318,73.765797,NH3,5,8,6
India,Maharashtra,Mumbai,"Mindspace-Malad West, Mumbai - MPCB",09-07-2026 20:00,19.1878657,72.8304069,CO,10,11,10
India,Maharashtra,Nagpur,"Mahal, Nagpur - MPCB",09-07-2026 20:00,21.14472,79.107595,PM10,27,130,63
India,Maharashtra,Nagpur,"Mahal, Nagpur - MPCB",09-07-2026 20:00,21.14472,79.107595,NO2,8,26,13
India,Maharashtra,Nagpur,"Ambazari, Nagpur - MPCB",09-07-2026 20:00,21.121801,79.04952,PM10,23,61,40
India,Maharashtra,Nagpur,"Opp GPO Civil Lines, Nagpur - MPCB",09-07-2026 20:00,21.152875,79.0517531,PM2.5,10,57,30
India,Maharashtra,Nagpur,"Opp GPO Civil Lines, Nagpur - MPCB",09-07-2026 20:00,21.152875,79.0517531,NO2,15,16,16
India,Maharashtra,Nanded,"Sneh Nagar, Nanded - MPCB",09-07-2026 20:00,19.173852,77.296291,CO,21,27,23
India,Maharashtra,Virar,"Bolinj, Virar - MPCB",09-07-2026 20:00,19.445821,72.7988231,OZONE,22,24,23
India,Meghalaya,Shillong,"Lumpyngngad, Shillong - Meghalaya PCB",09-07-2026 20:00,25.5586,91.8985,CO,8,10,9
India,Odisha,Angul,"Hakimapada, Angul - OSPCB",09-07-2026 20:00,20.832874,85.104082,PM10,20,135,89
India,Odisha,Angul,"Hakimapada, Angul - OSPCB",09-07-2026 20:00,20.832874,85.104082,SO2,10,23,13
India,Odisha,Angul,"Hakimapada, Angul - OSPCB",09-07-2026 20:00,20.832874,85.104082,OZONE,17,44,34
India,Odisha,Balasore,"Kalidaspur, Balasore - OSPCB",09-07-2026 20:00,21.51161,86.89088,PM2.5,12,73,42
India,Odisha,Barbil,"Forest Office, Barbil - OSPCB",09-07-2026 20:00,22.1166054,85.3945546,PM2.5,12,80,29
India,Odisha,Barbil,"Forest Office, Barbil - OSPCB",09-07-2026 20:00,22.1166054,85.3945546,NH3,2,2,2
India,Odisha,Barbil,"Forest Office, Barbil - OSPCB",09-07-2026 20:00,22.1166054,85.3945546,SO2,4,12,6
India,Odisha,Baripada,"Meher Colony, Baripada - OSPCB",09-07-2026 20:00,21.941841,86.728318,NH3,1,2,2
India,Odisha,Baripada,"Meher Colony, Baripada - OSPCB",09-07-2026 20:00,21.941841,86.728318,CO,27,34,30
India,Odisha,Baripada,"Meher Colony, Baripada - OSPCB",09-07-2026 20:00,21.941841,86.728318,OZONE,26,61,46
India,Maharashtra,Pune,"Savitribai Phule Pune University, Pune - MPCB",09-07-2026 20:00,18.547056,73.826908,PM10,20,39,31
India,Maharashtra,Pune,"Savitribai Phule Pune University, Pune - MPCB",09-07-2026 20:00,18.547056,73.826908,NH3,1,1,1
India,Maharashtra,Pune,"Savitribai Phule Pune University, Pune - MPCB",09-07-2026 20:00,18.547056,73.826908,SO2,4,5,4
India,Maharashtra,Sangli,"Vijay Nagar, Sangli - MPCB",09-07-2026 20:00,16.5038,74.3623,NO2,3,21,7
India,Maharashtra,Sangli,"Vijay Nagar, Sangli - MPCB",09-07-2026 20:00,16.5038,74.3623,NH3,1,7,2
India,Maharashtra,Sangli,"Vijay Nagar, Sangli - MPCB",09-07-2026 20:00,16.5038,74.3623,CO,13,21,15
India,Maharashtra,Sangli,"Vijay Nagar, Sangli - MPCB",09-07-2026 20:00,16.5038,74.3623,OZONE,19,28,25
India,Maharashtra,Solapur,"Ratandeep Housing Society, Solapur - MPCB",09-07-2026 20:00,17.65439,75.90649,PM10,17,59,39
India,Maharashtra,Solapur,"Ratandeep Housing Society, Solapur - MPCB",09-07-2026 20:00,17.65439,75.90649,OZONE,18,22,20
India,Maharashtra,Solapur,"Dnyaneshwar Nagar, Solapur - MPCB",09-07-2026 20:00,17.6336264,75.9132495,NO2,5,12,9
India,Maharashtra,Thane,"Kasarvadavali, Thane - MPCB",09-07-2026 20:00,19.26777,72.97182,NO2,8,18,12
India,Maharashtra,Thane,"Upvan Fort, Thane - MPCB",09-07-2026 20:00,19.222279,72.957979,NH3,2,5,3
India,Maharashtra,Thane,"Upvan Fort, Thane - MPCB",09-07-2026 20:00,19.222279,72.957979,SO2,1,2,1
India,Maharashtra,Ulhasnagar,"Vithalwadi, Ulhasnagar - MPCB",09-07-2026 20:00,19.2307571,73.155192,NO2,8,18,12
India,Maharashtra,Ulhasnagar,"Vithalwadi, Ulhasnagar - MPCB",09-07-2026 20:00,19.2307571,73.155192,NH3,0,1,1
India,Odisha,Bhubaneswar,"Lingraj Mandir, Bhubaneswar - OSPCB",09-07-2026 20:00,20.24079,85.836784,NO2,5,12,9
India,Odisha,Bhubaneswar,"Lingraj Mandir, Bhubaneswar - OSPCB",09-07-2026 20:00,20.24079,85.836784,OZONE,63,74,70
India,Odisha,Bhubaneswar,"Patia, Bhubaneswar - OSPCB",09-07-2026 20:00,20.34652,85.8163,PM10,54,102,69
India,Odisha,Bhubaneswar,"Patia, Bhubaneswar - OSPCB",09-07-2026 20:00,20.34652,85.8163,SO2,6,10,8
India,Odisha,Bileipada,"Tata Township, Bileipada - OSPCB",09-07-2026 20:00,22.06156703,85.47409613,NO2,15,16,16
India,Odisha,Bileipada,"Tata Township, Bileipada - OSPCB",09-07-2026 20:00,22.06156703,85.47409613,OZONE,14,15,15
India,Odisha,Brajrajnagar,"GM Office, Brajrajnagar - OSPCB",09-07-2026 20:00,21.8004996,83.8396977,SO2,24,25,24
India,Odisha,Byasanagar,"Ferro Chrome Colony, Byasanagar - OSPCB",09-07-2026 20:00,20.94185,86.1151,NO2,7,11,9
India,Odisha,Byasanagar,"Ferro Chrome Colony, Byasanagar - OSPCB",09-07-2026 20:00,20.94185,86.1151,SO2,4,10,6
India,Odisha,Cuttack,"CDA Area, Cuttack - OSPCB",09-07-2026 20:00,20.48891,85.84768,SO2,3,9,6
India,Odisha,Keonjhar,"Jagamohanpur, Keonjhar - OSPCB",09-07-2026 20:00,21.6439,85.599355,NO2,12,16,13
India,Odisha,Rairangpur,"Divisional Forest Office, Rairangpur - OSPCB",09-07-2026 20:00,22.265816,86.174829,NH3,3,4,3
India,Odisha,Rairangpur,"Divisional Forest Office, Rairangpur - OSPCB",09-07-2026 20:00,22.265816,86.174829,SO2,1,13,8
India,Odisha,Rourkela,"Sector-2, Rourkela - OSPCB",09-07-2026 20:00,22.245,84.88111111,NO2,11,11,11
India,Odisha,Talcher,"Talcher Coalfields,Talcher - OSPCB",09-07-2026 20:00,20.9360711,85.1707021,SO2,21,42,27
India,Odisha,Tensa,"Barsua Iron Ore Mines, Tensa - OSPCB",09-07-2026 20:00,21.869985,85.167016,PM2.5,13,19,15
India,Puducherry,Puducherry,"Jawahar Nagar, Puducherry - PPCC",09-07-2026 20:00,11.9309,79.8027,PM10,12,49,31
India,Puducherry,Puducherry,"Jawahar Nagar, Puducherry - PPCC",09-07-2026 20:00,11.9309,79.8027,NH3,2,10,4
India,Puducherry,Puducherry,"Jawahar Nagar, Puducherry - PPCC",09-07-2026 20:00,11.9309,79.8027,CO,16,22,18
India,Puducherry,Puducherry,"Jawahar Nagar, Puducherry - PPCC",09-07-2026 20:00,11.9309,79.8027,OZONE,29,71,52
India,Punjab,Amritsar,"Golden Temple, Amritsar - PPCB",09-07-2026 20:00,31.62,74.876512,SO2,12,15,14
India,Punjab,Bathinda,"Hardev Nagar, Bathinda - PPCB",09-07-2026 20:00,30.233011,74.907758,PM10,7,54,16
India,Punjab,Bathinda,"Hardev Nagar, Bathinda - PPCB",09-07-2026 20:00,30.233011,74.907758,SO2,15,16,16
India,Punjab,Jalandhar,"Civil Line, Jalandhar - PPCB",09-07-2026 20:00,31.321907,75.578914,PM10,42,68,54
India,Rajasthan,Barmer,"Railway Colony, Barmer - RSPCB",09-07-2026 20:00,25.747299,71.393989,NO2,5,19,9
India,Rajasthan,Bharatpur,"Krishna Nagar, Bharatpur - RSPCB",09-07-2026 20:00,27.215415,77.50873,NH3,10,24,15
India,Rajasthan,Bharatpur,"Krishna Nagar, Bharatpur - RSPCB",09-07-2026 20:00,27.215415,77.50873,CO,26,26,26
India,Rajasthan,Bharatpur,"Krishna Nagar, Bharatpur - RSPCB",09-07-2026 20:00,27.215415,77.50873,OZONE,44,60,49
India,Rajasthan,Bhilwara,"Pratap Nagar, Bhilwara - RSPCB",09-07-2026 20:00,25.339605,74.618883,OZONE,8,40,35
India,Rajasthan,Bhiwadi,"Vasundhara Nagar_UIT, Bhiwadi - RSPCB",09-07-2026 20:00,28.207266,76.829265,NH3,4,16,8
India,Rajasthan,Bhiwadi,"Vasundhara Nagar_UIT, Bhiwadi - RSPCB",09-07-2026 20:00,28.207266,76.829265,SO2,11,19,16
India,Rajasthan,Bhiwadi,"RIICO Ind. Area III, Bhiwadi - RSPCB",09-07-2026 20:00,28.194909,76.862296,NH3,6,16,10
India,Rajasthan,Bikaner,"MM Ground, Bikaner - RSPCB",09-07-2026 20:00,28.018792,73.292658,PM2.5,10,33,23
India,Rajasthan,Bundi,"New Colony, Bundi - RSPCB",09-07-2026 20:00,25.435774,75.644272,PM10,2,177,71
India,Rajasthan,Chittorgarh,"Shastri Nagar, Chittorgarh - RSPCB",09-07-2026 20:00,24.892047,74.623527,SO2,1,12,5
India,Rajasthan,Chittorgarh,"Shastri Nagar, Chittorgarh - RSPCB",09-07-2026 20:00,24.892047,74.623527,OZONE,57,64,61
India,Rajasthan,Churu,"Subash Chowk, Churu - RSPCB",09-07-2026 20:00,28.296139,74.961696,PM10,25,140,91
India,Rajasthan,Dausa,"Khatikan Mohalla, Dausa - RSPCB",09-07-2026 20:00,26.895552,76.334753,PM2.5,10,45,30
India,Rajasthan,Dausa,"Khatikan Mohalla, Dausa - RSPCB",09-07-2026 20:00,26.895552,76.334753,NH3,6,13,9
India,Rajasthan,Dausa,"Khatikan Mohalla, Dausa - RSPCB",09-07-2026 20:00,26.895552,76.334753,SO2,1,5,2
India,Rajasthan,Dungarpur,"Bhoiwada, Dungarpur - RSPCB",09-07-2026 20:00,23.837789,73.714926,PM10,44,63,54
India,Rajasthan,Dungarpur,"Bhoiwada, Dungarpur - RSPCB",09-07-2026 20:00,23.837789,73.714926,NO2,1,3,2
India,Rajasthan,Hanumangarh,"Housing Board, Hanumangarh - RSPCB",09-07-2026 20:00,29.61075,74.283608,PM10,6,94,36
India,Rajasthan,Hanumangarh,"Housing Board, Hanumangarh - RSPCB",09-07-2026 20:00,29.61075,74.283608,NO2,3,11,6
India,Rajasthan,Jaipur,"Police Commissionerate, Jaipur - RSPCB",09-07-2026 20:00,26.9164092,75.7994901,PM2.5,12,125,57
India,Rajasthan,Jaipur,"Police Commissionerate, Jaipur - RSPCB",09-07-2026 20:00,26.9164092,75.7994901,SO2,6,24,18
India,Rajasthan,Jaipur,"Police Commissionerate, Jaipur - RSPCB",09-07-2026 20:00,26.9164092,75.7994901,OZONE,1,27,22
India,Rajasthan,Jaipur,"Adarsh Nagar, Jaipur - RSPCB",09-07-2026 20:00,26.902909,75.836858,CO,30,42,33
India,Rajasthan,Jaipur,"Shastri Nagar, Jaipur - RSPCB",09-07-2026 20:00,26.9502929,75.730943,PM10,35,103,61
India,Rajasthan,Jaipur,"Shastri Nagar, Jaipur - RSPCB",09-07-2026 20:00,26.9502929,75.730943,NO2,32,43,37
India,Rajasthan,Jaipur,"Shastri Nagar, Jaipur - RSPCB",09-07-2026 20:00,26.9502929,75.730943,OZONE,34,56,49
India,Rajasthan,Jaipur,"Mansarovar Sector-12, Jaipur - RSPCB",09-07-2026 20:00,26.843698,75.766894,SO2,3,4,4
India,Rajasthan,Jaisalmer,"Sadar Bazar, Jaisalmer - RSPCB",09-07-2026 20:00,26.912329,70.909168,SO2,2,5,4
India,Rajasthan,Jalore,"Mudtra Sili, Jalore - RSPCB",09-07-2026 20:00,25.344694,72.626208,NO2,4,14,9
India,Rajasthan,Jhalawar,"Rajlaxmi Nagar, Jhalawar - RSPCB",09-07-2026 20:00,24.588397,76.172782,SO2,5,7,6
India,Rajasthan,Jhalawar,"Rajlaxmi Nagar, Jhalawar - RSPCB",09-07-2026 20:00,24.588397,76.172782,OZONE,4,26,19
India,Rajasthan,Jhunjhunu,"Indra Nagar, Jhunjhunu - RSPCB",09-07-2026 20:00,28.108988,75.386577,NO2,5,28,12
India,Rajasthan,Jodhpur,"Mandor, Jodhpur - RSPCB",09-07-2026 20:00,26.358805,73.047444,NO2,5,36,10
India,Rajasthan,Jodhpur,"Mandor, Jodhpur - RSPCB",09-07-2026 20:00,26.358805,73.047444,SO2,3,6,4
India,Rajasthan,Jodhpur,"Mandor, Jodhpur - RSPCB",09-07-2026 20:00,26.358805,73.047444,OZONE,17,22,19
India,Punjab,Jalandhar,"Civil Line, Jalandhar - PPCB",09-07-2026 20:00,31.321907,75.578914,SO2,18,21,19
India,Punjab,Mandi Gobindgarh,"RIMT University, Mandi Gobindgarh - PPCB",09-07-2026 20:00,30.649961,76.331442,OZONE,38,39,39
India,Punjab,Rupnagar,"Ratanpura, Rupnagar - Ambuja Cements",09-07-2026 20:00,31.0325454,76.5623046,CO,49,57,53
India,Rajasthan,Ajmer,"Civil Lines,  Ajmer - RSPCB",09-07-2026 20:00,26.470859,74.646594,CO,10,49,27
India,Rajasthan,Alwar,"Moti Doongri, Alwar - RSPCB",09-07-2026 20:00,27.554793,76.611536,NO2,31,91,72
India,Rajasthan,Banswara,"Rati Talai, Banswara - RSPCB",09-07-2026 20:00,23.55519,74.44001,CO,10,15,13
India,Maharashtra,Pimpri-Chinchwad,"Thergaon, Pimpri Chinchwad - MPCB",09-07-2026 20:00,18.616318,73.765797,OZONE,8,22,18
India,Maharashtra,Pune,"Revenue Colony-Shivajinagar, Pune - IITM",09-07-2026 20:00,18.530085,73.849598,SO2,7,21,15
India,Maharashtra,Pune,"Mhada Colony, Pune - IITM",09-07-2026 20:00,18.57304,73.927715,OZONE,10,16,14
India,Rajasthan,Pali,"Indira Colony Vistar, Pali - RSPCB",09-07-2026 20:00,25.771061,73.340227,PM10,83,170,114
India,Rajasthan,Pali,"Indira Colony Vistar, Pali - RSPCB",09-07-2026 20:00,25.771061,73.340227,SO2,8,16,12
India,Rajasthan,Pratapgarh,"Pragati Nagar, Pratapgarh - RSPCB",09-07-2026 20:00,24.041198,74.780702,NH3,2,3,2
India,Rajasthan,Rajsamand,"Dhoinda, Rajsamand - RSPCB",09-07-2026 20:00,25.03636,73.883502,PM2.5,18,302,61
India,Rajasthan,Rajsamand,"Dhoinda, Rajsamand - RSPCB",09-07-2026 20:00,25.03636,73.883502,NO2,4,12,7
India,Rajasthan,Sawai Madhopur,"Sahu Nagar, Sawai Madhopur - RSPCB",09-07-2026 20:00,26.031443,76.359327,PM2.5,13,45,27
India,Rajasthan,Sawai Madhopur,"Sahu Nagar, Sawai Madhopur - RSPCB",09-07-2026 20:00,26.031443,76.359327,CO,21,33,26
India,Rajasthan,Sikar,"Radhakishan Pura, Sikar - RSPCB",09-07-2026 20:00,27.608912,75.153302,PM10,34,140,89
India,Rajasthan,Sirohi,"Vedhaynath Colony, Sirohi - RSPCB",09-07-2026 20:00,24.885261,72.857549,PM10,97,128,109
India,Rajasthan,Sirohi,"Vedhaynath Colony, Sirohi - RSPCB",09-07-2026 20:00,24.885261,72.857549,SO2,4,6,5
India,Rajasthan,Sirohi,"Vedhaynath Colony, Sirohi - RSPCB",09-07-2026 20:00,24.885261,72.857549,CO,4,11,9
India,Rajasthan,Sri Ganganagar,"Old City, Sri Ganganagar - RSPCB",09-07-2026 20:00,29.931624,73.864511,PM2.5,13,92,37
India,Rajasthan,Sri Ganganagar,"Old City, Sri Ganganagar - RSPCB",09-07-2026 20:00,29.931624,73.864511,NO2,4,57,21
India,Rajasthan,Sri Ganganagar,"Old City, Sri Ganganagar - RSPCB",09-07-2026 20:00,29.931624,73.864511,NH3,2,7,4
India,Rajasthan,Sri Ganganagar,"Old City, Sri Ganganagar - RSPCB",09-07-2026 20:00,29.931624,73.864511,SO2,2,8,4
India,Rajasthan,Tonk,"Shastri Nagar, Tonk - RSPCB",09-07-2026 20:00,26.159933,75.780517,CO,28,42,35
India,Rajasthan,Udaipur,"Ashok Nagar, Udaipur - RSPCB",09-07-2026 20:00,24.5886166,73.6321397,PM10,57,105,80
India,Rajasthan,Udaipur,"Ashok Nagar, Udaipur - RSPCB",09-07-2026 20:00,24.5886166,73.6321397,NO2,11,23,15
India,Sikkim,Gangtok,"Zero Point GICI, Gangtok - SSPCB",09-07-2026 20:00,27.33853,88.614099,NH3,1,1,1
India,Sikkim,Gangtok,"Zero Point GICI, Gangtok - SSPCB",09-07-2026 20:00,27.33853,88.614099,SO2,1,1,1
India,Uttar Pradesh,Jhansi,"Shivaji Nagar, Jhansi - UPPCB",09-07-2026 20:00,25.4547,78.6039,CO,7,11,8
India,Uttar Pradesh,Jhansi,"Shivaji Nagar, Jhansi - UPPCB",09-07-2026 20:00,25.4547,78.6039,OZONE,6,8,7
India,Uttar Pradesh,Kanpur,"NSI Kalyanpur, Kanpur - UPPCB",09-07-2026 20:00,26.509954,80.249612,PM2.5,6,26,15
India,Uttar Pradesh,Kanpur,"NSI Kalyanpur, Kanpur - UPPCB",09-07-2026 20:00,26.509954,80.249612,PM10,23,53,34
India,Uttar Pradesh,Kanpur,"NSI Kalyanpur, Kanpur - UPPCB",09-07-2026 20:00,26.509954,80.249612,OZONE,20,22,21
India,Uttar Pradesh,Kanpur,"FTI Kidwai Nagar, Kanpur - UPPCB",09-07-2026 20:00,26.428282,80.327067,PM2.5,1,201,23
India,Uttar Pradesh,Kanpur,"FTI Kidwai Nagar, Kanpur - UPPCB",09-07-2026 20:00,26.428282,80.327067,SO2,15,22,17
India,Uttar Pradesh,Kanpur,"FTI Kidwai Nagar, Kanpur - UPPCB",09-07-2026 20:00,26.428282,80.327067,OZONE,11,11,11
India,Uttar Pradesh,Lucknow,"Kendriya Vidyalaya, Lucknow - CPCB",09-07-2026 20:00,26.906111,80.948222,PM10,16,43,32
India,Uttar Pradesh,Lucknow,"Kukrail Picnic Spot-1, Lucknow - UPPCB",09-07-2026 20:00,26.90723,80.98579,NO2,31,32,32
India,Uttar Pradesh,Lucknow,"Kukrail Picnic Spot-1, Lucknow - UPPCB",09-07-2026 20:00,26.90723,80.98579,OZONE,30,55,44
India,Uttar Pradesh,Lucknow,"B R Ambedkar University, Lucknow - UPPCB",09-07-2026 20:00,26.766433,80.927299,PM2.5,2,94,16
India,Uttar Pradesh,Lucknow,"Gomti Nagar, Lucknow - UPPCB",09-07-2026 20:00,26.86812,81.005119,SO2,13,13,13
India,Uttar Pradesh,Lucknow,"Talkatora District Industries Center, Lucknow - CPCB",09-07-2026 20:00,26.83399722,80.8917361,NO2,14,30,24
India,Uttar Pradesh,Lucknow,"Talkatora District Industries Center, Lucknow - CPCB",09-07-2026 20:00,26.83399722,80.8917361,CO,3,97,36
India,Uttar Pradesh,Lucknow,"Lalbagh, Lucknow - CPCB",09-07-2026 20:00,26.8458805,80.9365541,PM10,10,44,29
India,Uttar Pradesh,Lucknow,"Lalbagh, Lucknow - CPCB",09-07-2026 20:00,26.8458805,80.9365541,CO,27,73,41
India,Uttar Pradesh,Firozabad,"Vibhab Nagar, Firozabad - UPPCB",09-07-2026 20:00,27.1594,78.3953,NH3,6,6,6
India,Uttar Pradesh,Firozabad,"Vibhab Nagar, Firozabad - UPPCB",09-07-2026 20:00,27.1594,78.3953,CO,6,7,6
India,Uttar Pradesh,Firozabad,"Vibhab Nagar, Firozabad - UPPCB",09-07-2026 20:00,27.1594,78.3953,OZONE,0,0,0
India,Uttar Pradesh,Ghaziabad,"Indirapuram, Ghaziabad - UPPCB",09-07-2026 20:00,28.646233,77.358075,NO2,15,62,29
India,Uttar Pradesh,Ghaziabad,"Govindpuram, Ghaziabad - UPPCB",09-07-2026 20:00,28.694528,77.494705,PM2.5,7,14,9
India,Uttar Pradesh,Ghaziabad,"Govindpuram, Ghaziabad - UPPCB",09-07-2026 20:00,28.694528,77.494705,NH3,5,5,5
India,Uttar Pradesh,Ghaziabad,"Sanjay Nagar, Ghaziabad - UPPCB",09-07-2026 20:00,28.685382,77.453839,CO,28,37,32
India,Uttar Pradesh,Ghaziabad,"Vasundhara, Ghaziabad - UPPCB",09-07-2026 20:00,28.6603346,77.3572563,PM2.5,2,46,21
India,Uttar Pradesh,Ghaziabad,"Vasundhara, Ghaziabad - UPPCB",09-07-2026 20:00,28.6603346,77.3572563,NO2,12,34,24
India,Uttar Pradesh,Ghaziabad,"Vasundhara, Ghaziabad - UPPCB",09-07-2026 20:00,28.6603346,77.3572563,SO2,3,12,7
India,Uttar Pradesh,Gorakhpur,"Madan Mohan Malaviya University of Technology, Gorakhpur - UPPCB",09-07-2026 20:00,26.730136,83.433859,PM10,31,125,76
India,Uttar Pradesh,Gorakhpur,"Madan Mohan Malaviya University of Technology, Gorakhpur - UPPCB",09-07-2026 20:00,26.730136,83.433859,NH3,1,1,1
India,Uttar Pradesh,Greater Noida,"Knowledge Park - V, Greater Noida - UPPCB",09-07-2026 20:00,28.557054,77.453663,SO2,6,12,8
India,Uttar Pradesh,Greater Noida,"Knowledge Park - III, Greater Noida - UPPCB",09-07-2026 20:00,28.47272,77.482,OZONE,16,22,18
India,Uttar Pradesh,Hapur,"Anand Vihar, Hapur - UPPCB",09-07-2026 20:00,28.725645,77.749675,PM2.5,2,15,7
India,Uttar Pradesh,Mathura,"Pali Dungra, Mathura - UPPCB",09-07-2026 20:00,27.410954,77.550619,SO2,1,2,1
India,Uttar Pradesh,Mathura,"Pali Dungra, Mathura - UPPCB",09-07-2026 20:00,27.410954,77.550619,CO,12,19,15
India,Uttar Pradesh,Mathura,"Pali Dungra, Mathura - UPPCB",09-07-2026 20:00,27.410954,77.550619,OZONE,18,19,19
India,Uttar Pradesh,Meerut,"Jai Bhim Nagar, Meerut - UPPCB",09-07-2026 20:00,28.9535882,77.7622941,NH3,5,21,7
India,Uttar Pradesh,Meerut,"MIET College, Meerut - UPPCB",09-07-2026 20:00,28.972677,77.641018,PM2.5,7,34,15
India,Uttar Pradesh,Meerut,"MIET College, Meerut - UPPCB",09-07-2026 20:00,28.972677,77.641018,NH3,3,9,5
India,Uttar Pradesh,Meerut,"MIET College, Meerut - UPPCB",09-07-2026 20:00,28.972677,77.641018,SO2,0,1,1
India,Uttar Pradesh,Meerut,"MIET College, Meerut - UPPCB",09-07-2026 20:00,28.972677,77.641018,OZONE,9,40,19
India,Uttar Pradesh,Moradabad,"Eco Herbal Park, Moradabad - UPPCB",09-07-2026 20:00,28.840739,78.697531,SO2,4,10,8
India,Uttar Pradesh,Moradabad,"Employment Office, Moradabad - UPPCB",09-07-2026 20:00,28.88528,78.7388,PM10,26,49,36
India,Uttar Pradesh,Moradabad,"Employment Office, Moradabad - UPPCB",09-07-2026 20:00,28.88528,78.7388,NO2,23,24,23
India,Uttar Pradesh,Moradabad,"Buddhi Vihar, Moradabad - UPPCB",09-07-2026 20:00,28.83526,78.7446,SO2,24,24,24
India,Uttar Pradesh,Moradabad,"Buddhi Vihar, Moradabad - UPPCB",09-07-2026 20:00,28.83526,78.7446,CO,26,37,32
India,Uttar Pradesh,Moradabad,"Buddhi Vihar, Moradabad - UPPCB",09-07-2026 20:00,28.83526,78.7446,OZONE,25,34,31
India,Uttar Pradesh,Moradabad,"Kashiram Nagar, Moradabad - UPPCB",09-07-2026 20:00,28.849399,78.742362,PM10,18,66,40
India,Uttar Pradesh,Moradabad,"Kashiram Nagar, Moradabad - UPPCB",09-07-2026 20:00,28.849399,78.742362,CO,30,31,31
India,Uttar Pradesh,Moradabad,"Kashiram Nagar, Moradabad - UPPCB",09-07-2026 20:00,28.849399,78.742362,OZONE,9,11,10
India,Uttar Pradesh,Moradabad,"Jigar Colony, Moradabad - UPPCB",09-07-2026 20:00,28.856664,78.772638,CO,40,40,40
India,Rajasthan,Jodhpur,"Collectorate, Jodhpur - RSPCB",09-07-2026 20:00,26.268249,73.0193853,PM10,59,104,83
India,Rajasthan,Jodhpur,"Collectorate, Jodhpur - RSPCB",09-07-2026 20:00,26.268249,73.0193853,SO2,3,13,8
India,Rajasthan,Jodhpur,"Digari Kalan, Jodhpur - RSPCB",09-07-2026 20:00,26.29581,73.082283,PM2.5,15,53,36
India,Rajasthan,Jodhpur,"Digari Kalan, Jodhpur - RSPCB",09-07-2026 20:00,26.29581,73.082283,NO2,9,22,16
India,Rajasthan,Jodhpur,"Jhalamand, Jodhpur - RSPCB",09-07-2026 20:00,26.215415,73.070156,NO2,4,14,7
India,Rajasthan,Jodhpur,"Samrat Ashok Udhyan, Jodhpur - RSPCB",09-07-2026 20:00,26.253384,72.976571,NO2,2,13,6
India,Rajasthan,Karauli,"Satyawati Vihar, Karauli - RSPCB",09-07-2026 20:00,26.506177,77.025989,NO2,20,48,37
India,Rajasthan,Karauli,"Satyawati Vihar, Karauli - RSPCB",09-07-2026 20:00,26.506177,77.025989,NH3,4,8,6
India,Rajasthan,Khairthal,"New Anaj Mandi, Khairthal - RSPCB",09-07-2026 20:00,27.8015617,76.6365217,NH3,2,7,4
India,Rajasthan,Khairthal,"New Anaj Mandi, Khairthal - RSPCB",09-07-2026 20:00,27.8015617,76.6365217,OZONE,24,32,28
India,Rajasthan,Kota,"Shrinath Puram, Kota - RSPCB",09-07-2026 20:00,25.14389,75.821256,OZONE,9,11,10
India,Rajasthan,Kota,"Nayapura, Kota - RSPCB",09-07-2026 20:00,25.196024,75.855668,SO2,7,15,12
India,Rajasthan,Kota,"Nayapura, Kota - RSPCB",09-07-2026 20:00,25.196024,75.855668,CO,14,28,21
India,Rajasthan,Kota,"Dhanmandi, Kota - RSPCB",09-07-2026 20:00,25.16409,75.858137,SO2,3,9,4
India,Rajasthan,Nagaur,"Karni Colony, Nagaur - RSPCB",09-07-2026 20:00,27.213494,73.734444,PM2.5,3,62,31
India,Rajasthan,Nagaur,"Karni Colony, Nagaur - RSPCB",09-07-2026 20:00,27.213494,73.734444,NH3,2,11,6
India,Tamil Nadu,Gummidipoondi,"Anthoni Pillai Nagar, Gummidipoondi - TNPCB",09-07-2026 20:00,13.4127,80.1081,SO2,14,25,20
India,Tamil Nadu,Madurai,"Uchapatti, Madurai - TNPCB",09-07-2026 20:00,9.865935,78.022669,NH3,9,9,9
India,Telangana,Hyderabad,"Ramachandrapuram, Hyderabad - TSPCB",09-07-2026 20:00,17.528544,78.286195,NO2,10,17,12
India,Telangana,Hyderabad,"Ramachandrapuram, Hyderabad - TSPCB",09-07-2026 20:00,17.528544,78.286195,NH3,2,5,3
India,Telangana,Hyderabad,"IDA Pashamylaram, Hyderabad - TSPCB",09-07-2026 20:00,17.5316895,78.218939,PM2.5,3,33,18
India,Telangana,Hyderabad,"Central University, Hyderabad - TSPCB",09-07-2026 20:00,17.460103,78.334361,OZONE,9,11,10
India,Telangana,Hyderabad,"New Malakpet, Hyderabad - TSPCB",09-07-2026 20:00,17.37206,78.50864,PM2.5,19,79,33
India,Telangana,Hyderabad,"New Malakpet, Hyderabad - TSPCB",09-07-2026 20:00,17.37206,78.50864,CO,32,43,36
India,Telangana,Hyderabad,"Nacharam_TSIIC IALA, Hyderabad - TSPCB",09-07-2026 20:00,17.429398,78.569354,NO2,13,15,14
India,Telangana,Hyderabad,"IITH Kandi, Hyderabad - TSPCB",09-07-2026 20:00,17.585705,78.126199,OZONE,22,28,26
India,Telangana,Hyderabad,"Kompally Municipal Office, Hyderabad - TSPCB",09-07-2026 20:00,17.544899,78.486949,PM2.5,29,45,36
India,Telangana,Hyderabad,"Kompally Municipal Office, Hyderabad - TSPCB",09-07-2026 20:00,17.544899,78.486949,PM10,50,70,58
India,Telangana,Hyderabad,"Kompally Municipal Office, Hyderabad - TSPCB",09-07-2026 20:00,17.544899,78.486949,NH3,2,4,3
India,Telangana,Hyderabad,"Kokapet, Hyderabad - TSPCB",09-07-2026 20:00,17.393559,78.339194,SO2,8,12,9
India,Uttar Pradesh,Agra,"Manoharpur, Agra - UPPCB",09-07-2026 20:00,27.23711,78.01936,OZONE,5,6,5
India,Uttar Pradesh,Agra,"Shahjahan Garden, Agra - UPPCB",09-07-2026 20:00,27.169338,78.03582,OZONE,1,2,1
India,Uttar Pradesh,Agra,"Sanjay Palace, Agra - UPPCB",09-07-2026 20:00,27.19865833,78.00598056,CO,23,24,24
India,Uttar Pradesh,Agra,"Shastripuram, Agra - UPPCB",09-07-2026 20:00,27.19862,77.92066,SO2,11,12,12
India,Uttar Pradesh,Agra,"Shastripuram, Agra - UPPCB",09-07-2026 20:00,27.19862,77.92066,OZONE,35,44,39
India,Uttar Pradesh,Agra,"Sector-3B Avas Vikas Colony, Agra - UPPCB",09-07-2026 20:00,27.19412,77.96237,PM2.5,24,48,33
India,Uttar Pradesh,Agra,"Sector-3B Avas Vikas Colony, Agra - UPPCB",09-07-2026 20:00,27.19412,77.96237,NO2,27,29,28
India,Uttar Pradesh,Agra,"Sector-3B Avas Vikas Colony, Agra - UPPCB",09-07-2026 20:00,27.19412,77.96237,SO2,14,16,15
India,Uttar Pradesh,Agra,"Sector-3B Avas Vikas Colony, Agra - UPPCB",09-07-2026 20:00,27.19412,77.96237,OZONE,13,19,15
India,Uttar Pradesh,Bareilly,"Civil Lines, Bareilly - UPPCB",09-07-2026 20:00,28.359581,79.414455,NH3,1,7,3
India,Tamil Nadu,Chennai,"Kodungaiyur, Chennai - TNPCB",09-07-2026 20:00,13.1278,80.2642,CO,24,31,29
India,Tamil Nadu,Chennai,"Manali, Chennai - CPCB",09-07-2026 20:00,13.164544,80.26285,PM2.5,24,52,36
India,Tamil Nadu,Chennai,"Arumbakkam, Chennai - TNPCB",09-07-2026 20:00,13.0664,80.2112,PM10,33,114,87
India,Tamil Nadu,Chennai,"Perungudi, Chennai - TNPCB",09-07-2026 20:00,12.9533,80.2357,PM2.5,12,328,57
India,Tamil Nadu,Coimbatore,"SIDCO Kurichi, Coimbatore - TNPCB",09-07-2026 20:00,10.942451,76.978996,CO,12,13,12
India,Uttar Pradesh,Muzaffarnagar,"New Mandi, Muzaffarnagar - UPPCB",09-07-2026 20:00,29.4723508,77.7194031,NO2,13,63,29
India,Uttar Pradesh,Muzaffarnagar,"New Mandi, Muzaffarnagar - UPPCB",09-07-2026 20:00,29.4723508,77.7194031,OZONE,22,33,28
India,Uttar Pradesh,Noida,"Sector - 125, Noida - UPPCB",09-07-2026 20:00,28.5447608,77.3231257,NO2,40,120,63
India,Uttar Pradesh,Noida,"Sector - 125, Noida - UPPCB",09-07-2026 20:00,28.5447608,77.3231257,SO2,4,6,5
India,Uttar Pradesh,Noida,"Sector - 62, Noida - IITM",09-07-2026 20:00,28.6245479,77.3577104,OZONE,22,36,31
India,Uttar Pradesh,Prayagraj,"Nagar Nigam, Prayagraj - UPPCB",09-07-2026 20:00,25.44919916,81.82735986,PM10,10,38,21
India,Uttar Pradesh,Prayagraj,"Jhunsi, Prayagraj - UPPCB",09-07-2026 20:00,25.425602,81.917152,NO2,3,6,6
India,Uttar Pradesh,Prayagraj,"Jhunsi, Prayagraj - UPPCB",09-07-2026 20:00,25.425602,81.917152,SO2,3,57,17
India,Uttar Pradesh,Prayagraj,"Jhunsi, Prayagraj - UPPCB",09-07-2026 20:00,25.425602,81.917152,CO,7,19,12
India,Uttar Pradesh,Prayagraj,"Motilal Nehru NIT, Prayagraj - UPPCB",09-07-2026 20:00,25.494,81.863,PM2.5,11,23,16
India,Uttar Pradesh,Prayagraj,"Motilal Nehru NIT, Prayagraj - UPPCB",09-07-2026 20:00,25.494,81.863,PM10,20,289,107
India,Uttar Pradesh,Raebareli,"Anand Nagar, Raebareli - UPPCB",09-07-2026 20:00,26.219512,81.237648,SO2,13,14,14
India,Uttar Pradesh,Raebareli," Indira Nagar, Raebareli - NTPC Unchahar",09-07-2026 20:00,26.207781,81.245571,OZONE,3,20,11
India,Uttar Pradesh,Varanasi,"Bhelupur, Varanasi - UPPCB",09-07-2026 20:00,25.301778,82.996789,SO2,26,31,28
India,Uttar Pradesh,Varanasi,"Bhelupur, Varanasi - UPPCB",09-07-2026 20:00,25.301778,82.996789,CO,6,16,10
India,Uttar Pradesh,Varanasi,"Ardhali Bazar, Varanasi - UPPCB",09-07-2026 20:00,25.3505986,82.9083074,PM2.5,10,72,53
India,Uttar Pradesh,Vrindavan,"Omex Eternity, Vrindavan - UPPCB",09-07-2026 20:00,27.571409,77.655757,PM10,7,66,25
India,Uttar Pradesh,Vrindavan,"Omex Eternity, Vrindavan - UPPCB",09-07-2026 20:00,27.571409,77.655757,NH3,8,9,8
India,Uttarakhand,Dehradun,"Doon University, Dehradun - UKPCB",09-07-2026 20:00,30.269444,78.044167,NO2,0,7,2
India,Uttarakhand,Rishikesh,"Shivaji Nagar, Rishikesh - UKPCB",09-07-2026 20:00,30.075911,78.2859547,SO2,1,1,1
India,West Bengal,Asansol,"Mahabir Colliery, Asansol - WBPCB",09-07-2026 20:00,23.618183,87.105718,NO2,2,2,2
India,West Bengal,Asansol,"Mahabir Colliery, Asansol - WBPCB",09-07-2026 20:00,23.618183,87.105718,NH3,0,0,0
India,West Bengal,Asansol,"Evelyn Lodge, Asansol - WBPCB",09-07-2026 20:00,23.697936,86.944395,PM2.5,11,25,17
India,West Bengal,Asansol,"Evelyn Lodge, Asansol - WBPCB",09-07-2026 20:00,23.697936,86.944395,OZONE,19,25,23
India,West Bengal,Asansol,"Asansol Court Area, Asansol - WBPCB",09-07-2026 20:00,23.685297,86.945968,NH3,1,6,3
India,West Bengal,Barrackpore,"SVSPA Campus, Barrackpore - WBPCB",09-07-2026 20:00,22.7605581,88.3617589,CO,35,40,37
India,West Bengal,Durgapur,"Mahishkapur Road_B-Zone, Durgapur - WBPCB",09-07-2026 20:00,23.567923,87.306843,PM2.5,31,48,37
India,West Bengal,Durgapur,"Mahishkapur Road_B-Zone, Durgapur - WBPCB",09-07-2026 20:00,23.567923,87.306843,PM10,28,70,52
India,West Bengal,Durgapur,"Mahishkapur Road_B-Zone, Durgapur - WBPCB",09-07-2026 20:00,23.567923,87.306843,OZONE,23,35,30
India,West Bengal,Haldia,"Priyambada Housing Estate, Haldia - WBPCB",09-07-2026 20:00,22.06047,88.109737,PM2.5,18,44,27
India,West Bengal,Howrah,"Ghusuri, Howrah - WBPCB",09-07-2026 20:00,22.611968,88.347422,NH3,2,5,3
India,West Bengal,Howrah,"Botanical Garden, Howrah - WBPCB",09-07-2026 20:00,22.554954,88.292568,NH3,1,2,2
India,West Bengal,Howrah,"Botanical Garden, Howrah - WBPCB",09-07-2026 20:00,22.554954,88.292568,SO2,9,10,9
India,West Bengal,Howrah,"Padmapukur, Howrah - WBPCB",09-07-2026 20:00,22.5687319,88.2797276,CO,37,89,63
India,West Bengal,Howrah,"Dasnagar, Howrah - WBPCB",09-07-2026 20:00,22.6025571,88.3105664,PM2.5,11,56,35
India,West Bengal,Howrah,"Belur Math, Howrah - WBPCB",09-07-2026 20:00,22.629801,88.352017,NH3,4,5,4
India,West Bengal,Howrah,"Belur Math, Howrah - WBPCB",09-07-2026 20:00,22.629801,88.352017,CO,13,45,25
India,West Bengal,Kolkata,"Victoria, Kolkata - WBPCB",09-07-2026 20:00,22.5448082,88.3403691,NH3,8,8,8
India,West Bengal,Kolkata,"Victoria, Kolkata - WBPCB",09-07-2026 20:00,22.5448082,88.3403691,SO2,6,21,14
India,West Bengal,Kolkata,"Ballygunge, Kolkata - WBPCB",09-07-2026 20:00,22.5367507,88.3638022,PM10,25,64,40
India,West Bengal,Kolkata,"Ballygunge, Kolkata - WBPCB",09-07-2026 20:00,22.5367507,88.3638022,CO,8,15,11
India,West Bengal,Kolkata,"Rabindra Bharati University, Kolkata - WBPCB",09-07-2026 20:00,22.627847,88.380669,SO2,7,11,9
India,West Bengal,Kolkata,"Rabindra Bharati University, Kolkata - WBPCB",09-07-2026 20:00,22.627847,88.380669,CO,39,51,43
India,West Bengal,Kolkata,"Bidhannagar, Kolkata - WBPCB",09-07-2026 20:00,22.58157048,88.41002457,NH3,5,6,5
India,West Bengal,Kolkata,"Bidhannagar, Kolkata - WBPCB",09-07-2026 20:00,22.58157048,88.41002457,SO2,6,46,10
India,West Bengal,Siliguri,"Ward-32 Bapupara, Siliguri - WBPCB",09-07-2026 20:00,26.6879226,88.4152495,NH3,13,17,15
India,West Bengal,Siliguri,"Ward-32 Bapupara, Siliguri - WBPCB",09-07-2026 20:00,26.6879226,88.4152495,SO2,10,14,13
India,Bihar,Patna,"IGSC Planetarium Complex, Patna - BSPCB",09-07-2026 20:00,25.610369,85.132568,OZONE,59,60,59
India,Bihar,Purnia,"Mariam Nagar, Purnia - BSPCB",09-07-2026 20:00,25.366336,87.117468,NH3,2,2,2
India,Bihar,Purnia,"Mariam Nagar, Purnia - BSPCB",09-07-2026 20:00,25.366336,87.117468,OZONE,20,43,25
India,Bihar,Rajgir,"Dangi Tola, Rajgir - BSPCB",09-07-2026 20:00,25.0328,85.41948,NO2,13,15,14
India,Bihar,Rajgir,"Dangi Tola, Rajgir - BSPCB",09-07-2026 20:00,25.0328,85.41948,OZONE,14,29,23
India,Bihar,Saharsa,"Police Line, Saharsa - BSPCB",09-07-2026 20:00,25.892357,86.590325,NH3,4,4,4
India,Bihar,Samastipur,"DM Office_Kasipur, Samastipur - BSPCB",09-07-2026 20:00,25.859655,85.77944,PM10,5,390,65
India,Bihar,Samastipur,"DM Office_Kasipur, Samastipur - BSPCB",09-07-2026 20:00,25.859655,85.77944,NO2,8,9,8
India,Bihar,Samastipur,"DM Office_Kasipur, Samastipur - BSPCB",09-07-2026 20:00,25.859655,85.77944,CO,1,1,1
India,Bihar,Samastipur,"DM Office_Kasipur, Samastipur - BSPCB",09-07-2026 20:00,25.859655,85.77944,OZONE,6,11,8
India,Chandigarh,Chandigarh,"Sector-25, Chandigarh - CPCC",09-07-2026 20:00,30.751462,76.762879,OZONE,13,32,18
India,Chandigarh,Chandigarh,"Sector 22, Chandigarh - CPCC",09-07-2026 20:00,30.735567,76.775714,PM2.5,2,37,20
India,Chandigarh,Chandigarh,"Sector 22, Chandigarh - CPCC",09-07-2026 20:00,30.735567,76.775714,NO2,4,15,8
India,Bihar,Muzaffarpur,"Muzaffarpur Collectorate, Muzaffarpur - BSPCB",09-07-2026 20:00,26.1209,85.3647,SO2,4,9,6
India,Bihar,Muzaffarpur,"Muzaffarpur Collectorate, Muzaffarpur - BSPCB",09-07-2026 20:00,26.1209,85.3647,CO,31,76,42
India,Bihar,Muzaffarpur,"Buddha Colony, Muzaffarpur - BSPCB",09-07-2026 20:00,26.11442,85.39813,OZONE,23,42,32
India,Bihar,Patna,"Govt. High School Shikarpur, Patna - BSPCB",09-07-2026 20:00,25.592539,85.227158,PM10,44,127,72
India,Bihar,Patna,"Rajbansi Nagar, Patna - BSPCB",09-07-2026 20:00,25.599486,85.113666,NO2,28,32,31
India,Bihar,Patna,"Rajbansi Nagar, Patna - BSPCB",09-07-2026 20:00,25.599486,85.113666,NH3,2,3,3
India,Bihar,Patna,"Rajbansi Nagar, Patna - BSPCB",09-07-2026 20:00,25.599486,85.113666,SO2,6,10,8
India,Bihar,Patna,"Rajbansi Nagar, Patna - BSPCB",09-07-2026 20:00,25.599486,85.113666,CO,39,40,40
India,Bihar,Patna,"Muradpur, Patna - BSPCB",09-07-2026 20:00,25.619651,85.147382,OZONE,40,95,77
India,Bihar,Patna,"DRM Office Danapur, Patna - BSPCB",09-07-2026 20:00,25.586562,85.043586,NO2,27,34,31
India,Bihar,Gaya,"Kareemganj, Gaya - BSPCB",09-07-2026 20:00,24.792403,84.992416,CO,29,36,32
India,Bihar,Gaya,"SFTI Kusdihra, Gaya - BSPCB",09-07-2026 20:00,24.762518,84.982348,PM10,27,44,37
India,Bihar,Hajipur,"Industrial Area, Hajipur - BSPCB",09-07-2026 20:00,25.697189,85.2459,PM2.5,27,82,59
India,Bihar,Hajipur,"Industrial Area, Hajipur - BSPCB",09-07-2026 20:00,25.697189,85.2459,PM10,42,69,55
India,Bihar,Katihar,"Mirchaibari, Katihar - BSPCB",09-07-2026 20:00,25.560083,87.553265,NO2,2,2,2
India,Bihar,Katihar,"Mirchaibari, Katihar - BSPCB",09-07-2026 20:00,25.560083,87.553265,CO,80,99,88
India,Bihar,Kishanganj,"SDM Office_Khagra, Kishanganj - BSPCB",09-07-2026 20:00,26.0881305,87.93840336,NO2,7,8,7
India,Bihar,Kishanganj,"SDM Office_Khagra, Kishanganj - BSPCB",09-07-2026 20:00,26.0881305,87.93840336,CO,13,14,13
India,Bihar,Munger,"Town Hall, Munger - BSPCB",09-07-2026 20:00,25.376776,86.471523,NH3,3,3,3
India,Bihar,Muzaffarpur,"MIT-Daudpur Kothi, Muzaffarpur - BSPCB",09-07-2026 20:00,26.1403345,85.3650192,PM2.5,27,47,34
India,Andhra Pradesh,Visakhapatnam,"GVM Corporation, Visakhapatnam - APPCB",09-07-2026 20:00,17.72,83.3,CO,1,37,19
India,Arunachal Pradesh,Naharlagun,"Naharlagun, Naharlagun - APSPCB",09-07-2026 20:00,27.103358,93.679645,PM2.5,2,40,13
India,Assam,Byrnihat,"Central Academy for SFS, Byrnihat - PCBA",09-07-2026 20:00,26.071318,91.87488,CO,36,57,48
India,Assam,Guwahati,"IITG, Guwahati - PCBA",09-07-2026 20:00,26.2028636,91.70046436,NO2,1,3,2
India,Assam,Guwahati,"IITG, Guwahati - PCBA",09-07-2026 20:00,26.2028636,91.70046436,CO,5,8,6
India,Assam,Guwahati,"Pan Bazaar, Guwahati - PCBA",09-07-2026 20:00,26.1875,91.744194,PM10,2,500,258
India,Assam,Guwahati,"Pan Bazaar, Guwahati - PCBA",09-07-2026 20:00,26.1875,91.744194,NO2,0,0,0
India,Assam,Nagaon,"Christianpatty, Nagaon - PCBA",09-07-2026 20:00,26.349082,92.68449,OZONE,6,12,10
India,Assam,Nalbari,"Bata Chowk, Nalbari - PCBA",09-07-2026 20:00,26.446912,91.439057,PM2.5,21,129,66
India,Assam,Nalbari,"Bata Chowk, Nalbari - PCBA",09-07-2026 20:00,26.446912,91.439057,CO,21,22,21
India,Assam,Sivasagar,"Girls College, Sivasagar - PCBA",09-07-2026 20:00,26.987634,94.636574,NH3,3,11,7
India,Bihar,Araria,"Kharahiya Basti, Araria - BSPCB",09-07-2026 20:00,26.146529,87.454184,SO2,0,14,7
India,Bihar,Aurangabad,"Gurdeo Nagar, Aurangabad - BSPCB",09-07-2026 20:00,24.75746,84.366208,CO,100,103,102
India,Bihar,Begusarai,"Lohiyanagar, Begusarai - BSPCB",09-07-2026 20:00,25.42742023,86.13886079,NO2,5,13,9
India,Bihar,Begusarai,"Lohiyanagar, Begusarai - BSPCB",09-07-2026 20:00,25.42742023,86.13886079,NH3,15,17,16
India,Andhra Pradesh,Chittoor,"Gangineni Cheruvu, Chittoor - APPCB",09-07-2026 20:00,13.20488,79.097889,PM10,57,77,64
India,Andhra Pradesh,Chittoor,"Gangineni Cheruvu, Chittoor - APPCB",09-07-2026 20:00,13.20488,79.097889,SO2,16,28,19
India,Andhra Pradesh,Eluru,"District Court, Eluru - APPCB",09-07-2026 20:00,16.711754,81.092095,PM2.5,53,73,64
India,Andhra Pradesh,Guntur,"Rajendra Nagar North, Guntur - APPCB",09-07-2026 20:00,16.316553,80.413302,PM10,42,69,50
India,Andhra Pradesh,Guntur,"Rajendra Nagar North, Guntur - APPCB",09-07-2026 20:00,16.316553,80.413302,NO2,17,54,31
India,Andhra Pradesh,Guntur,"Rajendra Nagar North, Guntur - APPCB",09-07-2026 20:00,16.316553,80.413302,CO,30,51,35
India,Andhra Pradesh,Guntur,"Rajendra Nagar North, Guntur - APPCB",09-07-2026 20:00,16.316553,80.413302,OZONE,23,49,37
India,Andhra Pradesh,Kadapa,"Yerramukkapalli, Kadapa - APPCB",09-07-2026 20:00,14.465052,78.824187,PM10,65,82,70
India,Andhra Pradesh,Kadapa,"Yerramukkapalli, Kadapa - APPCB",09-07-2026 20:00,14.465052,78.824187,NH3,7,22,17
India,Andhra Pradesh,Tirupati,"Vaikuntapuram, Tirupati - APPCB",09-07-2026 20:00,13.615387,79.40923,PM2.5,57,73,63
India,Andhra Pradesh,Vijayawada,"HB Colony, Vijayawada - APPCB",09-07-2026 20:00,16.536107,80.594233,PM10,55,74,64
India,Andhra Pradesh,Vijayawada,"Rajiv Nagar, Vijayawada - APPCB",09-07-2026 20:00,16.554731,80.64911,PM10,57,74,65
India,Andhra Pradesh,Vijayawada,"Rajiv Nagar, Vijayawada - APPCB",09-07-2026 20:00,16.554731,80.64911,OZONE,18,31,24
India,Andhra Pradesh,Vijayawada,"Rajiv Gandhi Park, Vijayawada - APPCB",09-07-2026 20:00,16.509717,80.612222,NO2,16,25,21
India,Bihar,Bettiah,"Kamalnath Nagar, Bettiah - BSPCB",09-07-2026 20:00,26.80365,84.51954,SO2,10,13,11
India,Bihar,Bihar Sharif,"D M Colony, Bihar Sharif - BSPCB",09-07-2026 20:00,25.204762,85.51496,PM2.5,17,323,62
India,Bihar,Buxar,"Charitra Van, Buxar - BSPCB",09-07-2026 20:00,25.56752,83.966379,PM2.5,23,107,46
India,Bihar,Chhapra,"Darshan Nagar, Chhapra - BSPCB",09-07-2026 20:00,25.7808257,84.7446768,NO2,1,3,2
India,Bihar,Chhapra,"Darshan Nagar, Chhapra - BSPCB",09-07-2026 20:00,25.7808257,84.7446768,NH3,2,4,3
India,Andhra Pradesh,Nellore,"Ambedkar Nagar, Nellore - APPCB ",09-07-2026 20:00,14.438164,79.966814,SO2,9,19,16
India,Andhra Pradesh,Rajamahendravaram,"Anand Kala Kshetram, Rajamahendravaram - APPCB",09-07-2026 20:00,16.9872867,81.7363176,PM10,28,66,44
India,Andhra Pradesh,Rajamahendravaram,"Anand Kala Kshetram, Rajamahendravaram - APPCB",09-07-2026 20:00,16.9872867,81.7363176,SO2,4,6,5
India,Andhra Pradesh,Tirumala,"Toll Gate, Tirumala - APPCB",09-07-2026 20:00,13.67,79.35,PM2.5,10,33,22
India,Andhra Pradesh,Anantapur,"Gulzarpet, Anantapur - APPCB",09-07-2026 20:00,14.675886,77.593027,PM2.5,68,401,111
India,Andhra Pradesh,Anantapur,"Gulzarpet, Anantapur - APPCB",09-07-2026 20:00,14.675886,77.593027,CO,24,33,28
India,Delhi,Delhi,"Shadipur, Delhi - CPCB",09-07-2026 20:00,28.6514781,77.1473105,PM2.5,17,55,31
India,Delhi,Delhi,"IGNOU_Maidan Garhi, Delhi - DPCC",09-07-2026 20:00,28.493624,77.201159,SO2,3,4,4
India,Delhi,Delhi,"IGI Airport (T3), Delhi - IITM",09-07-2026 20:00,28.5627763,77.1180053,PM10,5,73,25
India,Delhi,Delhi,"IGI Airport (T3), Delhi - IITM",09-07-2026 20:00,28.5627763,77.1180053,OZONE,51,69,61
India,Delhi,Delhi,"Sirifort, Delhi - CPCB",09-07-2026 20:00,28.5504249,77.2159377,SO2,19,21,20
India,Delhi,Delhi,"Mandir Marg, Delhi - DPCC",09-07-2026 20:00,28.636429,77.201067,CO,88,91,89
India,Delhi,Delhi,"Mandir Marg, Delhi - DPCC",09-07-2026 20:00,28.636429,77.201067,OZONE,11,17,13
India,Delhi,Delhi,"Pusa, Delhi - DPCC",09-07-2026 20:00,28.639652,77.146275,NO2,10,51,27
India,Delhi,Delhi,"Pusa, Delhi - DPCC",09-07-2026 20:00,28.639652,77.146275,OZONE,1,14,7
India,Gujarat,Ahmedabad,"SAC ISRO Satellite, Ahmedabad - IITM",09-07-2026 20:00,23.023389,72.515201,PM2.5,48,102,63
India,Gujarat,Ahmedabad,"Maninagar, Ahmedabad - GPCB",09-07-2026 20:00,23.002657,72.591912,PM10,70,104,84
India,Gujarat,Ahmedabad,"Chandkheda, Ahmedabad - IITM",09-07-2026 20:00,23.107969,72.574648,PM10,66,116,88
India,Gujarat,Ahmedabad,"Chandkheda, Ahmedabad - IITM",09-07-2026 20:00,23.107969,72.574648,NO2,6,30,12
India,Delhi,Delhi,"Ashok Vihar, Delhi - DPCC",09-07-2026 20:00,28.695381,77.181665,OZONE,5,7,6
India,Delhi,Delhi,"Dwarka-Sector 8, Delhi - DPCC ",09-07-2026 20:00,28.5710274,77.0719006,SO2,9,21,16
India,Delhi,Delhi,"DTU, Delhi - CPCB",09-07-2026 20:00,28.7500499,77.1112615,NO2,12,25,20
India,Delhi,Delhi,"DTU, Delhi - CPCB",09-07-2026 20:00,28.7500499,77.1112615,NH3,3,8,5
India,Delhi,Delhi,"North Campus, DU, Delhi - IITM",09-07-2026 20:00,28.6573814,77.1585447,OZONE,36,50,44
India,Delhi,Delhi,"Alipur, Delhi - DPCC",09-07-2026 20:00,28.815329,77.15301,NO2,11,24,16
India,Delhi,Delhi,"IMD Lodhi Road, Delhi - IITM",09-07-2026 20:00,28.5918245,77.2273074,NO2,4,103,13
India,Delhi,Delhi,"Burari Crossing, Delhi - IITM",09-07-2026 20:00,28.7256504,77.2011573,NO2,11,40,18
India,Delhi,Delhi,"Burari Crossing, Delhi - IITM",09-07-2026 20:00,28.7256504,77.2011573,CO,45,91,55
India,Delhi,Delhi,"Burari Crossing, Delhi - IITM",09-07-2026 20:00,28.7256504,77.2011573,OZONE,7,36,22
India,Delhi,Delhi,"JNU, Delhi - DPCC",09-07-2026 20:00,28.540721,77.168544,PM2.5,2,50,23
India,Delhi,Delhi,"Aya Nagar, Delhi - IITM",09-07-2026 20:00,28.4706914,77.1099364,PM2.5,1,60,21
India,Delhi,Delhi,"Aya Nagar, Delhi - IITM",09-07-2026 20:00,28.4706914,77.1099364,NO2,18,30,25
India,Delhi,Delhi,"NSIT Dwarka, Delhi - CPCB",09-07-2026 20:00,28.60909,77.0325413,NH3,6,13,7
India,Delhi,Delhi,"Talkatora Garden, Delhi - DPCC",09-07-2026 20:00,28.62181,77.1944633,NO2,7,43,16
India,Delhi,Delhi,"Talkatora Garden, Delhi - DPCC",09-07-2026 20:00,28.62181,77.1944633,NH3,1,4,2
India,Delhi,Delhi,"Talkatora Garden, Delhi - DPCC",09-07-2026 20:00,28.62181,77.1944633,SO2,0,1,0
India,Delhi,Delhi,"Talkatora Garden, Delhi - DPCC",09-07-2026 20:00,28.62181,77.1944633,CO,35,42,39
India,Delhi,Delhi,"Commonwealth Sports Complex, Delhi - DPCC",09-07-2026 20:00,28.615828,77.271992,OZONE,7,13,10
India,Delhi,Delhi,"Punjabi Bagh, Delhi - DPCC",09-07-2026 20:00,28.674045,77.131023,NO2,12,37,20
India,Delhi,Delhi,"Punjabi Bagh, Delhi - DPCC",09-07-2026 20:00,28.674045,77.131023,SO2,30,49,38
India,Gujarat,Mehsana,"Sadanand Nagar, Mehsana - Nexteng Enviro",09-07-2026 20:00,23.59315,72.372792,SO2,13,14,13
India,Gujarat,Rajkot,"Mavdi, Rajkot - Nexteng Enviro ",09-07-2026 20:00,22.248853,70.776774,CO,88,90,89
India,Gujarat,Rajkot,"Mavdi, Rajkot - Nexteng Enviro ",09-07-2026 20:00,22.248853,70.776774,OZONE,6,8,7
India,Gujarat,Surat,"Katargam, Surat - Nexteng Enviro",09-07-2026 20:00,21.217779,72.834787,NH3,1,2,1
India,Gujarat,Surat,"Katargam, Surat - Nexteng Enviro",09-07-2026 20:00,21.217779,72.834787,CO,39,45,41
India,Gujarat,Surat,"Katargam, Surat - Nexteng Enviro",09-07-2026 20:00,21.217779,72.834787,OZONE,4,5,4
India,Gujarat,Vapi,"Phase-1 GIDC, Vapi - GPCB",09-07-2026 20:00,20.362421,72.918013,PM2.5,20,58,40
India,Gujarat,Vatva,"Phase-4 GIDC, Vatva - GPCB",09-07-2026 20:00,22.969611,72.6435,SO2,3,18,10
India,Haryana,Ambala,"Patti Mehar, Ambala - HSPCB",09-07-2026 20:00,30.379589,76.778328,PM10,43,211,82
India,Haryana,Bahadurgarh,"Arya Nagar, Bahadurgarh - HSPCB",09-07-2026 20:00,28.6701,76.9254,SO2,5,7,6
India,Haryana,Ballabgarh,"Nathu Colony, Ballabgarh - HSPCB",09-07-2026 20:00,28.3419248,77.319699,CO,40,64,49
India,Delhi,Delhi,"Major Dhyan Chand National Stadium, Delhi - DPCC",09-07-2026 20:00,28.611281,77.237738,PM2.5,8,28,14
India,Delhi,Delhi,"Major Dhyan Chand National Stadium, Delhi - DPCC",09-07-2026 20:00,28.611281,77.237738,NH3,8,13,10
India,Delhi,Delhi,"Major Dhyan Chand National Stadium, Delhi - DPCC",09-07-2026 20:00,28.611281,77.237738,OZONE,6,10,7
India,Delhi,Delhi,"Sonia Vihar, Delhi - DPCC",09-07-2026 20:00,28.710508,77.249485,PM10,2,83,15
India,Delhi,Delhi,"Bawana, Delhi - DPCC",09-07-2026 20:00,28.7762,77.051074,NO2,2,30,7
India,Delhi,Delhi,"Bawana, Delhi - DPCC",09-07-2026 20:00,28.7762,77.051074,SO2,3,4,4
India,Delhi,Delhi,"Patparganj, Delhi - DPCC",09-07-2026 20:00,28.623763,77.287209,NO2,6,40,13
India,Delhi,Delhi,"Patparganj, Delhi - DPCC",09-07-2026 20:00,28.623763,77.287209,NH3,8,11,9
India,Delhi,Delhi,"Jawaharlal Nehru Stadium, Delhi - DPCC",09-07-2026 20:00,28.58028,77.233829,NH3,21,75,42
India,Delhi,Delhi,"IHBAS, Dilshad Garden, Delhi - CPCB",09-07-2026 20:00,28.6811736,77.3025234,SO2,11,26,18
India,Delhi,Delhi,"Sri Aurobindo Marg, Delhi - DPCC",09-07-2026 20:00,28.531346,77.190156,OZONE,19,28,23
India,Chandigarh,Chandigarh,"Sector 22, Chandigarh - CPCC",09-07-2026 20:00,30.735567,76.775714,SO2,2,5,4
India,Chandigarh,Chandigarh,"Sector-53, Chandigarh - CPCC",09-07-2026 20:00,30.719859,76.738637,PM2.5,2,25,13
India,Chandigarh,Chandigarh,"Sector-53, Chandigarh - CPCC",09-07-2026 20:00,30.719859,76.738637,OZONE,2,5,4
India,Chhattisgarh,Bhilai,"Hathkhoj, Bhilai - CECB",09-07-2026 20:00,21.224231,81.40835,PM10,12,73,44
India,Chhattisgarh,Bilaspur,"Mangala, Bilaspur - NTPC",09-07-2026 20:00,22.08815,82.13737,CO,13,23,18
India,Chhattisgarh,Chhal,"Nawapara SECL Colony, Chhal - CECB",09-07-2026 20:00,22.118125,83.140608,NO2,3,10,6
India,Chhattisgarh,Chhal,"Nawapara SECL Colony, Chhal - CECB",09-07-2026 20:00,22.118125,83.140608,OZONE,43,47,45
India,Chhattisgarh,Korba,"Urja Nagar, Korba - CECB",09-07-2026 20:00,22.348441,82.549611,CO,20,29,24
India,Chhattisgarh,Korba,"Urja Nagar, Korba - CECB",09-07-2026 20:00,22.348441,82.549611,OZONE,2,2,2
India,Chhattisgarh,Korba,"Rampur, Korba - CECB",09-07-2026 20:00,22.368195,82.746431,PM10,22,38,31
India,Chhattisgarh,Korba,"Rampur, Korba - CECB",09-07-2026 20:00,22.368195,82.746431,CO,8,13,11
India,Delhi,Delhi,"Okhla Phase-2, Delhi - DPCC",09-07-2026 20:00,28.530785,77.271255,NH3,6,19,10
India,Delhi,Delhi,"Rohini, Delhi - DPCC",09-07-2026 20:00,28.732528,77.11992,NO2,4,37,11
India,Delhi,Delhi,"Vivek Vihar, Delhi - DPCC",09-07-2026 20:00,28.672342,77.31526,NO2,19,56,31
India,Delhi,Delhi,"Vivek Vihar, Delhi - DPCC",09-07-2026 20:00,28.672342,77.31526,NH3,6,8,7
India,Delhi,Delhi,"Vivek Vihar, Delhi - DPCC",09-07-2026 20:00,28.672342,77.31526,SO2,7,8,8
India,Delhi,Delhi,"Jahangirpuri, Delhi - DPCC",09-07-2026 20:00,28.73282,77.170633,PM2.5,2,137,59
India,Delhi,Delhi,"Jahangirpuri, Delhi - DPCC",09-07-2026 20:00,28.73282,77.170633,NH3,1,7,5
India,Delhi,Delhi,"Najafgarh, Delhi - DPCC",09-07-2026 20:00,28.570173,76.933762,PM2.5,2,60,25
India,Delhi,Delhi,"Najafgarh, Delhi - DPCC",09-07-2026 20:00,28.570173,76.933762,SO2,7,12,8
India,Delhi,Delhi,"Wazirpur, Delhi - DPCC",09-07-2026 20:00,28.699793,77.165453,PM10,1,91,38
India,Delhi,Delhi,"Wazirpur, Delhi - DPCC",09-07-2026 20:00,28.699793,77.165453,SO2,8,10,9
India,Delhi,Delhi,"Ashok Vihar, Delhi - DPCC",09-07-2026 20:00,28.695381,77.181665,SO2,8,15,12
India,Chhattisgarh,Milupara,"Govt. Higher Secondary School, Milupara - CECB",09-07-2026 20:00,22.1910172,83.5197009,PM10,13,59,30
India,Chhattisgarh,Milupara,"Govt. Higher Secondary School, Milupara - CECB",09-07-2026 20:00,22.1910172,83.5197009,SO2,12,15,13
India,Chhattisgarh,Raipur,"Bhatagaon New ISBT, Raipur - CECB",09-07-2026 20:00,21.219665,81.630094,NH3,2,2,2
India,Chhattisgarh,Raipur,"Bhatagaon New ISBT, Raipur - CECB",09-07-2026 20:00,21.219665,81.630094,SO2,1,6,3
India,Chhattisgarh,Raipur,"Bhatagaon New ISBT, Raipur - CECB",09-07-2026 20:00,21.219665,81.630094,CO,16,26,22
India,Delhi,Delhi,"Pusa, Delhi - IITM",09-07-2026 20:00,28.63611,77.173332,NO2,34,49,41
India,Delhi,Delhi,"Cantonment Area, Delhi - DPCC",09-07-2026 20:00,28.594169,77.1251,PM2.5,2,20,10
India,Delhi,Delhi,"Cantonment Area, Delhi - DPCC",09-07-2026 20:00,28.594169,77.1251,PM10,4,76,25
India,Delhi,Delhi,"Cantonment Area, Delhi - DPCC",09-07-2026 20:00,28.594169,77.1251,NO2,9,38,17
India,Gujarat,Ahmedabad,"Chandkheda, Ahmedabad - IITM",09-07-2026 20:00,23.107969,72.574648,SO2,4,18,11
India,Gujarat,Ahmedabad,"Raikhad, Ahmedabad - IITM",09-07-2026 20:00,23.020509,72.579261,SO2,2,6,3
India,Gujarat,Ahmedabad,"SAC ISRO Bopal, Ahmedabad - IITM",09-07-2026 20:00,23.041137,72.456691,NO2,2,10,3
India,Gujarat,Ahmedabad,"Rakhial, Ahmedabad - IITM",09-07-2026 20:00,23.016834,72.625775,CO,67,103,82
India,Gujarat,Ahmedabad,"Rakhial, Ahmedabad - IITM",09-07-2026 20:00,23.016834,72.625775,OZONE,4,7,6
India,Gujarat,Gandhinagar,"Sector-10, Gandhinagar - GPCB",09-07-2026 20:00,23.221714,72.654328,NO2,7,20,9
India,Gujarat,Gandhinagar,"GIFT City, Gandhinagar - IITM",09-07-2026 20:00,23.163798,72.677768,OZONE,1,5,3
India,Haryana,Narnaul,"Shastri Nagar, Narnaul - HSPCB",09-07-2026 20:00,28.060249,76.113115,CO,11,13,12
India,Haryana,Palwal,"Shyam Nagar, Palwal - HSPCB",09-07-2026 20:00,28.1485564,77.3320667,NH3,6,8,8
India,Haryana,Palwal,"Shyam Nagar, Palwal - HSPCB",09-07-2026 20:00,28.1485564,77.3320667,CO,15,63,39
India,Haryana,Panchgaon,"Amity University, Panchgaon - IITM",09-07-2026 20:00,28.3153,76.9143,PM2.5,6,69,31
India,Haryana,Panchgaon,"Amity University, Panchgaon - IITM",09-07-2026 20:00,28.3153,76.9143,NO2,15,41,26
India,Haryana,Panchgaon,"Amity University, Panchgaon - IITM",09-07-2026 20:00,28.3153,76.9143,NH3,7,27,18
India,Haryana,Panchgaon,"Amity University, Panchgaon - IITM",09-07-2026 20:00,28.3153,76.9143,OZONE,35,48,42
India,Haryana,Panchkula,"Sector-6, Panchkula - HSPCB ",09-07-2026 20:00,30.7057778,76.85318056,CO,19,20,19
India,Haryana,Panchkula,"Sector-6, Panchkula - HSPCB ",09-07-2026 20:00,30.7057778,76.85318056,OZONE,22,26,24
India,Haryana,Panipat,"Sector-18, Panipat - HSPCB",09-07-2026 20:00,29.432304,76.972765,CO,39,40,39
India,Haryana,Rohtak,"MD University, Rohtak - HSPCB",09-07-2026 20:00,28.52123,76.37138,PM10,42,65,52
India,Haryana,Rohtak,"MD University, Rohtak - HSPCB",09-07-2026 20:00,28.52123,76.37138,NO2,8,11,9
India,Haryana,Rohtak,"MD University, Rohtak - HSPCB",09-07-2026 20:00,28.52123,76.37138,CO,34,38,36
India,Haryana,Rohtak,"MD University, Rohtak - HSPCB",09-07-2026 20:00,28.52123,76.37138,OZONE,18,55,37
India,Haryana,Sirsa,"F-Block, Sirsa - HSPCB",09-07-2026 20:00,29.5364,75.0158,NH3,12,15,13
India,Haryana,Sirsa,"F-Block, Sirsa - HSPCB",09-07-2026 20:00,29.5364,75.0158,SO2,11,33,21
India,Haryana,Yamuna Nagar,"Gobind Pura, Yamuna Nagar - HSPCB",09-07-2026 20:00,30.1480566,77.2893471,PM2.5,47,263,99
India,Himachal Pradesh,Baddi,"HIMUDA Complex Phase-1, Baddi - HPPCB",09-07-2026 20:00,30.943887,76.801991,SO2,11,29,17
India,Himachal Pradesh,Baddi,"HIMUDA Complex Phase-1, Baddi - HPPCB",09-07-2026 20:00,30.943887,76.801991,CO,45,60,52
India,Jammu and Kashmir,Pampore,"Khrew, Pampore - JKPCC",09-07-2026 20:00,34.031606,75.009712,SO2,0,1,0
India,Jammu and Kashmir,Srinagar,"Khunmoh, Srinagar - JKPCC",09-07-2026 20:00,34.06313,74.96017,PM2.5,3,36,20
India,Jammu and Kashmir,Srinagar,"Rajbagh, Srinagar - JKPCC",09-07-2026 20:00,34.066206,74.81982,SO2,3,4,3
India,Jharkhand,Dhanbad,"Sardar Patel Nagar, Dhanbad - JSPCB",09-07-2026 20:00,23.80569,86.44268,NO2,93,155,103
India,Karnataka,Bagalkot,"Vidayagiri, Bagalkot - KSPCB",09-07-2026 20:00,16.172806,75.659694,PM2.5,32,33,32
India,Karnataka,Bagalkot,"Vidayagiri, Bagalkot - KSPCB",09-07-2026 20:00,16.172806,75.659694,NH3,1,1,1
India,Karnataka,Bengaluru,"Silk Board, Bengaluru - KSPCB",09-07-2026 20:00,12.917348,77.622813,PM2.5,16,48,27
India,Karnataka,Bengaluru,"Silk Board, Bengaluru - KSPCB",09-07-2026 20:00,12.917348,77.622813,NH3,3,4,3
India,Karnataka,Bengaluru,"Silk Board, Bengaluru - KSPCB",09-07-2026 20:00,12.917348,77.622813,SO2,0,1,1
India,Karnataka,Bengaluru,"Hombegowda Nagar, Bengaluru - KSPCB",09-07-2026 20:00,12.938539,77.5901,NH3,1,1,1
India,Karnataka,Bengaluru,"Hombegowda Nagar, Bengaluru - KSPCB",09-07-2026 20:00,12.938539,77.5901,CO,3,17,10
India,Madhya Pradesh,Gwalior,"Maharaj Bada, Gwalior - MPPCB",09-07-2026 20:00,26.200388,78.147714,OZONE,37,50,47
India,Madhya Pradesh,Gwalior,"Deen Dayal Nagar, Gwalior - MPPCB",09-07-2026 20:00,26.259242,78.216432,PM2.5,3,364,75
India,Madhya Pradesh,Gwalior,"City Center, Gwalior - MPPCB",09-07-2026 20:00,26.203442,78.193251,NO2,9,34,16
India,Madhya Pradesh,Gwalior,"City Center, Gwalior - MPPCB",09-07-2026 20:00,26.203442,78.193251,OZONE,32,62,50
India,Madhya Pradesh,Indore,"Maguda Nagar, Indore - IMC",09-07-2026 20:00,22.7524,75.8872,SO2,18,19,19
India,Madhya Pradesh,Indore,"Maguda Nagar, Indore - IMC",09-07-2026 20:00,22.7524,75.8872,CO,18,20,19
India,Madhya Pradesh,Indore,"Chhoti Gwaltoli, Indore - MPPCB",09-07-2026 20:00,22.431,75.5213,PM2.5,23,63,42
India,Madhya Pradesh,Indore,"Airport Area, Indore - IMC",09-07-2026 20:00,22.7289,75.8076,NH3,0,1,0
India,Madhya Pradesh,Indore,"Airport Area, Indore - IMC",09-07-2026 20:00,22.7289,75.8076,SO2,7,8,7
India,Madhya Pradesh,Indore,"Airport Area, Indore - IMC",09-07-2026 20:00,22.7289,75.8076,CO,39,40,39
India,Madhya Pradesh,Jabalpur,"Marhatal, Jabalpur - MPPCB",09-07-2026 20:00,23.168606,79.932247,NH3,1,2,1
India,Madhya Pradesh,Jabalpur,"Govindh Bhavan Colony, Jabalpur - JMC",09-07-2026 20:00,23.163174,79.973061,PM2.5,16,500,227
India,Madhya Pradesh,Jabalpur,"Govindh Bhavan Colony, Jabalpur - JMC",09-07-2026 20:00,23.163174,79.973061,NH3,1,4,3
India,Madhya Pradesh,Jabalpur,"Govindh Bhavan Colony, Jabalpur - JMC",09-07-2026 20:00,23.163174,79.973061,SO2,1,4,2
India,Madhya Pradesh,Jabalpur,"Gupteshwar, Jabalpur - JMC",09-07-2026 20:00,23.142888,79.916147,NO2,13,24,20
India,Haryana,Gurugram,"Teri Gram, Gurugram - HSPCB",09-07-2026 20:00,28.4275,77.1465,PM10,42,111,73
India,Haryana,Gurugram,"Teri Gram, Gurugram - HSPCB",09-07-2026 20:00,28.4275,77.1465,OZONE,10,38,22
India,Haryana,Jind,"Police Lines, Jind - HSPCB",09-07-2026 20:00,29.307814,76.337619,SO2,27,30,28
India,Haryana,Kaithal,"Rishi Nagar, Kaithal - HSPCB",09-07-2026 20:00,29.8006,76.4155,NO2,19,24,22
India,Haryana,Kaithal,"Rishi Nagar, Kaithal - HSPCB",09-07-2026 20:00,29.8006,76.4155,SO2,20,37,33
India,Haryana,Kaithal,"Rishi Nagar, Kaithal - HSPCB",09-07-2026 20:00,29.8006,76.4155,CO,8,46,28
India,Haryana,Karnal,"Sector-12, Karnal - HSPCB",09-07-2026 20:00,29.6953,77.0027,NO2,9,20,14
India,Haryana,Karnal,"Sector-12, Karnal - HSPCB",09-07-2026 20:00,29.6953,77.0027,NH3,6,12,8
India,Haryana,Karnal,"Sector-12, Karnal - HSPCB",09-07-2026 20:00,29.6953,77.0027,CO,44,56,50
India,Haryana,Kurukshetra,"Sector-7, Kurukshetra - HSPCB",09-07-2026 20:00,29.966942,76.875879,SO2,1,10,6
India,Haryana,Kurukshetra,"Sector-7, Kurukshetra - HSPCB",09-07-2026 20:00,29.966942,76.875879,OZONE,24,48,33
India,Haryana,Mandikhera,"General Hospital, Mandikhera(Nuh) - HSPCB",09-07-2026 20:00,27.9002,76.9938,PM2.5,49,53,51
India,Haryana,Mandikhera,"General Hospital, Mandikhera(Nuh) - HSPCB",09-07-2026 20:00,27.9002,76.9938,SO2,20,21,21
India,Haryana,Mandikhera,"General Hospital, Mandikhera(Nuh) - HSPCB",09-07-2026 20:00,27.9002,76.9938,CO,32,33,33
India,Karnataka,Koppal,"Diwator Nagar, Koppal - KSPCB",09-07-2026 20:00,15.34763,76.181767,OZONE,6,7,6
India,Karnataka,Mangalore,"Kadri, Mangalore - KSPCB",09-07-2026 20:00,12.88925,74.853,PM10,55,80,66
India,Karnataka,Mangalore,"Kadri, Mangalore - KSPCB",09-07-2026 20:00,12.88925,74.853,OZONE,37,37,37
India,Karnataka,Mysuru,"Hebbal 1st Stage, Mysuru - KSPCB",09-07-2026 20:00,12.21041,76.37376,NO2,12,29,21
India,Karnataka,Mysuru,"Hebbal 1st Stage, Mysuru - KSPCB",09-07-2026 20:00,12.21041,76.37376,SO2,0,7,4
India,Karnataka,Ramanagara,"Vijay Nagar, Ramanagara - KSPCB",09-07-2026 20:00,12.733409,77.298051,PM10,20,57,34
India,Karnataka,Ramanagara,"Vijay Nagar, Ramanagara - KSPCB",09-07-2026 20:00,12.733409,77.298051,SO2,16,21,19
India,Karnataka,Vijayapura,"Ibrahimpur, Vijayapura - KSPCB",09-07-2026 20:00,16.802639,75.722694,PM10,42,43,43
India,Karnataka,Vijayapura,"Ibrahimpur, Vijayapura - KSPCB",09-07-2026 20:00,16.802639,75.722694,SO2,3,6,3
India,Kerala,Kannur,"Thavakkara, Kannur - Kerala PCB",09-07-2026 20:00,11.875,75.3732,PM10,55,57,56
India,Kerala,Kannur,"Thavakkara, Kannur - Kerala PCB",09-07-2026 20:00,11.875,75.3732,NO2,11,14,13
India,Kerala,Kannur,"Thavakkara, Kannur - Kerala PCB",09-07-2026 20:00,11.875,75.3732,NH3,1,1,1
India,Kerala,Kollam,"Polayathode, Kollam - Kerala PCB",09-07-2026 20:00,8.8787,76.6073,CO,14,16,16
India,Kerala,Kollam,"Polayathode, Kollam - Kerala PCB",09-07-2026 20:00,8.8787,76.6073,OZONE,32,36,34
India,Kerala,Thiruvananthapuram,"Plammoodu, Thiruvananthapuram - Kerala PCB",09-07-2026 20:00,8.5149093,76.9435879,PM2.5,7,31,18
India,Kerala,Thiruvananthapuram,"Plammoodu, Thiruvananthapuram - Kerala PCB",09-07-2026 20:00,8.5149093,76.9435879,PM10,11,48,28
India,Kerala,Thiruvananthapuram,"Plammoodu, Thiruvananthapuram - Kerala PCB",09-07-2026 20:00,8.5149093,76.9435879,CO,9,51,25
India,Kerala,Thrissur,"Corporation Ground, Thrissur - Kerala PCB",09-07-2026 20:00,10.5324,76.2159,OZONE,29,29,29
India,Madhya Pradesh,Bhopal,"Paryavaran Parisar, Bhopal - MPPCB",09-07-2026 20:00,23.210494,77.425409,NH3,4,6,5
India,Madhya Pradesh,Bhopal,"T T Nagar, Bhopal - MPPCB",09-07-2026 20:00,23.233584,77.400574,PM2.5,33,53,41
India,Madhya Pradesh,Bhopal,"Idgah Hills, Bhopal - MPPCB",09-07-2026 20:00,23.264759,77.381568,PM10,71,145,101
India,Madhya Pradesh,Bhopal,"Idgah Hills, Bhopal - MPPCB",09-07-2026 20:00,23.264759,77.381568,NO2,9,31,16
India,Madhya Pradesh,Dewas,"Bhopal Chauraha, Dewas - MPPCB",09-07-2026 20:00,22.9682591,76.064118,PM2.5,33,76,57
India,Haryana,Bhiwani,"H.B. Colony, Bhiwani - HSPCB",09-07-2026 20:00,28.806223,76.141105,SO2,12,13,12
India,Haryana,Bhiwani,"H.B. Colony, Bhiwani - HSPCB",09-07-2026 20:00,28.806223,76.141105,OZONE,8,14,12
India,Haryana,Dharuhera,"Municipal Corporation Office, Dharuhera -  HSPCB",09-07-2026 20:00,28.2068,76.7997,PM10,45,68,55
India,Haryana,Dharuhera,"Municipal Corporation Office, Dharuhera -  HSPCB",09-07-2026 20:00,28.2068,76.7997,SO2,7,16,11
India,Haryana,Faridabad,"New Industrial Town, Faridabad - HSPCB",09-07-2026 20:00,28.39072,77.30059,OZONE,14,14,14
India,Haryana,Faridabad,"Sector 11, Faridabad - HSPCB",09-07-2026 20:00,28.376058,77.315741,PM2.5,33,479,96
India,Haryana,Faridabad,"Sector 11, Faridabad - HSPCB",09-07-2026 20:00,28.376058,77.315741,CO,67,80,74
India,Haryana,Gurugram,"NISE Gwal Pahari, Gurugram - IITM",09-07-2026 20:00,28.422681,77.148944,CO,64,71,67
India,Haryana,Gurugram,"Sector-51, Gurugram - HSPCB",09-07-2026 20:00,28.4227,77.0667,OZONE,9,47,31
India,Haryana,Gurugram,"Vikas Sadan, Gurugram - HSPCB",09-07-2026 20:00,28.4501238,77.0263051,SO2,1,8,4
India,Karnataka,Bengaluru,"BWSSB Kadabesanahalli, Bengaluru - CPCB",09-07-2026 20:00,12.9352049,77.6814488,PM10,54,55,54
India,Karnataka,Bengaluru,"Jayanagar 5th Block, Bengaluru - KSPCB",09-07-2026 20:00,12.920984,77.584908,PM2.5,26,50,34
India,Karnataka,Bengaluru,"Jayanagar 5th Block, Bengaluru - KSPCB",09-07-2026 20:00,12.920984,77.584908,PM10,21,101,46
India,Karnataka,Bengaluru,"Jayanagar 5th Block, Bengaluru - KSPCB",09-07-2026 20:00,12.920984,77.584908,NH3,1,1,1
India,Karnataka,Bengaluru,"Jayanagar 5th Block, Bengaluru - KSPCB",09-07-2026 20:00,12.920984,77.584908,SO2,17,33,22
India,Karnataka,Bengaluru,"Kasturi Nagar, Bengaluru - KSPCB",09-07-2026 20:00,13.003872,77.664217,OZONE,25,27,26
India,Karnataka,Bengaluru,"Sanegurava Halli, Bengaluru - KSPCB",09-07-2026 20:00,12.990328,77.5431385,SO2,6,7,6
India,Karnataka,Bengaluru,"Hebbal, Bengaluru - KSPCB",09-07-2026 20:00,13.029152,77.585901,NH3,2,2,2
India,Karnataka,Bengaluru,"Jigani, Bengaluru - KSPCB",09-07-2026 20:00,12.7816279,77.6299145,PM2.5,33,49,39
India,Karnataka,Bengaluru,"Bapuji Nagar, Bengaluru - KSPCB",09-07-2026 20:00,12.951913,77.539784,NO2,25,27,26
India,Karnataka,Chamarajanagar,"Urban, Chamarajanagar - KSPCB",09-07-2026 20:00,11.55358,76.55521,OZONE,25,29,28
India,Karnataka,Chikkaballapur,"Chikkaballapur Rural, Chikkaballapur - KSPCB",09-07-2026 20:00,13.428828,77.731418,OZONE,36,40,37
India,Karnataka,Gadag,"Panchal Nagar, Gadag - KSPCB",09-07-2026 20:00,15.411456,75.638133,PM2.5,20,26,23
India,Karnataka,Gadag,"Panchal Nagar, Gadag - KSPCB",09-07-2026 20:00,15.411456,75.638133,NO2,0,1,1
India,Karnataka,Gadag,"Panchal Nagar, Gadag - KSPCB",09-07-2026 20:00,15.411456,75.638133,CO,14,32,21
India,Karnataka,Hubballi,"Lingaraj Nagar, Hubballi - KSPCB",09-07-2026 20:00,15.3714823,75.1160168,PM2.5,30,41,32
India,Karnataka,Hubballi,"Lingaraj Nagar, Hubballi - KSPCB",09-07-2026 20:00,15.3714823,75.1160168,PM10,46,63,49
India,Karnataka,Hubballi,"Lingaraj Nagar, Hubballi - KSPCB",09-07-2026 20:00,15.3714823,75.1160168,NO2,7,13,9
India,Karnataka,Hubballi,"Lingaraj Nagar, Hubballi - KSPCB",09-07-2026 20:00,15.3714823,75.1160168,SO2,0,2,2
India,Karnataka,Karwar,"KHB Colony, Karwar - KSPCB",09-07-2026 20:00,14.816666,74.141003,PM10,40,87,52
India,Karnataka,Karwar,"KHB Colony, Karwar - KSPCB",09-07-2026 20:00,14.816666,74.141003,NO2,22,28,26
India,Karnataka,Karwar,"KHB Colony, Karwar - KSPCB",09-07-2026 20:00,14.816666,74.141003,OZONE,17,17,17
India,Maharashtra,Mumbai,"Kherwadi_Bandra East, Mumbai - MPCB",09-07-2026 20:00,19.0632143,72.8456324,NH3,4,4,4
India,Maharashtra,Mumbai,"Kherwadi_Bandra East, Mumbai - MPCB",09-07-2026 20:00,19.0632143,72.8456324,SO2,0,4,3
India,Maharashtra,Mumbai,"Kherwadi_Bandra East, Mumbai - MPCB",09-07-2026 20:00,19.0632143,72.8456324,CO,12,13,12
India,Maharashtra,Mumbai,"Malad West, Mumbai - IITM",09-07-2026 20:00,19.19709,72.82204,PM2.5,7,46,25
India,Maharashtra,Mumbai,"Malad West, Mumbai - IITM",09-07-2026 20:00,19.19709,72.82204,CO,35,64,46
India,Maharashtra,Mumbai,"Malad West, Mumbai - IITM",09-07-2026 20:00,19.19709,72.82204,OZONE,3,7,6
India,Maharashtra,Mumbai,"Mazgaon, Mumbai - IITM",09-07-2026 20:00,18.96702,72.84214,PM10,60,79,70
India,Maharashtra,Mumbai,"Chembur, Mumbai - MPCB",09-07-2026 20:00,19.0364585,72.8954371,PM2.5,16,54,26
India,Maharashtra,Mumbai,"Chembur, Mumbai - MPCB",09-07-2026 20:00,19.0364585,72.8954371,SO2,0,131,8
India,Maharashtra,Mumbai,"Chembur, Mumbai - MPCB",09-07-2026 20:00,19.0364585,72.8954371,OZONE,12,12,12
India,Maharashtra,Mumbai,"Deonar, Mumbai - IITM",09-07-2026 20:00,19.04946,72.923,SO2,1,4,3
India,Maharashtra,Mumbai,"Mindspace-Malad West, Mumbai - MPCB",09-07-2026 20:00,19.1878657,72.8304069,OZONE,40,55,47
India,Maharashtra,Mumbai,"Chakala-Andheri East, Mumbai - IITM",09-07-2026 20:00,19.11074,72.86084,PM2.5,15,32,24
India,Maharashtra,Mumbai,"Kandivali West, Mumbai - BMC",09-07-2026 20:00,19.215859,72.831718,PM2.5,10,36,25
India,Madhya Pradesh,Sagar,"Civil Lines, Sagar - MPPCB",09-07-2026 20:00,23.838586,78.759431,OZONE,20,58,31
India,Madhya Pradesh,Satna,"Bandhavgar Colony, Satna - Birla Cement",09-07-2026 20:00,24.58434363,80.8549414,NO2,12,13,13
India,Madhya Pradesh,Singrauli,"Suryakiran Bhawan NCL, Singrauli - MPPCB",09-07-2026 20:00,24.10897,82.64558,OZONE,8,26,15
India,Maharashtra,Akola,"Ramdaspeth, Akola - MPCB",09-07-2026 20:00,20.719516,77.000253,NH3,7,9,8
India,Maharashtra,Akola,"Ramdaspeth, Akola - MPCB",09-07-2026 20:00,20.719516,77.000253,SO2,1,11,5
India,Maharashtra,Ambernath,"Chinchpada, Ambernath - MPCB",09-07-2026 20:00,19.215784,73.199781,OZONE,4,12,9
India,Maharashtra,Amravati,"Shri Shivaji Science College, Amravati - MPCB",09-07-2026 20:00,20.939198,77.765701,NH3,4,6,5
India,Maharashtra,Amravati,"Shivneri Colony, Amravati - MPCB",09-07-2026 20:00,20.9402359,77.7895248,NO2,2,13,7
India,Maharashtra,Amravati,"Shivneri Colony, Amravati - MPCB",09-07-2026 20:00,20.9402359,77.7895248,CO,8,19,12
India,Maharashtra,Dombivli,"Kalu Nagar, Dombivli - MPCB",09-07-2026 20:00,19.2268427,73.0788456,PM10,13,25,20
India,Maharashtra,Hingoli,"Ashta Vinayak Nagar, Hingoli - MPCB",09-07-2026 20:00,19.710842,77.151824,NH3,0,6,1
India,Maharashtra,Hingoli,"Ashta Vinayak Nagar, Hingoli - MPCB",09-07-2026 20:00,19.710842,77.151824,SO2,4,6,5
India,Maharashtra,Jalgaon,"Prabhat Colony, Jalgaon - MPCB",09-07-2026 20:00,21.001264,75.565602,NO2,7,34,13
India,Maharashtra,Jalgaon,"Prabhat Colony, Jalgaon - MPCB",09-07-2026 20:00,21.001264,75.565602,SO2,0,2,1
India,Maharashtra,Jalna,"Old MIDC, Jalna - MPCB",09-07-2026 20:00,19.854616,75.905894,OZONE,33,48,41
India,Maharashtra,Kolhapur,"Sinchan Bhavan, Kolhapur - MPCB",09-07-2026 20:00,16.7143745,74.2426398,PM2.5,12,39,23
India,Maharashtra,Kolhapur,"Sinchan Bhavan, Kolhapur - MPCB",09-07-2026 20:00,16.7143745,74.2426398,NH3,2,6,3
India,Maharashtra,Kolhapur,"Sinchan Bhavan, Kolhapur - MPCB",09-07-2026 20:00,16.7143745,74.2426398,OZONE,26,26,26
India,Maharashtra,Kolhapur,"Shivaji University, Kolhapur - MPCB",09-07-2026 20:00,16.6870449,74.2505872,PM2.5,9,33,19
India,Maharashtra,Kolhapur,"Shivaji University, Kolhapur - MPCB",09-07-2026 20:00,16.6870449,74.2505872,NH3,3,4,3
India,Maharashtra,Kolhapur,"Shivaji University, Kolhapur - MPCB",09-07-2026 20:00,16.6870449,74.2505872,OZONE,5,10,8
India,Maharashtra,Navi Mumbai,"Sector-2E Kalamboli, Navi Mumbai - MPCB",09-07-2026 20:00,19.02579,73.10297,NO2,5,12,8
India,Maharashtra,Navi Mumbai,"Sanpada, Navi Mumbai - MPCB",09-07-2026 20:00,19.0575752,73.0151367,NH3,1,7,3
India,Maharashtra,Navi Mumbai,"Tondare-Taloja, Navi Mumbai - MPCB",09-07-2026 20:00,19.063,73.1209,PM10,54,80,64
India,Maharashtra,Navi Mumbai,"Kopripada-Vashi, Navi Mumbai - MPCB",09-07-2026 20:00,19.090337,73.014232,NO2,10,16,13
India,Maharashtra,Navi Mumbai,"Kopripada-Vashi, Navi Mumbai - MPCB",09-07-2026 20:00,19.090337,73.014232,OZONE,15,35,29
India,Maharashtra,Parbhani,"Masoom Colony, Parbhani - MPCB",09-07-2026 20:00,19.265594,76.761463,PM2.5,22,61,34
India,Maharashtra,Parbhani,"Masoom Colony, Parbhani - MPCB",09-07-2026 20:00,19.265594,76.761463,PM10,31,87,48
India,Maharashtra,Pimpri-Chinchwad,"Savta Mali Nagar, Pimpri-Chinchwad - IITM",09-07-2026 20:00,18.614767,73.799516,PM2.5,15,48,22
India,Maharashtra,Pimpri-Chinchwad,"Savta Mali Nagar, Pimpri-Chinchwad - IITM",09-07-2026 20:00,18.614767,73.799516,CO,23,34,28
India,Madhya Pradesh,Jabalpur,"Gupteshwar, Jabalpur - JMC",09-07-2026 20:00,23.142888,79.916147,CO,20,36,27
India,Madhya Pradesh,Katni,"Gole Bazar, Katni - MPPCB",09-07-2026 20:00,23.50016,80.23284,PM10,33,124,72
India,Madhya Pradesh,Katni,"Gole Bazar, Katni - MPPCB",09-07-2026 20:00,23.50016,80.23284,SO2,4,46,24
India,Madhya Pradesh,Maihar,"Sahilara, Maihar - KJS Cements",09-07-2026 20:00,24.2613009,80.7231783,NO2,20,79,61
India,Madhya Pradesh,Pithampur,"Sector-2 Industrial Area, Pithampur - MPPCB",09-07-2026 20:00,22.624758,75.675238,PM2.5,51,135,75
India,Maharashtra,Latur,"Sawe Wadi, Latur - MPCB",09-07-2026 20:00,18.39963,76.57452,OZONE,14,23,20
India,Maharashtra,Mira-Bhayandar,"Bhayandar West, Mira-Bhayandar - MPCB",09-07-2026 20:00,19.296481,72.840923,SO2,2,4,3
India,Maharashtra,Mumbai,"Navy Nagar-Colaba, Mumbai - IITM",09-07-2026 20:00,18.897756,72.81332,PM2.5,28,58,38
India,Maharashtra,Mumbai,"Borivali East, Mumbai - IITM",09-07-2026 20:00,19.23241,72.86895,PM2.5,30,53,40
India,Maharashtra,Nagpur,"Mahal, Nagpur - MPCB",09-07-2026 20:00,21.14472,79.107595,NH3,2,7,4
India,Maharashtra,Nagpur,"Mahal, Nagpur - MPCB",09-07-2026 20:00,21.14472,79.107595,CO,13,45,22
India,Maharashtra,Nagpur,"Mahal, Nagpur - MPCB",09-07-2026 20:00,21.14472,79.107595,OZONE,6,17,12
India,Maharashtra,Nagpur,"Ambazari, Nagpur - MPCB",09-07-2026 20:00,21.121801,79.04952,NO2,5,20,10
India,Maharashtra,Nagpur,"Ambazari, Nagpur - MPCB",09-07-2026 20:00,21.121801,79.04952,SO2,1,6,5
India,Maharashtra,Nagpur,"Ambazari, Nagpur - MPCB",09-07-2026 20:00,21.121801,79.04952,CO,9,41,17
India,Maharashtra,Nagpur,"Ram Nagar, Nagpur - MPCB",09-07-2026 20:00,21.143383,79.048912,PM2.5,12,51,32
India,Maharashtra,Nagpur,"Ram Nagar, Nagpur - MPCB",09-07-2026 20:00,21.143383,79.048912,NH3,5,7,5
India,Maharashtra,Nanded,"Sneh Nagar, Nanded - MPCB",09-07-2026 20:00,19.173852,77.296291,PM2.5,5,37,21
India,Maharashtra,Nashik,"Gangapur Road, Nashik - MPCB",09-07-2026 20:00,20.0073285,73.7762427,PM10,29,64,48
India,Maharashtra,Nashik,"Gangapur Road, Nashik - MPCB",09-07-2026 20:00,20.0073285,73.7762427,NH3,3,3,3
India,Maharashtra,Aurangabad,"MIDC Chilkalthana, Aurangabad - MPCB",09-07-2026 20:00,19.87562,75.38731,SO2,4,9,6
India,Maharashtra,Aurangabad,"MIDC Chilkalthana, Aurangabad - MPCB",09-07-2026 20:00,19.87562,75.38731,CO,23,29,26
India,Maharashtra,Badlapur,"Katrap, Badlapur - MPCB",09-07-2026 20:00,19.16485,73.23409,PM2.5,24,32,28
India,Maharashtra,Beed,"Bir, Beed - MPCB",09-07-2026 20:00,18.988474,75.753873,PM10,58,239,111
India,Maharashtra,Belapur,"CBD Belapur, Belapur - MPCB",09-07-2026 20:00,19.0243902,73.0406721,NH3,0,8,4
India,Maharashtra,Mumbai,"Borivali East, Mumbai - IITM",09-07-2026 20:00,19.23241,72.86895,NH3,5,19,10
India,Maharashtra,Mumbai,"Worli, Mumbai - MPCB",09-07-2026 20:00,18.9936162,72.8128113,CO,27,29,28
India,Maharashtra,Mumbai,"Byculla, Mumbai - BMC",09-07-2026 20:00,18.9767,72.838,SO2,5,9,7
India,Odisha,Brajrajnagar,"GM Office, Brajrajnagar - OSPCB",09-07-2026 20:00,21.8004996,83.8396977,PM2.5,8,56,26
India,Odisha,Byasanagar,"Ferro Chrome Colony, Byasanagar - OSPCB",09-07-2026 20:00,20.94185,86.1151,PM2.5,2,47,27
India,Odisha,Byasanagar,"Ferro Chrome Colony, Byasanagar - OSPCB",09-07-2026 20:00,20.94185,86.1151,CO,27,64,42
India,Odisha,Byasanagar,"Ferro Chrome Colony, Byasanagar - OSPCB",09-07-2026 20:00,20.94185,86.1151,OZONE,31,52,39
India,Odisha,Cuttack,"CDA Area, Cuttack - OSPCB",09-07-2026 20:00,20.48891,85.84768,NO2,10,13,11
India,Odisha,Keonjhar,"Jagamohanpur, Keonjhar - OSPCB",09-07-2026 20:00,21.6439,85.599355,NH3,2,3,2
India,Odisha,Rairangpur,"Divisional Forest Office, Rairangpur - OSPCB",09-07-2026 20:00,22.265816,86.174829,OZONE,6,9,8
India,Odisha,Rourkela,"Raghunathpali, Rourkela - OSPCB",09-07-2026 20:00,22.220833,84.809444,PM2.5,10,36,18
India,Odisha,Rourkela,"Raghunathpali, Rourkela - OSPCB",09-07-2026 20:00,22.220833,84.809444,NH3,1,2,1
India,Odisha,Rourkela,"Raghunathpali, Rourkela - OSPCB",09-07-2026 20:00,22.220833,84.809444,SO2,5,6,6
India,Odisha,Rourkela,"Sector-2, Rourkela - OSPCB",09-07-2026 20:00,22.245,84.88111111,PM2.5,50,50,50
India,Odisha,Rourkela,"Sector-2, Rourkela - OSPCB",09-07-2026 20:00,22.245,84.88111111,CO,20,20,20
India,Odisha,Rourkela,"Fertilizer Township, Rourkela - OSPCB",09-07-2026 20:00,22.18972222,84.86277778,SO2,9,14,11
India,Odisha,Suakati,"OMC Colony, Suakati - OSPCB",09-07-2026 20:00,21.606865,85.510538,NH3,3,3,3
India,Punjab,Patiala,"Model Town, Patiala - PPCB",09-07-2026 20:00,30.349388,76.366642,SO2,7,14,10
India,Punjab,Rupnagar,"Ratanpura, Rupnagar - Ambuja Cements",09-07-2026 20:00,31.0325454,76.5623046,PM2.5,26,188,76
India,Punjab,Rupnagar,"Ratanpura, Rupnagar - Ambuja Cements",09-07-2026 20:00,31.0325454,76.5623046,PM10,20,104,51
India,Rajasthan,Ajmer,"Civil Lines,  Ajmer - RSPCB",09-07-2026 20:00,26.470859,74.646594,PM10,38,129,94
India,Rajasthan,Ajmer,"Civil Lines,  Ajmer - RSPCB",09-07-2026 20:00,26.470859,74.646594,OZONE,19,78,28
India,Rajasthan,Alwar,"Moti Doongri, Alwar - RSPCB",09-07-2026 20:00,27.554793,76.611536,PM10,35,119,65
India,Rajasthan,Banswara,"Rati Talai, Banswara - RSPCB",09-07-2026 20:00,23.55519,74.44001,NO2,14,43,21
India,Rajasthan,Banswara,"Rati Talai, Banswara - RSPCB",09-07-2026 20:00,23.55519,74.44001,SO2,4,20,7
India,Rajasthan,Baran,"Bamboliya, Baran - RSPCB",09-07-2026 20:00,25.106006,76.469948,NO2,12,20,17
India,Rajasthan,Baran,"Bamboliya, Baran - RSPCB",09-07-2026 20:00,25.106006,76.469948,OZONE,25,48,38
India,Rajasthan,Barmer,"Railway Colony, Barmer - RSPCB",09-07-2026 20:00,25.747299,71.393989,NH3,2,6,4
India,Rajasthan,Bhilwara,"Pratap Nagar, Bhilwara - RSPCB",09-07-2026 20:00,25.339605,74.618883,PM2.5,35,93,66
India,Maharashtra,Solapur,"Ratandeep Housing Society, Solapur - MPCB",09-07-2026 20:00,17.65439,75.90649,PM2.5,6,45,27
India,Maharashtra,Solapur,"Ratandeep Housing Society, Solapur - MPCB",09-07-2026 20:00,17.65439,75.90649,NO2,11,23,18
India,Maharashtra,Solapur,"Ratandeep Housing Society, Solapur - MPCB",09-07-2026 20:00,17.65439,75.90649,SO2,2,3,3
India,Maharashtra,Solapur,"Dnyaneshwar Nagar, Solapur - MPCB",09-07-2026 20:00,17.6336264,75.9132495,PM2.5,5,37,16
India,Maharashtra,Thane,"Upvan Fort, Thane - MPCB",09-07-2026 20:00,19.222279,72.957979,NO2,10,22,14
India,Maharashtra,Ulhasnagar,"Sidhi Vinayak Nagar, Ulhasnagar - MPCB",09-07-2026 20:00,19.235581,73.159121,NH3,6,9,7
India,Maharashtra,Ulhasnagar,"Sidhi Vinayak Nagar, Ulhasnagar - MPCB",09-07-2026 20:00,19.235581,73.159121,OZONE,17,37,30
India,Meghalaya,Shillong,"Lumpyngngad, Shillong - Meghalaya PCB",09-07-2026 20:00,25.5586,91.8985,NH3,0,0,0
India,Maharashtra,Pune,"Revenue Colony-Shivajinagar, Pune - IITM",09-07-2026 20:00,18.530085,73.849598,OZONE,16,17,17
India,Maharashtra,Pune,"Dhankawadi, Pune - IITM",09-07-2026 20:00,18.459883,73.852193,CO,21,70,49
India,Maharashtra,Pune,"Mhada Colony, Pune - IITM",09-07-2026 20:00,18.57304,73.927715,CO,37,60,49
India,Maharashtra,Pune,"Panchawati_Pashan, Pune - IITM",09-07-2026 20:00,18.536457,73.805454,PM2.5,20,47,31
India,Maharashtra,Pune,"Panchawati_Pashan, Pune - IITM",09-07-2026 20:00,18.536457,73.805454,PM10,50,71,59
India,Maharashtra,Pune,"Panchawati_Pashan, Pune - IITM",09-07-2026 20:00,18.536457,73.805454,NO2,6,10,8
India,Maharashtra,Pune,"Panchawati_Pashan, Pune - IITM",09-07-2026 20:00,18.536457,73.805454,OZONE,4,5,5
India,Maharashtra,Pune,"Savitribai Phule Pune University, Pune - MPCB",09-07-2026 20:00,18.547056,73.826908,PM2.5,10,30,19
India,Maharashtra,Pune,"Savitribai Phule Pune University, Pune - MPCB",09-07-2026 20:00,18.547056,73.826908,OZONE,10,14,12
India,Maharashtra,Sangli,"Vijay Nagar, Sangli - MPCB",09-07-2026 20:00,16.5038,74.3623,PM2.5,10,26,18
India,Maharashtra,Sangli,"Vijay Nagar, Sangli - MPCB",09-07-2026 20:00,16.5038,74.3623,SO2,4,5,5
India,Rajasthan,Hanumangarh,"Housing Board, Hanumangarh - RSPCB",09-07-2026 20:00,29.61075,74.283608,CO,10,44,23
India,Rajasthan,Jaipur,"Sector-2 Murlipura, Jaipur - RSPCB",09-07-2026 20:00,26.960669,75.771817,OZONE,22,37,28
India,Rajasthan,Jaipur,"Adarsh Nagar, Jaipur - RSPCB",09-07-2026 20:00,26.902909,75.836858,NO2,11,35,23
India,Rajasthan,Jaipur,"Shastri Nagar, Jaipur - RSPCB",09-07-2026 20:00,26.9502929,75.730943,CO,31,53,46
India,Rajasthan,Jaipur,"Mansarovar Sector-12, Jaipur - RSPCB",09-07-2026 20:00,26.843698,75.766894,PM10,28,115,74
India,Rajasthan,Jaipur,"Mansarovar Sector-12, Jaipur - RSPCB",09-07-2026 20:00,26.843698,75.766894,NH3,8,10,9
India,Rajasthan,Jaipur,"Mansarovar Sector-12, Jaipur - RSPCB",09-07-2026 20:00,26.843698,75.766894,CO,23,35,27
India,Rajasthan,Jaipur,"Mansarovar Sector-12, Jaipur - RSPCB",09-07-2026 20:00,26.843698,75.766894,OZONE,5,15,9
India,Rajasthan,Jaipur,"RIICO Sitapura, Jaipur - RSPCB",09-07-2026 20:00,26.786682,75.827928,NO2,10,39,24
India,Rajasthan,Jaipur,"RIICO Sitapura, Jaipur - RSPCB",09-07-2026 20:00,26.786682,75.827928,NH3,2,3,2
India,Rajasthan,Jaisalmer,"Sadar Bazar, Jaisalmer - RSPCB",09-07-2026 20:00,26.912329,70.909168,NO2,3,15,9
India,Rajasthan,Jaisalmer,"Sadar Bazar, Jaisalmer - RSPCB",09-07-2026 20:00,26.912329,70.909168,OZONE,10,21,17
India,Rajasthan,Bhiwadi,"Vasundhara Nagar_UIT, Bhiwadi - RSPCB",09-07-2026 20:00,28.207266,76.829265,CO,15,25,18
India,Rajasthan,Bhiwadi,"RIICO Ind. Area III, Bhiwadi - RSPCB",09-07-2026 20:00,28.194909,76.862296,PM2.5,22,165,69
India,Rajasthan,Bhiwadi,"RIICO Ind. Area III, Bhiwadi - RSPCB",09-07-2026 20:00,28.194909,76.862296,CO,23,50,33
India,Rajasthan,Bundi,"New Colony, Bundi - RSPCB",09-07-2026 20:00,25.435774,75.644272,NO2,22,54,38
India,Rajasthan,Chittorgarh,"Shastri Nagar, Chittorgarh - RSPCB",09-07-2026 20:00,24.892047,74.623527,PM2.5,20,193,70
India,Rajasthan,Chittorgarh,"Shastri Nagar, Chittorgarh - RSPCB",09-07-2026 20:00,24.892047,74.623527,NO2,9,34,14
India,Rajasthan,Churu,"Subash Chowk, Churu - RSPCB",09-07-2026 20:00,28.296139,74.961696,PM2.5,2,38,11
India,Rajasthan,Churu,"Subash Chowk, Churu - RSPCB",09-07-2026 20:00,28.296139,74.961696,NO2,3,12,7
India,Rajasthan,Churu,"Subash Chowk, Churu - RSPCB",09-07-2026 20:00,28.296139,74.961696,NH3,6,13,7
India,Rajasthan,Dausa,"Khatikan Mohalla, Dausa - RSPCB",09-07-2026 20:00,26.895552,76.334753,PM10,36,211,102
India,Rajasthan,Dausa,"Khatikan Mohalla, Dausa - RSPCB",09-07-2026 20:00,26.895552,76.334753,NO2,12,43,24
India,Rajasthan,Dausa,"Khatikan Mohalla, Dausa - RSPCB",09-07-2026 20:00,26.895552,76.334753,CO,43,83,59
India,Nagaland,Kohima,"PWD Junction, Kohima - NPCB",09-07-2026 20:00,25.6635413,94.0989878,PM2.5,2,33,13
India,Odisha,Angul,"Hakimapada, Angul - OSPCB",09-07-2026 20:00,20.832874,85.104082,PM2.5,8,62,39
India,Odisha,Angul,"Hakimapada, Angul - OSPCB",09-07-2026 20:00,20.832874,85.104082,NO2,7,15,10
India,Odisha,Balasore,"Kalidaspur, Balasore - OSPCB",09-07-2026 20:00,21.51161,86.89088,NH3,4,5,5
India,Odisha,Balasore,"Kalidaspur, Balasore - OSPCB",09-07-2026 20:00,21.51161,86.89088,CO,42,46,44
India,Odisha,Barbil,"Forest Office, Barbil - OSPCB",09-07-2026 20:00,22.1166054,85.3945546,NO2,2,8,4
India,Odisha,Barbil,"Forest Office, Barbil - OSPCB",09-07-2026 20:00,22.1166054,85.3945546,CO,6,12,8
India,Odisha,Baripada,"Meher Colony, Baripada - OSPCB",09-07-2026 20:00,21.941841,86.728318,SO2,5,9,7
India,Odisha,Bhubaneswar,"Lingraj Mandir, Bhubaneswar - OSPCB",09-07-2026 20:00,20.24079,85.836784,CO,40,46,44
India,Puducherry,Puducherry,"Jawahar Nagar, Puducherry - PPCC",09-07-2026 20:00,11.9309,79.8027,SO2,4,13,8
India,Punjab,Jalandhar,"Civil Line, Jalandhar - PPCB",09-07-2026 20:00,31.321907,75.578914,NO2,28,47,34
India,Punjab,Jalandhar,"Civil Line, Jalandhar - PPCB",09-07-2026 20:00,31.321907,75.578914,OZONE,42,47,45
India,Punjab,Khanna,"Kalal Majra, Khanna - PPCB",09-07-2026 20:00,30.736056,76.209694,PM2.5,36,45,40
India,Punjab,Khanna,"Kalal Majra, Khanna - PPCB",09-07-2026 20:00,30.736056,76.209694,NO2,26,31,28
India,Punjab,Mandi Gobindgarh,"RIMT University, Mandi Gobindgarh - PPCB",09-07-2026 20:00,30.649961,76.331442,PM10,72,136,108
India,Maharashtra,Pimpri-Chinchwad,"Bhosari, Pune - IITM",09-07-2026 20:00,18.640051,73.848956,PM10,58,91,77
India,Maharashtra,Pimpri-Chinchwad,"Gavalinagar, Pimpri Chinchwad - MPCB",09-07-2026 20:00,18.63673,73.82487,CO,8,14,10
India,Maharashtra,Pimpri-Chinchwad,"Thergaon, Pimpri Chinchwad - MPCB",09-07-2026 20:00,18.616318,73.765797,PM2.5,28,98,58
India,Maharashtra,Pimpri-Chinchwad,"Park Street Wakad, Pimpri Chinchwad - MPCB",09-07-2026 20:00,18.59051,73.77946,PM10,28,250,59
India,Maharashtra,Pimpri-Chinchwad,"Park Street Wakad, Pimpri Chinchwad - MPCB",09-07-2026 20:00,18.59051,73.77946,NO2,8,29,13
India,Maharashtra,Pimpri-Chinchwad,"Park Street Wakad, Pimpri Chinchwad - MPCB",09-07-2026 20:00,18.59051,73.77946,SO2,1,2,1
India,Maharashtra,Pune,"Revenue Colony-Shivajinagar, Pune - IITM",09-07-2026 20:00,18.530085,73.849598,PM2.5,4,35,18
India,Maharashtra,Pune,"Revenue Colony-Shivajinagar, Pune - IITM",09-07-2026 20:00,18.530085,73.849598,PM10,32,52,42
India,Rajasthan,Jodhpur,"Samrat Ashok Udhyan, Jodhpur - RSPCB",09-07-2026 20:00,26.253384,72.976571,OZONE,16,40,30
India,Rajasthan,Karauli,"Satyawati Vihar, Karauli - RSPCB",09-07-2026 20:00,26.506177,77.025989,PM2.5,7,68,22
India,Rajasthan,Karauli,"Satyawati Vihar, Karauli - RSPCB",09-07-2026 20:00,26.506177,77.025989,CO,8,12,10
India,Rajasthan,Khairthal,"New Anaj Mandi, Khairthal - RSPCB",09-07-2026 20:00,27.8015617,76.6365217,SO2,4,4,4
India,Rajasthan,Kota,"Shrinath Puram, Kota - RSPCB",09-07-2026 20:00,25.14389,75.821256,SO2,6,11,8
India,Rajasthan,Kota,"Nayapura, Kota - RSPCB",09-07-2026 20:00,25.196024,75.855668,NH3,2,10,4
India,Rajasthan,Kota,"Dhanmandi, Kota - RSPCB",09-07-2026 20:00,25.16409,75.858137,PM10,15,103,68
India,Rajasthan,Kota,"Dhanmandi, Kota - RSPCB",09-07-2026 20:00,25.16409,75.858137,NO2,12,29,20
India,Rajasthan,Nagaur,"Karni Colony, Nagaur - RSPCB",09-07-2026 20:00,27.213494,73.734444,CO,9,25,14
India,Rajasthan,Pali,"Indira Colony Vistar, Pali - RSPCB",09-07-2026 20:00,25.771061,73.340227,PM2.5,33,238,84
India,Rajasthan,Pratapgarh,"Pragati Nagar, Pratapgarh - RSPCB",09-07-2026 20:00,24.041198,74.780702,PM10,23,128,78
India,Rajasthan,Pratapgarh,"Pragati Nagar, Pratapgarh - RSPCB",09-07-2026 20:00,24.041198,74.780702,OZONE,41,60,50
India,Rajasthan,Rajsamand,"Dhoinda, Rajsamand - RSPCB",09-07-2026 20:00,25.03636,73.883502,SO2,5,13,7
India,Rajasthan,Sawai Madhopur,"Sahu Nagar, Sawai Madhopur - RSPCB",09-07-2026 20:00,26.031443,76.359327,OZONE,47,57,52
India,Telangana,Hyderabad,"Ramachandrapuram, Hyderabad - TSPCB",09-07-2026 20:00,17.528544,78.286195,CO,19,23,20
India,Telangana,Hyderabad,"IDA Pashamylaram, Hyderabad - TSPCB",09-07-2026 20:00,17.5316895,78.218939,NO2,5,43,26
India,Telangana,Hyderabad,"IDA Pashamylaram, Hyderabad - TSPCB",09-07-2026 20:00,17.5316895,78.218939,NH3,0,2,1
India,Telangana,Hyderabad,"IDA Pashamylaram, Hyderabad - TSPCB",09-07-2026 20:00,17.5316895,78.218939,SO2,2,20,12
India,Telangana,Hyderabad,"ICRISAT Patancheru, Hyderabad - TSPCB",09-07-2026 20:00,17.5184,78.278777,OZONE,22,32,27
India,Telangana,Hyderabad,"Somajiguda, Hyderabad - TSPCB",09-07-2026 20:00,17.417094,78.457437,NO2,12,17,13
India,Telangana,Hyderabad,"Somajiguda, Hyderabad - TSPCB",09-07-2026 20:00,17.417094,78.457437,NH3,2,4,3
India,Telangana,Hyderabad,"Somajiguda, Hyderabad - TSPCB",09-07-2026 20:00,17.417094,78.457437,SO2,6,22,11
India,Telangana,Hyderabad,"New Malakpet, Hyderabad - TSPCB",09-07-2026 20:00,17.37206,78.50864,PM10,46,67,53
India,Telangana,Hyderabad,"Zoo Park, Hyderabad - TSPCB",09-07-2026 20:00,17.349694,78.451437,SO2,1,2,2
India,Telangana,Hyderabad,"Zoo Park, Hyderabad - TSPCB",09-07-2026 20:00,17.349694,78.451437,CO,4,44,28
India,Telangana,Hyderabad,"Nacharam_TSIIC IALA, Hyderabad - TSPCB",09-07-2026 20:00,17.429398,78.569354,PM10,53,63,57
India,Telangana,Hyderabad,"IITH Kandi, Hyderabad - TSPCB",09-07-2026 20:00,17.585705,78.126199,NO2,11,17,15
India,Telangana,Hyderabad,"IITH Kandi, Hyderabad - TSPCB",09-07-2026 20:00,17.585705,78.126199,SO2,10,12,11
India,Telangana,Hyderabad,"ECIL Kapra, Hyderabad - TSPCB",09-07-2026 20:00,17.470431,78.566959,PM2.5,21,49,33
India,Telangana,Hyderabad,"ECIL Kapra, Hyderabad - TSPCB",09-07-2026 20:00,17.470431,78.566959,NO2,9,19,14
India,Tamil Nadu,Chennai,"Arumbakkam, Chennai - TNPCB",09-07-2026 20:00,13.0664,80.2112,NH3,4,7,5
India,Tamil Nadu,Coimbatore,"SIDCO Kurichi, Coimbatore - TNPCB",09-07-2026 20:00,10.942451,76.978996,NO2,22,23,23
India,Tamil Nadu,Coimbatore,"SIDCO Kurichi, Coimbatore - TNPCB",09-07-2026 20:00,10.942451,76.978996,SO2,24,27,26
India,Tamil Nadu,Dindigul,"Mendonsa Colony, Dindigul - TNPCB",09-07-2026 20:00,10.358535,77.984321,CO,6,8,7
India,Tamil Nadu,Gummidipoondi,"Anthoni Pillai Nagar, Gummidipoondi - TNPCB",09-07-2026 20:00,13.4127,80.1081,PM10,32,179,99
India,Tamil Nadu,Madurai,"Uchapatti, Madurai - TNPCB",09-07-2026 20:00,9.865935,78.022669,SO2,43,58,53
India,Tamil Nadu,Madurai,"Uchapatti, Madurai - TNPCB",09-07-2026 20:00,9.865935,78.022669,OZONE,1,1,1
India,Tamil Nadu,Ramanathapuram,"Chalai Bazaar, Ramanathapuram - TNPCB",09-07-2026 20:00,9.36399,78.831977,OZONE,6,6,6
India,Tamil Nadu,Thoothukudi,"Meelavittan, Thoothukudi - TNPCB",09-07-2026 20:00,8.816428,78.099039,NO2,11,21,15
India,Telangana,Hyderabad,"Kompally Municipal Office, Hyderabad - TSPCB",09-07-2026 20:00,17.544899,78.486949,SO2,4,15,11
India,Telangana,Hyderabad,"Kokapet, Hyderabad - TSPCB",09-07-2026 20:00,17.393559,78.339194,PM10,52,68,57
India,Telangana,Hyderabad,"Sanathnagar, Hyderabad - TSPCB",09-07-2026 20:00,17.4559458,78.4332152,SO2,4,13,9
India,Telangana,Hyderabad,"Sanathnagar, Hyderabad - TSPCB",09-07-2026 20:00,17.4559458,78.4332152,CO,33,41,36
India,Telangana,Hyderabad,"Sanathnagar, Hyderabad - TSPCB",09-07-2026 20:00,17.4559458,78.4332152,OZONE,14,18,16
India,Tripura,Agartala,"Bardowali, Agartala - Tripura SPCB",09-07-2026 20:00,23.8175497,91.2726974,CO,30,34,32
India,Tripura,Agartala,"Bardowali, Agartala - Tripura SPCB",09-07-2026 20:00,23.8175497,91.2726974,OZONE,15,21,18
India,Uttar Pradesh,Agra,"Rohta, Agra - UPPCB",09-07-2026 20:00,27.106972,78.000111,NO2,13,13,13
India,Uttar Pradesh,Agra,"Rohta, Agra - UPPCB",09-07-2026 20:00,27.106972,78.000111,SO2,4,11,6
India,Uttar Pradesh,Agra,"Rohta, Agra - UPPCB",09-07-2026 20:00,27.106972,78.000111,OZONE,11,24,14
India,Uttar Pradesh,Agra,"Sanjay Palace, Agra - UPPCB",09-07-2026 20:00,27.19865833,78.00598056,NO2,2,10,7
India,Uttar Pradesh,Agra,"Sanjay Palace, Agra - UPPCB",09-07-2026 20:00,27.19865833,78.00598056,OZONE,2,10,6
India,Uttar Pradesh,Agra,"Shastripuram, Agra - UPPCB",09-07-2026 20:00,27.19862,77.92066,PM2.5,17,52,31
India,Uttar Pradesh,Ghaziabad,"Govindpuram, Ghaziabad - UPPCB",09-07-2026 20:00,28.694528,77.494705,CO,26,30,27
India,Uttar Pradesh,Ghaziabad,"Govindpuram, Ghaziabad - UPPCB",09-07-2026 20:00,28.694528,77.494705,OZONE,27,38,30
India,Uttar Pradesh,Ghaziabad,"Sanjay Nagar, Ghaziabad - UPPCB",09-07-2026 20:00,28.685382,77.453839,NH3,7,11,9
India,Uttar Pradesh,Ghaziabad,"Vasundhara, Ghaziabad - UPPCB",09-07-2026 20:00,28.6603346,77.3572563,OZONE,19,27,24
India,Uttar Pradesh,Gorakhpur,"Madan Mohan Malaviya University of Technology, Gorakhpur - UPPCB",09-07-2026 20:00,26.730136,83.433859,CO,5,6,6
India,Uttar Pradesh,Greater Noida,"Knowledge Park - V, Greater Noida - UPPCB",09-07-2026 20:00,28.557054,77.453663,NH3,7,12,9
India,Uttar Pradesh,Greater Noida,"Knowledge Park - III, Greater Noida - UPPCB",09-07-2026 20:00,28.47272,77.482,CO,17,32,25
India,Uttar Pradesh,Hapur,"Anand Vihar, Hapur - UPPCB",09-07-2026 20:00,28.725645,77.749675,CO,13,17,15
India,Uttar Pradesh,Jhansi,"Shivaji Nagar, Jhansi - UPPCB",09-07-2026 20:00,25.4547,78.6039,PM10,29,103,58
India,Uttar Pradesh,Kanpur,"NSI Kalyanpur, Kanpur - UPPCB",09-07-2026 20:00,26.509954,80.249612,SO2,20,25,23
India,Uttar Pradesh,Kanpur,"FTI Kidwai Nagar, Kanpur - UPPCB",09-07-2026 20:00,26.428282,80.327067,PM10,1,171,27
India,Rajasthan,Sikar,"Radhakishan Pura, Sikar - RSPCB",09-07-2026 20:00,27.608912,75.153302,NO2,7,23,11
India,Rajasthan,Tonk,"Shastri Nagar, Tonk - RSPCB",09-07-2026 20:00,26.159933,75.780517,PM2.5,27,83,48
India,Rajasthan,Tonk,"Shastri Nagar, Tonk - RSPCB",09-07-2026 20:00,26.159933,75.780517,NH3,3,7,4
India,Rajasthan,Udaipur,"Ashok Nagar, Udaipur - RSPCB",09-07-2026 20:00,24.5886166,73.6321397,OZONE,6,11,9
India,Sikkim,Gangtok,"Zero Point GICI, Gangtok - SSPCB",09-07-2026 20:00,27.33853,88.614099,NO2,7,8,8
India,Sikkim,Gangtok,"Zero Point GICI, Gangtok - SSPCB",09-07-2026 20:00,27.33853,88.614099,CO,4,10,6
India,Sikkim,Gangtok,"Zero Point GICI, Gangtok - SSPCB",09-07-2026 20:00,27.33853,88.614099,OZONE,15,26,23
India,Tamil Nadu,Chennai,"Kodungaiyur, Chennai - TNPCB",09-07-2026 20:00,13.1278,80.2642,PM10,41,329,74
India,Tamil Nadu,Chennai,"Kodungaiyur, Chennai - TNPCB",09-07-2026 20:00,13.1278,80.2642,SO2,4,7,6
India,Tamil Nadu,Chennai,"Manali Village, Chennai - TNPCB",09-07-2026 20:00,13.1662,80.2584,NO2,5,20,16
India,Tamil Nadu,Chennai,"Manali Village, Chennai - TNPCB",09-07-2026 20:00,13.1662,80.2584,OZONE,26,128,64
India,Tamil Nadu,Chennai,"Manali, Chennai - CPCB",09-07-2026 20:00,13.164544,80.26285,NO2,9,11,10
India,Uttar Pradesh,Lucknow,"Kendriya Vidyalaya, Lucknow - CPCB",09-07-2026 20:00,26.906111,80.948222,NO2,23,32,29
India,Uttar Pradesh,Lucknow,"Kendriya Vidyalaya, Lucknow - CPCB",09-07-2026 20:00,26.906111,80.948222,SO2,2,11,7
India,Uttar Pradesh,Lucknow,"Gomti Nagar, Lucknow - UPPCB",09-07-2026 20:00,26.86812,81.005119,PM2.5,3,43,14
India,Uttar Pradesh,Lucknow,"Gomti Nagar, Lucknow - UPPCB",09-07-2026 20:00,26.86812,81.005119,PM10,4,36,13
India,Uttar Pradesh,Lucknow,"Lalbagh, Lucknow - CPCB",09-07-2026 20:00,26.8458805,80.9365541,NO2,17,43,28
India,Uttar Pradesh,Mathura,"Pali Dungra, Mathura - UPPCB",09-07-2026 20:00,27.410954,77.550619,NO2,0,2,1
India,Uttar Pradesh,Meerut,"Jai Bhim Nagar, Meerut - UPPCB",09-07-2026 20:00,28.9535882,77.7622941,CO,73,93,87
India,Uttar Pradesh,Meerut,"Ganga Nagar, Meerut - UPPCB",09-07-2026 20:00,28.999264,77.7590354,PM10,10,63,29
India,Uttar Pradesh,Meerut,"Ganga Nagar, Meerut - UPPCB",09-07-2026 20:00,28.999264,77.7590354,NO2,22,30,26
India,Uttar Pradesh,Meerut,"Ganga Nagar, Meerut - UPPCB",09-07-2026 20:00,28.999264,77.7590354,NH3,8,11,10
India,Rajasthan,Jalore,"Mudtra Sili, Jalore - RSPCB",09-07-2026 20:00,25.344694,72.626208,NH3,4,5,4
India,Rajasthan,Jalore,"Mudtra Sili, Jalore - RSPCB",09-07-2026 20:00,25.344694,72.626208,SO2,3,4,3
India,Rajasthan,Jhalawar,"Rajlaxmi Nagar, Jhalawar - RSPCB",09-07-2026 20:00,24.588397,76.172782,CO,16,22,19
India,Rajasthan,Jhunjhunu,"Indra Nagar, Jhunjhunu - RSPCB",09-07-2026 20:00,28.108988,75.386577,PM10,20,105,46
India,Rajasthan,Jhunjhunu,"Indra Nagar, Jhunjhunu - RSPCB",09-07-2026 20:00,28.108988,75.386577,SO2,3,3,3
India,Rajasthan,Jodhpur,"Mandor, Jodhpur - RSPCB",09-07-2026 20:00,26.358805,73.047444,PM10,48,140,104
India,Rajasthan,Jodhpur,"Mandor, Jodhpur - RSPCB",09-07-2026 20:00,26.358805,73.047444,CO,13,18,16
India,Rajasthan,Jodhpur,"Digari Kalan, Jodhpur - RSPCB",09-07-2026 20:00,26.29581,73.082283,PM10,31,97,75
India,Rajasthan,Jodhpur,"Samrat Ashok Udhyan, Jodhpur - RSPCB",09-07-2026 20:00,26.253384,72.976571,PM2.5,37,77,53
India,Uttar Pradesh,Agra,"Sector-3B Avas Vikas Colony, Agra - UPPCB",09-07-2026 20:00,27.19412,77.96237,PM10,34,68,47
India,Uttar Pradesh,Baghpat,"Sardar Patel Inter College, Baghpat - UPPCB",09-07-2026 20:00,28.964949,77.278761,NO2,3,46,12
India,Uttar Pradesh,Baghpat,"Sardar Patel Inter College, Baghpat - UPPCB",09-07-2026 20:00,28.964949,77.278761,NH3,1,4,2
India,Uttar Pradesh,Bareilly,"Rajendra Nagar, Bareilly - UPPCB",09-07-2026 20:00,28.38910936,79.42963708,SO2,0,6,1
India,Uttar Pradesh,Firozabad,"Vibhab Nagar, Firozabad - UPPCB",09-07-2026 20:00,27.1594,78.3953,PM2.5,16,26,21
India,Uttar Pradesh,Ghaziabad,"Indirapuram, Ghaziabad - UPPCB",09-07-2026 20:00,28.646233,77.358075,PM10,24,47,33
India,Uttar Pradesh,Meerut,"MIET College, Meerut - UPPCB",09-07-2026 20:00,28.972677,77.641018,PM10,29,39,32
India,Uttar Pradesh,Meerut,"MIET College, Meerut - UPPCB",09-07-2026 20:00,28.972677,77.641018,NO2,5,17,8
India,Uttar Pradesh,Moradabad,"Transport Nagar, Moradabad - UPPCB",09-07-2026 20:00,28.802625,78.753728,NO2,24,24,24
India,Uttar Pradesh,Moradabad,"Transport Nagar, Moradabad - UPPCB",09-07-2026 20:00,28.802625,78.753728,NH3,5,5,5
India,Uttar Pradesh,Moradabad,"Transport Nagar, Moradabad - UPPCB",09-07-2026 20:00,28.802625,78.753728,SO2,18,19,18
India,Uttar Pradesh,Moradabad,"Employment Office, Moradabad - UPPCB",09-07-2026 20:00,28.88528,78.7388,PM2.5,32,53,41
India,Uttar Pradesh,Moradabad,"Employment Office, Moradabad - UPPCB",09-07-2026 20:00,28.88528,78.7388,CO,10,27,16
India,Uttar Pradesh,Moradabad,"Buddhi Vihar, Moradabad - UPPCB",09-07-2026 20:00,28.83526,78.7446,NH3,5,5,5
India,Uttar Pradesh,Moradabad,"Kashiram Nagar, Moradabad - UPPCB",09-07-2026 20:00,28.849399,78.742362,SO2,88,99,92
India,Uttar Pradesh,Moradabad,"Jigar Colony, Moradabad - UPPCB",09-07-2026 20:00,28.856664,78.772638,PM2.5,1,47,22
India,Uttar Pradesh,Muzaffarnagar,"New Mandi, Muzaffarnagar - UPPCB",09-07-2026 20:00,29.4723508,77.7194031,NH3,1,6,3
India,Uttar Pradesh,Noida,"Sector - 125, Noida - UPPCB",09-07-2026 20:00,28.5447608,77.3231257,NH3,17,28,21
India,Uttar Pradesh,Noida,"Sector - 125, Noida - UPPCB",09-07-2026 20:00,28.5447608,77.3231257,CO,53,59,55
India,Uttar Pradesh,Noida,"Sector - 62, Noida - IITM",09-07-2026 20:00,28.6245479,77.3577104,CO,13,16,14
India,Uttar Pradesh,Prayagraj,"Motilal Nehru NIT, Prayagraj - UPPCB",09-07-2026 20:00,25.494,81.863,CO,4,12,7
India,Uttar Pradesh,Raebareli,"Anand Nagar, Raebareli - UPPCB",09-07-2026 20:00,26.219512,81.237648,CO,82,83,83
India,Uttar Pradesh,Varanasi,"Bhelupur, Varanasi - UPPCB",09-07-2026 20:00,25.301778,82.996789,PM10,13,73,43
India,Uttar Pradesh,Varanasi,"Bhelupur, Varanasi - UPPCB",09-07-2026 20:00,25.301778,82.996789,OZONE,2,9,6
India,Uttar Pradesh,Varanasi,"IESD Banaras Hindu University, Varanasi - UPPCB",09-07-2026 20:00,25.262326,82.995408,PM2.5,8,21,15
India,Uttar Pradesh,Varanasi,"Ardhali Bazar, Varanasi - UPPCB",09-07-2026 20:00,25.3505986,82.9083074,PM10,10,91,66
India,Uttar Pradesh,Varanasi,"Ardhali Bazar, Varanasi - UPPCB",09-07-2026 20:00,25.3505986,82.9083074,NO2,39,43,41
India,Uttar Pradesh,Varanasi,"Maldahiya, Varanasi - UPPCB",09-07-2026 20:00,25.32393,82.99687,OZONE,3,4,4
India,Uttar Pradesh,Vrindavan,"Omex Eternity, Vrindavan - UPPCB",09-07-2026 20:00,27.571409,77.655757,SO2,30,40,33
India,Uttar Pradesh,Vrindavan,"Omex Eternity, Vrindavan - UPPCB",09-07-2026 20:00,27.571409,77.655757,CO,12,25,19
India,Uttarakhand,Dehradun,"Doon University, Dehradun - UKPCB",09-07-2026 20:00,30.269444,78.044167,CO,12,14,13
India,Uttarakhand,Rishikesh,"Shivaji Nagar, Rishikesh - UKPCB",09-07-2026 20:00,30.075911,78.2859547,NO2,7,7,7
India,West Bengal,Asansol,"Mahabir Colliery, Asansol - WBPCB",09-07-2026 20:00,23.618183,87.105718,PM10,25,38,33
India,West Bengal,Asansol,"Evelyn Lodge, Asansol - WBPCB",09-07-2026 20:00,23.697936,86.944395,SO2,75,76,76
India,West Bengal,Asansol,"Asansol Court Area, Asansol - WBPCB",09-07-2026 20:00,23.685297,86.945968,NO2,26,37,30
India,West Bengal,Asansol,"Asansol Court Area, Asansol - WBPCB",09-07-2026 20:00,23.685297,86.945968,CO,14,51,29
India,West Bengal,Asansol,"Asansol Court Area, Asansol - WBPCB",09-07-2026 20:00,23.685297,86.945968,OZONE,27,38,33
India,West Bengal,Asansol,"Trivenidevi Bhalotia College, Asansol - WBPCB",09-07-2026 20:00,23.616515,87.119133,SO2,29,32,30
India,West Bengal,Barrackpore,"SVSPA Campus, Barrackpore - WBPCB",09-07-2026 20:00,22.7605581,88.3617589,PM10,30,79,52
India,West Bengal,Barrackpore,"SVSPA Campus, Barrackpore - WBPCB",09-07-2026 20:00,22.7605581,88.3617589,NH3,5,7,6
India,West Bengal,Durgapur,"PCBL Residential Complex, Durgapur - WBPCB",09-07-2026 20:00,23.508764,87.35444,NH3,2,3,2
India,West Bengal,Durgapur,"PCBL Residential Complex, Durgapur - WBPCB",09-07-2026 20:00,23.508764,87.35444,CO,18,21,19
India,West Bengal,Durgapur,"Mahishkapur Road_B-Zone, Durgapur - WBPCB",09-07-2026 20:00,23.567923,87.306843,NH3,1,4,3
India,West Bengal,Durgapur,"Mahishkapur Road_B-Zone, Durgapur - WBPCB",09-07-2026 20:00,23.567923,87.306843,SO2,13,32,17
India,West Bengal,Durgapur,"Womens College_City Center, Durgapur - WBPCB",09-07-2026 20:00,23.549395,87.300496,NH3,2,2,2
India,West Bengal,Haldia,"Priyambada Housing Estate, Haldia - WBPCB",09-07-2026 20:00,22.06047,88.109737,SO2,5,30,13
India,West Bengal,Howrah,"Ghusuri, Howrah - WBPCB",09-07-2026 20:00,22.611968,88.347422,NO2,47,74,56
India,West Bengal,Howrah,"Ghusuri, Howrah - WBPCB",09-07-2026 20:00,22.611968,88.347422,CO,24,27,25
India,West Bengal,Howrah,"Botanical Garden, Howrah - WBPCB",09-07-2026 20:00,22.554954,88.292568,PM10,27,111,65
India,West Bengal,Howrah,"Botanical Garden, Howrah - WBPCB",09-07-2026 20:00,22.554954,88.292568,NO2,10,24,14
India,West Bengal,Howrah,"Dasnagar, Howrah - WBPCB",09-07-2026 20:00,22.6025571,88.3105664,NO2,4,9,6
India,West Bengal,Howrah,"Dasnagar, Howrah - WBPCB",09-07-2026 20:00,22.6025571,88.3105664,NH3,1,2,1
India,West Bengal,Howrah,"Belur Math, Howrah - WBPCB",09-07-2026 20:00,22.629801,88.352017,NO2,31,60,42
India,West Bengal,Howrah,"Belur Math, Howrah - WBPCB",09-07-2026 20:00,22.629801,88.352017,OZONE,8,9,8
India,West Bengal,Kolkata,"Fort William, Kolkata - WBPCB",09-07-2026 20:00,22.55664,88.342674,NO2,17,26,20
India,West Bengal,Kolkata,"Fort William, Kolkata - WBPCB",09-07-2026 20:00,22.55664,88.342674,NH3,9,9,9
India,West Bengal,Kolkata,"Rabindra Sarobar, Kolkata - WBPCB",09-07-2026 20:00,22.51106,88.35142,SO2,4,17,7
India,West Bengal,Kolkata,"Ballygunge, Kolkata - WBPCB",09-07-2026 20:00,22.5367507,88.3638022,OZONE,16,53,26
India,West Bengal,Kolkata,"Jadavpur, Kolkata - WBPCB",09-07-2026 20:00,22.49929,88.36917,PM2.5,38,67,51
India,West Bengal,Kolkata,"Jadavpur, Kolkata - WBPCB",09-07-2026 20:00,22.49929,88.36917,PM10,39,76,56
India,West Bengal,Kolkata,"Rabindra Bharati University, Kolkata - WBPCB",09-07-2026 20:00,22.627847,88.380669,NH3,6,8,7
India,West Bengal,Kolkata,"Bidhannagar, Kolkata - WBPCB",09-07-2026 20:00,22.58157048,88.41002457,NO2,13,14,14
India,Andhra Pradesh,Vijayawada,"Rajiv Gandhi Park, Vijayawada - APPCB",09-07-2026 20:00,16.509717,80.612222,CO,21,33,26
India,Andhra Pradesh,Visakhapatnam,"GVM Corporation, Visakhapatnam - APPCB",09-07-2026 20:00,17.72,83.3,PM2.5,7,92,46
India,Andhra Pradesh,Visakhapatnam,"GVM Corporation, Visakhapatnam - APPCB",09-07-2026 20:00,17.72,83.3,PM10,83,148,116
India,Andhra Pradesh,Visakhapatnam,"GVM Corporation, Visakhapatnam - APPCB",09-07-2026 20:00,17.72,83.3,NH3,3,3,3
India,Andhra Pradesh,Visakhapatnam,"GVM Corporation, Visakhapatnam - APPCB",09-07-2026 20:00,17.72,83.3,OZONE,8,47,33
India,Arunachal Pradesh,Naharlagun,"Naharlagun, Naharlagun - APSPCB",09-07-2026 20:00,27.103358,93.679645,NO2,7,8,8
India,Arunachal Pradesh,Naharlagun,"Naharlagun, Naharlagun - APSPCB",09-07-2026 20:00,27.103358,93.679645,SO2,10,11,11
India,Assam,Byrnihat,"Central Academy for SFS, Byrnihat - PCBA",09-07-2026 20:00,26.071318,91.87488,OZONE,21,44,33
India,Assam,Guwahati,"IITG, Guwahati - PCBA",09-07-2026 20:00,26.2028636,91.70046436,PM10,10,58,23
India,Assam,Guwahati,"Railway Colony, Guwahati - PCBA",09-07-2026 20:00,26.181742,91.78063,NO2,3,4,3
India,Assam,Guwahati,"Railway Colony, Guwahati - PCBA",09-07-2026 20:00,26.181742,91.78063,CO,10,14,13
India,Assam,Guwahati,"LGBI Airport, Guwahati - PCBA",09-07-2026 20:00,26.10887,91.589544,NO2,8,318,27
India,Assam,Guwahati,"LGBI Airport, Guwahati - PCBA",09-07-2026 20:00,26.10887,91.589544,CO,10,36,22
India,Assam,Guwahati,"LGBI Airport, Guwahati - PCBA",09-07-2026 20:00,26.10887,91.589544,OZONE,17,34,27
India,Bihar,Patna,"Samanpura, Patna - BSPCB",09-07-2026 20:00,25.596727,85.085624,CO,31,54,38
India,Bihar,Patna,"Samanpura, Patna - BSPCB",09-07-2026 20:00,25.596727,85.085624,OZONE,23,64,42
India,Bihar,Patna,"IGSC Planetarium Complex, Patna - BSPCB",09-07-2026 20:00,25.610369,85.132568,CO,44,49,46
India,Bihar,Purnia,"Mariam Nagar, Purnia - BSPCB",09-07-2026 20:00,25.366336,87.117468,PM10,39,62,46
India,Bihar,Rajgir,"Dangi Tola, Rajgir - BSPCB",09-07-2026 20:00,25.0328,85.41948,SO2,2,3,3
India,Bihar,Saharsa,"Police Line, Saharsa - BSPCB",09-07-2026 20:00,25.892357,86.590325,PM10,5,500,87
India,Bihar,Saharsa,"Police Line, Saharsa - BSPCB",09-07-2026 20:00,25.892357,86.590325,NO2,5,8,7
India,Bihar,Saharsa,"Police Line, Saharsa - BSPCB",09-07-2026 20:00,25.892357,86.590325,SO2,16,17,17
India,Bihar,Saharsa,"Police Line, Saharsa - BSPCB",09-07-2026 20:00,25.892357,86.590325,CO,38,40,39
India,Bihar,Samastipur,"DM Office_Kasipur, Samastipur - BSPCB",09-07-2026 20:00,25.859655,85.77944,PM2.5,5,414,78
India,Bihar,Siwan,"Chitragupta Nagar, Siwan - BSPCB",09-07-2026 20:00,26.2271665,84.3570427,SO2,4,10,6
India,Assam,Nagaon,"Christianpatty, Nagaon - PCBA",09-07-2026 20:00,26.349082,92.68449,NH3,4,4,4
India,Assam,Nalbari,"Bata Chowk, Nalbari - PCBA",09-07-2026 20:00,26.446912,91.439057,NO2,14,15,14
India,Assam,Sivasagar,"Girls College, Sivasagar - PCBA",09-07-2026 20:00,26.987634,94.636574,PM2.5,11,16,12
India,Assam,Sivasagar,"Girls College, Sivasagar - PCBA",09-07-2026 20:00,26.987634,94.636574,NO2,7,15,10
India,Assam,Sivasagar,"Girls College, Sivasagar - PCBA",09-07-2026 20:00,26.987634,94.636574,OZONE,22,38,32
India,Bihar,Araria,"Kharahiya Basti, Araria - BSPCB",09-07-2026 20:00,26.146529,87.454184,PM2.5,28,449,71
India,Bihar,Arrah,"New DM Office, Arrah - BSPCB",09-07-2026 20:00,25.5626095,84.663264,PM2.5,2,500,285
India,Bihar,Arrah,"New DM Office, Arrah - BSPCB",09-07-2026 20:00,25.5626095,84.663264,NO2,6,8,7
India,Bihar,Arrah,"New DM Office, Arrah - BSPCB",09-07-2026 20:00,25.5626095,84.663264,NH3,2,2,2
India,Bihar,Begusarai,"Lohiyanagar, Begusarai - BSPCB",09-07-2026 20:00,25.42742023,86.13886079,PM2.5,5,95,38
India,Bihar,Gaya,"Kareemganj, Gaya - BSPCB",09-07-2026 20:00,24.792403,84.992416,PM2.5,12,100,46
India,Bihar,Gaya,"SFTI Kusdihra, Gaya - BSPCB",09-07-2026 20:00,24.762518,84.982348,NH3,3,6,5
India,Bihar,Hajipur,"Industrial Area, Hajipur - BSPCB",09-07-2026 20:00,25.697189,85.2459,NO2,6,19,10
India,Bihar,Hajipur,"Industrial Area, Hajipur - BSPCB",09-07-2026 20:00,25.697189,85.2459,CO,39,50,44
India,Bihar,Kishanganj,"SDM Office_Khagra, Kishanganj - BSPCB",09-07-2026 20:00,26.0881305,87.93840336,SO2,8,12,10
India,Bihar,Manguraha,"Forest Rest House, Manguraha - BSPCB",09-07-2026 20:00,27.308328,84.531742,NH3,1,1,1
India,Bihar,Motihari,"Gandak Colony, Motihari - BSPCB",09-07-2026 20:00,26.63086,84.90051,CO,11,14,12
India,Bihar,Bhagalpur,"DM Office_Kachari Chowk, Bhagalpur - BSPCB",09-07-2026 20:00,25.251013,86.989001,NH3,4,4,4
India,Bihar,Bhagalpur,"Mayaganj, Bhagalpur - BSPCB",09-07-2026 20:00,25.265194,87.012947,NH3,0,6,1
India,Bihar,Bihar Sharif,"D M Colony, Bihar Sharif - BSPCB",09-07-2026 20:00,25.204762,85.51496,SO2,5,7,6
India,Bihar,Buxar,"Charitra Van, Buxar - BSPCB",09-07-2026 20:00,25.56752,83.966379,SO2,29,46,33
India,Bihar,Buxar,"Charitra Van, Buxar - BSPCB",09-07-2026 20:00,25.56752,83.966379,OZONE,15,77,39
India,Bihar,Gaya,"Collectorate, Gaya - BSPCB",09-07-2026 20:00,24.7955,84.9994,PM2.5,18,110,36
India,Bihar,Gaya,"Collectorate, Gaya - BSPCB",09-07-2026 20:00,24.7955,84.9994,SO2,7,7,7
India,Bihar,Muzaffarpur,"MIT-Daudpur Kothi, Muzaffarpur - BSPCB",09-07-2026 20:00,26.1403345,85.3650192,NO2,3,12,8
India,Bihar,Muzaffarpur,"Muzaffarpur Collectorate, Muzaffarpur - BSPCB",09-07-2026 20:00,26.1209,85.3647,PM2.5,37,63,47
India,Bihar,Muzaffarpur,"Buddha Colony, Muzaffarpur - BSPCB",09-07-2026 20:00,26.11442,85.39813,PM2.5,44,86,62
India,Bihar,Patna,"Govt. High School Shikarpur, Patna - BSPCB",09-07-2026 20:00,25.592539,85.227158,PM2.5,68,72,70
India,Bihar,Patna,"DRM Office Danapur, Patna - BSPCB",09-07-2026 20:00,25.586562,85.043586,PM2.5,20,43,31
India,Bihar,Patna,"DRM Office Danapur, Patna - BSPCB",09-07-2026 20:00,25.586562,85.043586,PM10,39,59,49
India,Bihar,Patna,"Samanpura, Patna - BSPCB",09-07-2026 20:00,25.596727,85.085624,NO2,17,18,18
India,Andhra Pradesh,Rajamahendravaram,"Anand Kala Kshetram, Rajamahendravaram - APPCB",09-07-2026 20:00,16.9872867,81.7363176,OZONE,22,30,26
India,Andhra Pradesh,Tirumala,"Toll Gate, Tirumala - APPCB",09-07-2026 20:00,13.67,79.35,PM10,20,42,30
India,Andhra Pradesh,Tirumala,"Toll Gate, Tirumala - APPCB",09-07-2026 20:00,13.67,79.35,CO,14,32,22
India,Andhra Pradesh,Tirupati,"Vaikuntapuram, Tirupati - APPCB",09-07-2026 20:00,13.615387,79.40923,NO2,27,40,33
India,Andhra Pradesh,Tirupati,"Vaikuntapuram, Tirupati - APPCB",09-07-2026 20:00,13.615387,79.40923,NH3,4,6,5
India,Andhra Pradesh,Kurnool,"Sita Rama Nagar, Kurnool - APPCB",09-07-2026 20:00,15.83411,78.028546,NO2,23,39,25
India,Andhra Pradesh,Kurnool,"Sita Rama Nagar, Kurnool - APPCB",09-07-2026 20:00,15.83411,78.028546,CO,5,11,8
India,Andhra Pradesh,Machilipatnam,"Srinivas Nagar Colony, Machilipatnam - APPCB",09-07-2026 20:00,16.186555,81.13219,OZONE,24,40,32
India,Andhra Pradesh,Nellore,"Ambedkar Nagar, Nellore - APPCB ",09-07-2026 20:00,14.438164,79.966814,NH3,5,8,7
India,Andhra Pradesh,Nellore,"Ambedkar Nagar, Nellore - APPCB ",09-07-2026 20:00,14.438164,79.966814,CO,30,40,37
India,Andhra Pradesh,Rajamahendravaram,"Anand Kala Kshetram, Rajamahendravaram - APPCB",09-07-2026 20:00,16.9872867,81.7363176,NH3,1,1,1
India,Andhra Pradesh,Eluru,"District Court, Eluru - APPCB",09-07-2026 20:00,16.711754,81.092095,SO2,14,21,18
India,Andhra Pradesh,Guntur,"Rajendra Nagar North, Guntur - APPCB",09-07-2026 20:00,16.316553,80.413302,PM2.5,44,65,51
India,Andhra Pradesh,Guntur,"Rajendra Nagar North, Guntur - APPCB",09-07-2026 20:00,16.316553,80.413302,NH3,4,11,7
India,Andhra Pradesh,Guntur,"Rajendra Nagar North, Guntur - APPCB",09-07-2026 20:00,16.316553,80.413302,SO2,7,16,9
India,Andhra Pradesh,Kadapa,"Yerramukkapalli, Kadapa - APPCB",09-07-2026 20:00,14.465052,78.824187,NO2,16,38,29
India,Andhra Pradesh,Amaravati,"Secretariat, Amaravati - APPCB",09-07-2026 20:00,16.5150833,80.5181667,PM2.5,16,55,30
India,Andhra Pradesh,Amaravati,"Secretariat, Amaravati - APPCB",09-07-2026 20:00,16.5150833,80.5181667,PM10,22,109,65
India,Gujarat,Gandhinagar,"Sector-10, Gandhinagar - GPCB",09-07-2026 20:00,23.221714,72.654328,SO2,3,7,5
India,Gujarat,Gandhinagar,"GIFT City, Gandhinagar - IITM",09-07-2026 20:00,23.163798,72.677768,PM2.5,16,146,51
India,Gujarat,Gandhinagar,"GIFT City, Gandhinagar - IITM",09-07-2026 20:00,23.163798,72.677768,SO2,0,11,3
India,Gujarat,Mehsana,"Sadanand Nagar, Mehsana - Nexteng Enviro",09-07-2026 20:00,23.59315,72.372792,NH3,1,1,1
India,Gujarat,Rajkot,"Mavdi, Rajkot - Nexteng Enviro ",09-07-2026 20:00,22.248853,70.776774,PM10,25,88,60
India,Gujarat,Rajkot,"Mavdi, Rajkot - Nexteng Enviro ",09-07-2026 20:00,22.248853,70.776774,NO2,49,65,58
India,Gujarat,Surat,"Katargam, Surat - Nexteng Enviro",09-07-2026 20:00,21.217779,72.834787,PM2.5,6,61,27
India,Gujarat,Surat,"Katargam, Surat - Nexteng Enviro",09-07-2026 20:00,21.217779,72.834787,SO2,6,10,7
India,Gujarat,Vadodara,"Bapunagar, Vadodara - Nexteng Enviro",09-07-2026 20:00,22.320153,73.216285,PM2.5,37,88,60
India,Gujarat,Vadodara,"Bapunagar, Vadodara - Nexteng Enviro",09-07-2026 20:00,22.320153,73.216285,NO2,11,12,12
India,Gujarat,Vapi,"Phase-1 GIDC, Vapi - GPCB",09-07-2026 20:00,20.362421,72.918013,SO2,10,15,12
India,Gujarat,Vatva,"Phase-4 GIDC, Vatva - GPCB",09-07-2026 20:00,22.969611,72.6435,PM2.5,23,89,57
India,Gujarat,Vatva,"Phase-4 GIDC, Vatva - GPCB",09-07-2026 20:00,22.969611,72.6435,NO2,36,59,47
India,Gujarat,Vatva,"Phase-4 GIDC, Vatva - GPCB",09-07-2026 20:00,22.969611,72.6435,NH3,2,2,2
India,Gujarat,Vatva,"Phase-4 GIDC, Vatva - GPCB",09-07-2026 20:00,22.969611,72.6435,CO,27,41,34
India,Gujarat,Ahmedabad,"Maninagar, Ahmedabad - GPCB",09-07-2026 20:00,23.002657,72.591912,PM2.5,48,183,82
India,Gujarat,Ahmedabad,"Maninagar, Ahmedabad - GPCB",09-07-2026 20:00,23.002657,72.591912,CO,41,84,61
India,Gujarat,Ahmedabad,"Chandkheda, Ahmedabad - IITM",09-07-2026 20:00,23.107969,72.574648,PM2.5,16,76,47
India,Gujarat,Ahmedabad,"Chandkheda, Ahmedabad - IITM",09-07-2026 20:00,23.107969,72.574648,NH3,3,5,4
India,Gujarat,Ahmedabad,"Raikhad, Ahmedabad - IITM",09-07-2026 20:00,23.020509,72.579261,NH3,8,15,10
India,Gujarat,Ahmedabad,"SAC ISRO Bopal, Ahmedabad - IITM",09-07-2026 20:00,23.041137,72.456691,PM10,41,115,73
India,Gujarat,Ahmedabad,"Gyaspur, Ahmedabad - IITM",09-07-2026 20:00,22.977134,72.553024,OZONE,10,13,12
India,Gujarat,Ahmedabad,"SVPI Airport Hansol, Ahmedabad - IITM",09-07-2026 20:00,23.076793,72.627874,PM10,80,129,100
India,Gujarat,Ahmedabad,"SVPI Airport Hansol, Ahmedabad - IITM",09-07-2026 20:00,23.076793,72.627874,NH3,3,8,4
India,Gujarat,Ahmedabad,"SVPI Airport Hansol, Ahmedabad - IITM",09-07-2026 20:00,23.076793,72.627874,OZONE,11,19,15
India,Gujarat,Ahmedabad,"Rakhial, Ahmedabad - IITM",09-07-2026 20:00,23.016834,72.625775,PM10,74,108,94
India,Gujarat,Bhavnagar,"Vidhyanagar, Bhavnagar - Nexteng Enviro",09-07-2026 20:00,21.755417,72.139056,PM2.5,32,45,39
India,Gujarat,Bhavnagar,"Vidhyanagar, Bhavnagar - Nexteng Enviro",09-07-2026 20:00,21.755417,72.139056,CO,80,81,80
India,Gujarat,Gandhinagar,"IIPHG Lekawada, Gandhinagar - IITM",09-07-2026 20:00,23.243639,72.68994,CO,32,37,35
India,Chhattisgarh,Milupara,"Govt. Higher Secondary School, Milupara - CECB",09-07-2026 20:00,22.1910172,83.5197009,NO2,14,40,25
India,Chhattisgarh,Milupara,"Govt. Higher Secondary School, Milupara - CECB",09-07-2026 20:00,22.1910172,83.5197009,NH3,2,2,2
India,Chhattisgarh,Milupara,"Govt. Higher Secondary School, Milupara - CECB",09-07-2026 20:00,22.1910172,83.5197009,CO,11,31,23
India,Chhattisgarh,Raipur,"Bhatagaon New ISBT, Raipur - CECB",09-07-2026 20:00,21.219665,81.630094,NO2,0,9,3
India,Chhattisgarh,Raipur,"Siltara Phase-II, Raipur - CECB",09-07-2026 20:00,21.371751,81.664929,NO2,0,14,4
India,Chhattisgarh,Raipur,"Siltara Phase-II, Raipur - CECB",09-07-2026 20:00,21.371751,81.664929,SO2,0,20,7
India,Chhattisgarh,Raipur,"AIIMS, Raipur - CECB",09-07-2026 20:00,21.258815,81.578979,SO2,3,5,4
India,Chhattisgarh,Raipur,"Krishak Nagar, Raipur - CECB",09-07-2026 20:00,21.237755,81.705301,NO2,1,4,2
India,Chhattisgarh,Raipur,"Krishak Nagar, Raipur - CECB",09-07-2026 20:00,21.237755,81.705301,NH3,2,2,2
India,Chhattisgarh,Tumidih,"OP Jindal Industrial Park, Tumidih - CECB",09-07-2026 20:00,22.06631475,83.33820077,PM2.5,22,74,52
India,Chhattisgarh,Tumidih,"OP Jindal Industrial Park, Tumidih - CECB",09-07-2026 20:00,22.06631475,83.33820077,PM10,22,91,64
India,Chhattisgarh,Tumidih,"OP Jindal Industrial Park, Tumidih - CECB",09-07-2026 20:00,22.06631475,83.33820077,CO,15,23,18
India,Delhi,Delhi,"Pusa, Delhi - IITM",09-07-2026 20:00,28.63611,77.173332,CO,30,33,32
India,Delhi,Delhi,"Sri Aurobindo Marg, Delhi - DPCC",09-07-2026 20:00,28.531346,77.190156,NO2,15,42,23
India,Delhi,Delhi,"Okhla Phase-2, Delhi - DPCC",09-07-2026 20:00,28.530785,77.271255,CO,18,27,23
India,Delhi,Delhi,"Okhla Phase-2, Delhi - DPCC",09-07-2026 20:00,28.530785,77.271255,OZONE,12,21,17
India,Delhi,Delhi,"Rohini, Delhi - DPCC",09-07-2026 20:00,28.732528,77.11992,PM10,3,81,28
India,Delhi,Delhi,"Rohini, Delhi - DPCC",09-07-2026 20:00,28.732528,77.11992,NH3,10,15,13
India,Delhi,Delhi,"Rohini, Delhi - DPCC",09-07-2026 20:00,28.732528,77.11992,CO,44,52,47
India,Delhi,Delhi,"Vivek Vihar, Delhi - DPCC",09-07-2026 20:00,28.672342,77.31526,CO,27,37,31
India,Delhi,Delhi,"Jahangirpuri, Delhi - DPCC",09-07-2026 20:00,28.73282,77.170633,SO2,5,10,6
India,Delhi,Delhi,"Jahangirpuri, Delhi - DPCC",09-07-2026 20:00,28.73282,77.170633,CO,36,52,42
India,Delhi,Delhi,"Najafgarh, Delhi - DPCC",09-07-2026 20:00,28.570173,76.933762,NH3,4,12,7
India,Delhi,Delhi,"Wazirpur, Delhi - DPCC",09-07-2026 20:00,28.699793,77.165453,PM2.5,8,57,24
India,Delhi,Delhi,"Wazirpur, Delhi - DPCC",09-07-2026 20:00,28.699793,77.165453,CO,15,119,80
India,Delhi,Delhi,"Dr. Karni Singh Shooting Range, Delhi - DPCC",09-07-2026 20:00,28.498571,77.26484,OZONE,10,19,14
India,Delhi,Delhi,"Anand Vihar, Delhi - DPCC",09-07-2026 20:00,28.647622,77.315809,NH3,6,11,8
India,Delhi,Delhi,"Ashok Vihar, Delhi - DPCC",09-07-2026 20:00,28.695381,77.181665,PM10,11,67,35
India,Delhi,Delhi,"Ashok Vihar, Delhi - DPCC",09-07-2026 20:00,28.695381,77.181665,NO2,9,31,16
India,Delhi,Delhi,"Ashok Vihar, Delhi - DPCC",09-07-2026 20:00,28.695381,77.181665,NH3,8,14,10
India,Delhi,Delhi,"Dwarka-Sector 8, Delhi - DPCC ",09-07-2026 20:00,28.5710274,77.0719006,NH3,9,13,10
India,Delhi,Delhi,"IIT Delhi, Delhi - IITM",09-07-2026 20:00,28.54246,77.191651,CO,29,38,34
India,Delhi,Delhi,"ITO, Delhi - CPCB",09-07-2026 20:00,28.628624,77.24106,NO2,34,80,56
India,Delhi,Delhi,"ITO, Delhi - CPCB",09-07-2026 20:00,28.628624,77.24106,SO2,3,26,16
India,Delhi,Delhi,"North Campus, DU, Delhi - IITM",09-07-2026 20:00,28.6573814,77.1585447,PM2.5,0,63,21
India,Delhi,Delhi,"Alipur, Delhi - DPCC",09-07-2026 20:00,28.815329,77.15301,SO2,3,5,4
India,Delhi,Delhi,"IMD Lodhi Road, Delhi - IITM",09-07-2026 20:00,28.5918245,77.2273074,PM10,2,63,23
India,Delhi,Delhi,"Cantonment Area, Delhi - DPCC",09-07-2026 20:00,28.594169,77.1251,CO,44,62,51
India,Delhi,Delhi,"Cantonment Area, Delhi - DPCC",09-07-2026 20:00,28.594169,77.1251,OZONE,25,45,36
India,Delhi,Delhi,"Major Dhyan Chand National Stadium, Delhi - DPCC",09-07-2026 20:00,28.611281,77.237738,PM10,5,57,30
India,Delhi,Delhi,"Sonia Vihar, Delhi - DPCC",09-07-2026 20:00,28.710508,77.249485,NH3,13,24,17
India,Delhi,Delhi,"Sonia Vihar, Delhi - DPCC",09-07-2026 20:00,28.710508,77.249485,SO2,4,17,9
India,Delhi,Delhi,"Sonia Vihar, Delhi - DPCC",09-07-2026 20:00,28.710508,77.249485,OZONE,9,10,10
India,Delhi,Delhi,"Bawana, Delhi - DPCC",09-07-2026 20:00,28.7762,77.051074,PM2.5,3,78,41
India,Delhi,Delhi,"Bawana, Delhi - DPCC",09-07-2026 20:00,28.7762,77.051074,CO,43,51,45
India,Delhi,Delhi,"Nehru Nagar, Delhi - DPCC",09-07-2026 20:00,28.56789,77.250515,OZONE,7,22,16
India,Delhi,Delhi,"Patparganj, Delhi - DPCC",09-07-2026 20:00,28.623763,77.287209,PM10,3,50,20
India,Delhi,Delhi,"Jawaharlal Nehru Stadium, Delhi - DPCC",09-07-2026 20:00,28.58028,77.233829,PM2.5,10,63,32
India,Delhi,Delhi,"IHBAS, Dilshad Garden, Delhi - CPCB",09-07-2026 20:00,28.6811736,77.3025234,PM10,21,103,59
India,Delhi,Delhi,"IMD Lodhi Road, Delhi - IITM",09-07-2026 20:00,28.5918245,77.2273074,OZONE,19,50,35
India,Delhi,Delhi,"Narela, Delhi - DPCC",09-07-2026 20:00,28.822836,77.101981,CO,15,56,43
India,Delhi,Delhi,"Narela, Delhi - DPCC",09-07-2026 20:00,28.822836,77.101981,OZONE,3,12,8
India,Delhi,Delhi,"JNU, Delhi - DPCC",09-07-2026 20:00,28.540721,77.168544,OZONE,24,40,32
India,Delhi,Delhi,"NSIT Dwarka, Delhi - CPCB",09-07-2026 20:00,28.60909,77.0325413,CO,47,72,52
India,Delhi,Delhi,"NSIT Dwarka, Delhi - CPCB",09-07-2026 20:00,28.60909,77.0325413,OZONE,15,45,23
India,Delhi,Delhi,"NSUT Jaffarpur, Delhi - DPCC",09-07-2026 20:00,28.594004,76.909423,NH3,0,4,2
India,Delhi,Delhi,"Talkatora Garden, Delhi - DPCC",09-07-2026 20:00,28.62181,77.1944633,PM10,8,45,27
India,Delhi,Delhi,"Commonwealth Sports Complex, Delhi - DPCC",09-07-2026 20:00,28.615828,77.271992,PM2.5,10,55,28
India,Delhi,Delhi,"Commonwealth Sports Complex, Delhi - DPCC",09-07-2026 20:00,28.615828,77.271992,PM10,14,40,25
India,Chandigarh,Chandigarh,"Sector-53, Chandigarh - CPCC",09-07-2026 20:00,30.719859,76.738637,NO2,14,63,29
India,Chandigarh,Chandigarh,"Sector-53, Chandigarh - CPCC",09-07-2026 20:00,30.719859,76.738637,NH3,15,21,19
India,Chhattisgarh,Bhilai,"Hathkhoj, Bhilai - CECB",09-07-2026 20:00,21.224231,81.40835,PM2.5,19,68,43
India,Chhattisgarh,Bhilai,"Hathkhoj, Bhilai - CECB",09-07-2026 20:00,21.224231,81.40835,SO2,9,44,16
India,Chhattisgarh,Chhal,"Nawapara SECL Colony, Chhal - CECB",09-07-2026 20:00,22.118125,83.140608,PM2.5,7,59,25
India,Chhattisgarh,Korba,"Urja Nagar, Korba - CECB",09-07-2026 20:00,22.348441,82.549611,PM2.5,10,25,17
India,Chhattisgarh,Korba,"Urja Nagar, Korba - CECB",09-07-2026 20:00,22.348441,82.549611,SO2,6,13,10
India,Delhi,Delhi,"Commonwealth Sports Complex, Delhi - DPCC",09-07-2026 20:00,28.615828,77.271992,NH3,0,5,2
India,Delhi,Delhi,"Shadipur, Delhi - CPCB",09-07-2026 20:00,28.6514781,77.1473105,NO2,14,54,35
India,Delhi,Delhi,"Shadipur, Delhi - CPCB",09-07-2026 20:00,28.6514781,77.1473105,OZONE,22,54,40
India,Delhi,Delhi,"Sirifort, Delhi - CPCB",09-07-2026 20:00,28.5504249,77.2159377,NH3,3,14,7
India,Delhi,Delhi,"Chandni Chowk, Delhi - IITM",09-07-2026 20:00,28.656756,77.227234,SO2,22,33,25
India,Delhi,Delhi,"Chandni Chowk, Delhi - IITM",09-07-2026 20:00,28.656756,77.227234,OZONE,27,55,43
India,Haryana,Ballabgarh,"Nathu Colony, Ballabgarh - HSPCB",09-07-2026 20:00,28.3419248,77.319699,PM2.5,38,160,86
India,Haryana,Ballabgarh,"Nathu Colony, Ballabgarh - HSPCB",09-07-2026 20:00,28.3419248,77.319699,NO2,19,21,20
India,Haryana,Bhiwani,"H.B. Colony, Bhiwani - HSPCB",09-07-2026 20:00,28.806223,76.141105,NH3,2,3,2
India,Haryana,Bhiwani,"H.B. Colony, Bhiwani - HSPCB",09-07-2026 20:00,28.806223,76.141105,CO,11,22,19
India,Haryana,Charkhi Dadri,"Mini Secretariat, Charkhi Dadri - HSPCB",09-07-2026 20:00,28.593883,76.270653,PM2.5,10,154,68
India,Haryana,Dharuhera,"Municipal Corporation Office, Dharuhera -  HSPCB",09-07-2026 20:00,28.2068,76.7997,PM2.5,47,72,58
India,Haryana,Dharuhera,"Municipal Corporation Office, Dharuhera -  HSPCB",09-07-2026 20:00,28.2068,76.7997,OZONE,29,55,39
India,Haryana,Faridabad,"New Industrial Town, Faridabad - HSPCB",09-07-2026 20:00,28.39072,77.30059,PM2.5,61,223,82
India,Haryana,Faridabad,"New Industrial Town, Faridabad - HSPCB",09-07-2026 20:00,28.39072,77.30059,NO2,23,27,25
India,Haryana,Faridabad,"New Industrial Town, Faridabad - HSPCB",09-07-2026 20:00,28.39072,77.30059,CO,20,27,22
India,Haryana,Faridabad,"Sector 11, Faridabad - HSPCB",09-07-2026 20:00,28.376058,77.315741,NH3,8,9,8
India,Haryana,Fatehabad,"Huda Sector, Fatehabad - HSPCB",09-07-2026 20:00,29.503664,75.467934,PM2.5,16,83,36
India,Haryana,Fatehabad,"Huda Sector, Fatehabad - HSPCB",09-07-2026 20:00,29.503664,75.467934,NO2,18,20,19
India,Haryana,Fatehabad,"Huda Sector, Fatehabad - HSPCB",09-07-2026 20:00,29.503664,75.467934,SO2,12,48,28
India,Haryana,Fatehabad,"Huda Sector, Fatehabad - HSPCB",09-07-2026 20:00,29.503664,75.467934,CO,45,54,48
India,Haryana,Gurugram,"NISE Gwal Pahari, Gurugram - IITM",09-07-2026 20:00,28.422681,77.148944,NO2,6,176,15
India,Haryana,Gurugram,"Sector-51, Gurugram - HSPCB",09-07-2026 20:00,28.4227,77.0667,PM10,0,500,117
India,Madhya Pradesh,Dewas,"Bhopal Chauraha, Dewas - MPPCB",09-07-2026 20:00,22.9682591,76.064118,CO,28,41,34
India,Madhya Pradesh,Gwalior,"Maharaj Bada, Gwalior - MPPCB",09-07-2026 20:00,26.200388,78.147714,CO,49,81,64
India,Madhya Pradesh,Gwalior,"Deen Dayal Nagar, Gwalior - MPPCB",09-07-2026 20:00,26.259242,78.216432,NO2,14,27,21
India,Madhya Pradesh,Gwalior,"City Center, Gwalior - MPPCB",09-07-2026 20:00,26.203442,78.193251,PM2.5,15,54,39
India,Madhya Pradesh,Gwalior,"City Center, Gwalior - MPPCB",09-07-2026 20:00,26.203442,78.193251,SO2,2,38,16
India,Madhya Pradesh,Gwalior,"City Center, Gwalior - MPPCB",09-07-2026 20:00,26.203442,78.193251,CO,27,44,35
India,Madhya Pradesh,Indore,"Regional Park, Indore - IMC",09-07-2026 20:00,22.678,75.8559,SO2,32,37,35
India,Madhya Pradesh,Indore,"Regional Park, Indore - IMC",09-07-2026 20:00,22.678,75.8559,OZONE,5,6,5
India,Madhya Pradesh,Indore,"Chhoti Gwaltoli, Indore - MPPCB",09-07-2026 20:00,22.431,75.5213,SO2,18,24,22
India,Madhya Pradesh,Indore,"Airport Area, Indore - IMC",09-07-2026 20:00,22.7289,75.8076,OZONE,4,6,5
India,Madhya Pradesh,Jabalpur,"Marhatal, Jabalpur - MPPCB",09-07-2026 20:00,23.168606,79.932247,PM10,17,87,53
India,Madhya Pradesh,Jabalpur,"Marhatal, Jabalpur - MPPCB",09-07-2026 20:00,23.168606,79.932247,SO2,6,11,9
India,Madhya Pradesh,Jabalpur,"Govindh Bhavan Colony, Jabalpur - JMC",09-07-2026 20:00,23.163174,79.973061,NO2,8,13,10
India,Haryana,Sonipat,"Murthal, Sonipat - HSPCB",09-07-2026 20:00,29.0272,77.0621,CO,10,60,35
India,Haryana,Yamuna Nagar,"Gobind Pura, Yamuna Nagar - HSPCB",09-07-2026 20:00,30.1480566,77.2893471,PM10,47,154,81
India,Haryana,Yamuna Nagar,"Gobind Pura, Yamuna Nagar - HSPCB",09-07-2026 20:00,30.1480566,77.2893471,NO2,26,50,39
India,Haryana,Yamuna Nagar,"Gobind Pura, Yamuna Nagar - HSPCB",09-07-2026 20:00,30.1480566,77.2893471,SO2,10,15,12
India,Jammu and Kashmir,Pampore,"Khrew, Pampore - JKPCC",09-07-2026 20:00,34.031606,75.009712,PM10,20,55,37
India,Jammu and Kashmir,Srinagar,"Khunmoh, Srinagar - JKPCC",09-07-2026 20:00,34.06313,74.96017,SO2,4,5,5
India,Jammu and Kashmir,Srinagar,"Rajbagh, Srinagar - JKPCC",09-07-2026 20:00,34.066206,74.81982,PM10,27,51,39
India,Jharkhand,Dhanbad,"Sardar Patel Nagar, Dhanbad - JSPCB",09-07-2026 20:00,23.80569,86.44268,CO,3,13,7
India,Karnataka,Bagalkot,"Vidayagiri, Bagalkot - KSPCB",09-07-2026 20:00,16.172806,75.659694,SO2,10,10,10
India,Karnataka,Bagalkot,"Vidayagiri, Bagalkot - KSPCB",09-07-2026 20:00,16.172806,75.659694,OZONE,18,18,18
India,Karnataka,Bengaluru,"Silk Board, Bengaluru - KSPCB",09-07-2026 20:00,12.917348,77.622813,PM10,34,112,75
India,Karnataka,Bengaluru,"Silk Board, Bengaluru - KSPCB",09-07-2026 20:00,12.917348,77.622813,NO2,5,14,9
India,Karnataka,Bengaluru,"Silk Board, Bengaluru - KSPCB",09-07-2026 20:00,12.917348,77.622813,OZONE,16,23,20
India,Karnataka,Bengaluru,"BTM Layout, Bengaluru - CPCB",09-07-2026 20:00,12.9135218,77.5950804,NO2,24,25,24
India,Karnataka,Bengaluru,"BTM Layout, Bengaluru - CPCB",09-07-2026 20:00,12.9135218,77.5950804,SO2,19,20,19
India,Karnataka,Bengaluru,"Hombegowda Nagar, Bengaluru - KSPCB",09-07-2026 20:00,12.938539,77.5901,PM2.5,6,41,23
India,Karnataka,Bengaluru,"Hombegowda Nagar, Bengaluru - KSPCB",09-07-2026 20:00,12.938539,77.5901,OZONE,26,32,30
India,Karnataka,Bengaluru,"BWSSB Kadabesanahalli, Bengaluru - CPCB",09-07-2026 20:00,12.9352049,77.6814488,NO2,2,4,3
India,Karnataka,Bengaluru,"Jayanagar 5th Block, Bengaluru - KSPCB",09-07-2026 20:00,12.920984,77.584908,CO,8,31,18
India,Karnataka,Bengaluru,"Jayanagar 5th Block, Bengaluru - KSPCB",09-07-2026 20:00,12.920984,77.584908,OZONE,39,54,45
India,Karnataka,Bengaluru,"Kasturi Nagar, Bengaluru - KSPCB",09-07-2026 20:00,13.003872,77.664217,PM10,68,76,74
India,Karnataka,Bengaluru,"Kasturi Nagar, Bengaluru - KSPCB",09-07-2026 20:00,13.003872,77.664217,NO2,24,36,27
India,Karnataka,Bengaluru,"City Railway Station, Bengaluru - KSPCB",09-07-2026 20:00,12.9756843,77.5660749,SO2,14,15,15
India,Karnataka,Bengaluru,"Hebbal, Bengaluru - KSPCB",09-07-2026 20:00,13.029152,77.585901,NO2,10,21,19
India,Karnataka,Bengaluru,"Hebbal, Bengaluru - KSPCB",09-07-2026 20:00,13.029152,77.585901,CO,17,26,22
India,Karnataka,Bengaluru,"Hebbal, Bengaluru - KSPCB",09-07-2026 20:00,13.029152,77.585901,OZONE,38,48,45
India,Karnataka,Bengaluru,"Jigani, Bengaluru - KSPCB",09-07-2026 20:00,12.7816279,77.6299145,NO2,24,24,24
India,Karnataka,Bengaluru,"Bapuji Nagar, Bengaluru - KSPCB",09-07-2026 20:00,12.951913,77.539784,NH3,3,3,3
India,Karnataka,Bengaluru,"Bapuji Nagar, Bengaluru - KSPCB",09-07-2026 20:00,12.951913,77.539784,SO2,8,46,28
India,Karnataka,Bengaluru,"Bapuji Nagar, Bengaluru - KSPCB",09-07-2026 20:00,12.951913,77.539784,CO,27,43,34
India,Karnataka,Chamarajanagar,"Urban, Chamarajanagar - KSPCB",09-07-2026 20:00,11.55358,76.55521,PM10,30,50,45
India,Karnataka,Chikkaballapur,"Chikkaballapur Rural, Chikkaballapur - KSPCB",09-07-2026 20:00,13.428828,77.731418,PM2.5,13,35,24
India,Karnataka,Chikkamagaluru,"Kalyana Nagara, Chikkamagaluru - KSPCB",09-07-2026 20:00,13.328028,75.797056,PM2.5,17,32,22
India,Karnataka,Chikkamagaluru,"Kalyana Nagara, Chikkamagaluru - KSPCB",09-07-2026 20:00,13.328028,75.797056,NO2,16,25,17
India,Karnataka,Chikkamagaluru,"Kalyana Nagara, Chikkamagaluru - KSPCB",09-07-2026 20:00,13.328028,75.797056,NH3,2,3,3
India,Karnataka,Chikkamagaluru,"Kalyana Nagara, Chikkamagaluru - KSPCB",09-07-2026 20:00,13.328028,75.797056,OZONE,25,41,36
India,Karnataka,Dharwad,"Kalabhavan, Dharwad - KSPCB",09-07-2026 20:00,15.459706,75.008381,PM10,44,86,62
India,Karnataka,Dharwad,"Kalabhavan, Dharwad - KSPCB",09-07-2026 20:00,15.459706,75.008381,NH3,6,7,6
India,Karnataka,Dharwad,"Kalabhavan, Dharwad - KSPCB",09-07-2026 20:00,15.459706,75.008381,OZONE,27,34,30
India,Karnataka,Gadag,"Panchal Nagar, Gadag - KSPCB",09-07-2026 20:00,15.411456,75.638133,NH3,4,5,4
India,Karnataka,Kalaburagi,"Mahatma Basaveswar Colony, Kalaburgi - KSPCB",09-07-2026 20:00,17.336318,76.847397,PM10,17,39,34
India,Karnataka,Kalaburagi,"Mahatma Basaveswar Colony, Kalaburgi - KSPCB",09-07-2026 20:00,17.336318,76.847397,NO2,11,17,14
India,Kerala,Kannur,"Thavakkara, Kannur - Kerala PCB",09-07-2026 20:00,11.875,75.3732,PM2.5,47,54,50
India,Kerala,Kannur,"Thavakkara, Kannur - Kerala PCB",09-07-2026 20:00,11.875,75.3732,CO,10,11,11
India,Kerala,Thiruvananthapuram,"Plammoodu, Thiruvananthapuram - Kerala PCB",09-07-2026 20:00,8.5149093,76.9435879,OZONE,10,19,13
India,Kerala,Thiruvananthapuram,"Kariavattom, Thiruvananthapuram - Kerala PCB",09-07-2026 20:00,8.5637,76.8865,NO2,6,7,6
India,Madhya Pradesh,Bhopal,"Paryavaran Parisar, Bhopal - MPPCB",09-07-2026 20:00,23.210494,77.425409,PM2.5,18,47,31
India,Madhya Pradesh,Bhopal,"Paryavaran Parisar, Bhopal - MPPCB",09-07-2026 20:00,23.210494,77.425409,SO2,6,39,33
India,Madhya Pradesh,Bhopal,"T T Nagar, Bhopal - MPPCB",09-07-2026 20:00,23.233584,77.400574,SO2,13,30,22
India,Madhya Pradesh,Bhopal,"Idgah Hills, Bhopal - MPPCB",09-07-2026 20:00,23.264759,77.381568,NH3,3,4,3
India,Haryana,Gurugram,"Sector-51, Gurugram - HSPCB",09-07-2026 20:00,28.4227,77.0667,SO2,4,8,7
India,Haryana,Gurugram,"Teri Gram, Gurugram - HSPCB",09-07-2026 20:00,28.4275,77.1465,PM2.5,32,242,85
India,Haryana,Gurugram,"Teri Gram, Gurugram - HSPCB",09-07-2026 20:00,28.4275,77.1465,NO2,25,76,48
India,Haryana,Jind,"Police Lines, Jind - HSPCB",09-07-2026 20:00,29.307814,76.337619,NH3,4,5,5
India,Haryana,Jind,"Police Lines, Jind - HSPCB",09-07-2026 20:00,29.307814,76.337619,OZONE,8,13,11
India,Haryana,Kaithal,"Rishi Nagar, Kaithal - HSPCB",09-07-2026 20:00,29.8006,76.4155,OZONE,5,16,10
India,Haryana,Kurukshetra,"Sector-7, Kurukshetra - HSPCB",09-07-2026 20:00,29.966942,76.875879,PM2.5,21,52,35
India,Haryana,Kurukshetra,"Sector-7, Kurukshetra - HSPCB",09-07-2026 20:00,29.966942,76.875879,NH3,13,17,15
India,Haryana,Mandikhera,"General Hospital, Mandikhera(Nuh) - HSPCB",09-07-2026 20:00,27.9002,76.9938,NO2,13,17,15
India,Haryana,Narnaul,"Shastri Nagar, Narnaul - HSPCB",09-07-2026 20:00,28.060249,76.113115,PM2.5,17,332,119
India,Haryana,Narnaul,"Shastri Nagar, Narnaul - HSPCB",09-07-2026 20:00,28.060249,76.113115,NH3,7,9,8
India,Haryana,Palwal,"Shyam Nagar, Palwal - HSPCB",09-07-2026 20:00,28.1485564,77.3320667,PM2.5,33,57,38
India,Haryana,Palwal,"Shyam Nagar, Palwal - HSPCB",09-07-2026 20:00,28.1485564,77.3320667,PM10,62,82,69
India,Haryana,Panchkula,"Sector-6, Panchkula - HSPCB ",09-07-2026 20:00,30.7057778,76.85318056,PM2.5,5,68,36
India,Haryana,Rohtak,"MD University, Rohtak - HSPCB",09-07-2026 20:00,28.52123,76.37138,SO2,8,12,11
India,Karnataka,Koppal,"Diwator Nagar, Koppal - KSPCB",09-07-2026 20:00,15.34763,76.181767,CO,18,19,19
India,Karnataka,Mysuru,"Hebbal 1st Stage, Mysuru - KSPCB",09-07-2026 20:00,12.21041,76.37376,NH3,3,6,5
India,Karnataka,Shivamogga,"Vinoba Nagara, Shivamogga - KSPCB",09-07-2026 20:00,13.94,75.555917,PM2.5,18,40,27
India,Karnataka,Vijayapura,"Ibrahimpur, Vijayapura - KSPCB",09-07-2026 20:00,16.802639,75.722694,PM2.5,26,28,27
India,Karnataka,Vijayapura,"Ibrahimpur, Vijayapura - KSPCB",09-07-2026 20:00,16.802639,75.722694,NO2,11,12,11
India,Karnataka,Vijayapura,"Ibrahimpur, Vijayapura - KSPCB",09-07-2026 20:00,16.802639,75.722694,NH3,4,4,4
India,Maharashtra,Mumbai,"Chakala-Andheri East, Mumbai - IITM",09-07-2026 20:00,19.11074,72.86084,PM10,46,69,59
India,Maharashtra,Mumbai,"Chakala-Andheri East, Mumbai - IITM",09-07-2026 20:00,19.11074,72.86084,NH3,11,24,17
India,Maharashtra,Mumbai,"Chakala-Andheri East, Mumbai - IITM",09-07-2026 20:00,19.11074,72.86084,SO2,0,7,3
India,Maharashtra,Mumbai,"Chakala-Andheri East, Mumbai - IITM",09-07-2026 20:00,19.11074,72.86084,CO,1,2,2
India,Maharashtra,Mumbai,"Kandivali West, Mumbai - BMC",09-07-2026 20:00,19.215859,72.831718,NO2,10,23,15
India,Maharashtra,Mumbai,"Kandivali West, Mumbai - BMC",09-07-2026 20:00,19.215859,72.831718,SO2,1,2,1
India,Maharashtra,Nagpur,"Mahal, Nagpur - MPCB",09-07-2026 20:00,21.14472,79.107595,PM2.5,16,50,33
India,Maharashtra,Nagpur,"Ram Nagar, Nagpur - MPCB",09-07-2026 20:00,21.143383,79.048912,SO2,2,7,4
India,Maharashtra,Nagpur,"Ram Nagar, Nagpur - MPCB",09-07-2026 20:00,21.143383,79.048912,CO,5,14,7
India,Maharashtra,Nagpur,"Ram Nagar, Nagpur - MPCB",09-07-2026 20:00,21.143383,79.048912,OZONE,7,15,12
India,Maharashtra,Nagpur,"Opp GPO Civil Lines, Nagpur - MPCB",09-07-2026 20:00,21.152875,79.0517531,SO2,2,8,4
India,Maharashtra,Nanded,"Sneh Nagar, Nanded - MPCB",09-07-2026 20:00,19.173852,77.296291,SO2,1,3,2
India,Maharashtra,Nashik,"Gangapur Road, Nashik - MPCB",09-07-2026 20:00,20.0073285,73.7762427,NO2,5,5,5
India,Maharashtra,Nashik,"Gangapur Road, Nashik - MPCB",09-07-2026 20:00,20.0073285,73.7762427,OZONE,9,27,17
India,Maharashtra,Nashik,"Pandav Nagari, Nashik - MPCB",09-07-2026 20:00,19.9591346,73.7788008,PM2.5,13,45,25
India,Maharashtra,Nashik,"Pandav Nagari, Nashik - MPCB",09-07-2026 20:00,19.9591346,73.7788008,PM10,18,71,40
India,Maharashtra,Nashik,"Pandav Nagari, Nashik - MPCB",09-07-2026 20:00,19.9591346,73.7788008,NO2,2,7,4
India,Madhya Pradesh,Satna,"Bandhavgar Colony, Satna - Birla Cement",09-07-2026 20:00,24.58434363,80.8549414,PM10,69,71,70
India,Madhya Pradesh,Satna,"Bandhavgar Colony, Satna - Birla Cement",09-07-2026 20:00,24.58434363,80.8549414,CO,15,19,17
India,Madhya Pradesh,Ujjain,"Mahashweta Nagar, Ujjain - MPPCB",09-07-2026 20:00,23.1633321,75.800225,NO2,1,12,6
India,Madhya Pradesh,Ujjain,"Mahashweta Nagar, Ujjain - MPPCB",09-07-2026 20:00,23.1633321,75.800225,NH3,4,8,6
India,Madhya Pradesh,Ujjain,"Mahashweta Nagar, Ujjain - MPPCB",09-07-2026 20:00,23.1633321,75.800225,OZONE,49,59,55
India,Maharashtra,Ahmednagar,"Tarakpur, Ahmednagar - MPCB",09-07-2026 20:00,19.10122,74.73339,PM10,23,125,66
India,Maharashtra,Ahmednagar,"Tarakpur, Ahmednagar - MPCB",09-07-2026 20:00,19.10122,74.73339,NO2,5,36,10
India,Maharashtra,Ahmednagar,"Tarakpur, Ahmednagar - MPCB",09-07-2026 20:00,19.10122,74.73339,NH3,0,13,7
India,Maharashtra,Akola,"Ramdaspeth, Akola - MPCB",09-07-2026 20:00,20.719516,77.000253,NO2,7,22,11
India,Maharashtra,Akola,"Ramdaspeth, Akola - MPCB",09-07-2026 20:00,20.719516,77.000253,CO,13,25,16
India,Maharashtra,Akola,"Ramdaspeth, Akola - MPCB",09-07-2026 20:00,20.719516,77.000253,OZONE,10,191,47
India,Maharashtra,Ambernath,"Chinchpada, Ambernath - MPCB",09-07-2026 20:00,19.215784,73.199781,SO2,4,10,7
India,Maharashtra,Amravati,"Shri Shivaji Science College, Amravati - MPCB",09-07-2026 20:00,20.939198,77.765701,NO2,3,12,5
India,Maharashtra,Amravati,"Shri Shivaji Science College, Amravati - MPCB",09-07-2026 20:00,20.939198,77.765701,CO,18,22,20
India,Maharashtra,Amravati,"Shivneri Colony, Amravati - MPCB",09-07-2026 20:00,20.9402359,77.7895248,PM10,19,102,50
India,Madhya Pradesh,Jabalpur,"Govindh Bhavan Colony, Jabalpur - JMC",09-07-2026 20:00,23.163174,79.973061,OZONE,26,38,33
India,Madhya Pradesh,Jabalpur,"Gupteshwar, Jabalpur - JMC",09-07-2026 20:00,23.142888,79.916147,PM2.5,20,43,33
India,Madhya Pradesh,Jabalpur,"Gupteshwar, Jabalpur - JMC",09-07-2026 20:00,23.142888,79.916147,PM10,29,103,71
India,Madhya Pradesh,Katni,"Gole Bazar, Katni - MPPCB",09-07-2026 20:00,23.50016,80.23284,NH3,2,3,2
India,Madhya Pradesh,Katni,"Gole Bazar, Katni - MPPCB",09-07-2026 20:00,23.50016,80.23284,CO,13,50,36
India,Madhya Pradesh,Maihar,"Sahilara, Maihar - KJS Cements",09-07-2026 20:00,24.2613009,80.7231783,SO2,5,15,9
India,Madhya Pradesh,Mandideep,"Sector-D Industrial Area, Mandideep - MPPCB",09-07-2026 20:00,23.10844,77.511428,PM10,59,136,95
India,Madhya Pradesh,Mandideep,"Sector-D Industrial Area, Mandideep - MPPCB",09-07-2026 20:00,23.10844,77.511428,SO2,4,8,6
India,Madhya Pradesh,Mandideep,"Sector-D Industrial Area, Mandideep - MPPCB",09-07-2026 20:00,23.10844,77.511428,CO,17,22,19
India,Madhya Pradesh,Mandideep,"Sector-D Industrial Area, Mandideep - MPPCB",09-07-2026 20:00,23.10844,77.511428,OZONE,25,39,31
India,Madhya Pradesh,Pithampur,"Sector-2 Industrial Area, Pithampur - MPPCB",09-07-2026 20:00,22.624758,75.675238,PM10,46,106,68
India,Madhya Pradesh,Pithampur,"Sector-2 Industrial Area, Pithampur - MPPCB",09-07-2026 20:00,22.624758,75.675238,OZONE,32,51,42
India,Madhya Pradesh,Ratlam,"Shasthri Nagar, Ratlam - IPCA Lab",09-07-2026 20:00,23.331731,75.045981,NO2,35,37,36
India,Maharashtra,Aurangabad,"More Chowk Waluj, Aurangabad - MPCB",09-07-2026 20:00,19.8389439,75.244448,PM2.5,47,53,50
India,Maharashtra,Aurangabad,"More Chowk Waluj, Aurangabad - MPCB",09-07-2026 20:00,19.8389439,75.244448,NO2,8,12,10
India,Maharashtra,Aurangabad,"More Chowk Waluj, Aurangabad - MPCB",09-07-2026 20:00,19.8389439,75.244448,NH3,7,7,7
India,Maharashtra,Aurangabad,"More Chowk Waluj, Aurangabad - MPCB",09-07-2026 20:00,19.8389439,75.244448,SO2,27,37,30
India,Maharashtra,Aurangabad,"More Chowk Waluj, Aurangabad - MPCB",09-07-2026 20:00,19.8389439,75.244448,CO,1,67,22
India,Maharashtra,Aurangabad,"Rachnakar Colony, Aurangabad - MPCB",09-07-2026 20:00,19.863756,75.321188,CO,26,33,30
India,Maharashtra,Aurangabad,"Rachnakar Colony, Aurangabad - MPCB",09-07-2026 20:00,19.863756,75.321188,OZONE,9,29,23
India,Maharashtra,Badlapur,"Katrap, Badlapur - MPCB",09-07-2026 20:00,19.16485,73.23409,PM10,40,61,50
India,Maharashtra,Badlapur,"Katrap, Badlapur - MPCB",09-07-2026 20:00,19.16485,73.23409,CO,16,22,18
India,Maharashtra,Beed,"Bir, Beed - MPCB",09-07-2026 20:00,18.988474,75.753873,NH3,2,3,2
India,Maharashtra,Belapur,"CBD Belapur, Belapur - MPCB",09-07-2026 20:00,19.0243902,73.0406721,PM10,45,75,59
India,Maharashtra,Bhiwandi,"Gokul Nagar, Bhiwandi - MPCB",09-07-2026 20:00,19.309073,73.057223,NH3,6,10,7
India,Maharashtra,Bhiwandi,"Gokul Nagar, Bhiwandi - MPCB",09-07-2026 20:00,19.309073,73.057223,SO2,2,6,4
India,Maharashtra,Bhiwandi,"Gokul Nagar, Bhiwandi - MPCB",09-07-2026 20:00,19.309073,73.057223,OZONE,22,38,32
India,Maharashtra,Boisar,"Khaira, Boisar - MPCB",09-07-2026 20:00,19.786089,72.757971,NH3,0,9,5
India,Maharashtra,Nashik,"MIDC Ambad, Nashik - MPCB",09-07-2026 20:00,19.95022,73.73148,PM10,56,87,75
India,Maharashtra,Nashik,"MIDC Ambad, Nashik - MPCB",09-07-2026 20:00,19.95022,73.73148,NO2,2,5,3
India,Maharashtra,Nashik,"MIDC Ambad, Nashik - MPCB",09-07-2026 20:00,19.95022,73.73148,SO2,0,6,2
India,Maharashtra,Nashik,"MIDC Ambad, Nashik - MPCB",09-07-2026 20:00,19.95022,73.73148,OZONE,6,24,16
India,Maharashtra,Navi Mumbai,"Sector-2E Kalamboli, Navi Mumbai - MPCB",09-07-2026 20:00,19.02579,73.10297,PM2.5,18,29,24
India,Maharashtra,Navi Mumbai,"Sector-2E Kalamboli, Navi Mumbai - MPCB",09-07-2026 20:00,19.02579,73.10297,PM10,38,61,52
India,Maharashtra,Navi Mumbai,"Sanpada, Navi Mumbai - MPCB",09-07-2026 20:00,19.0575752,73.0151367,CO,1,10,8
India,Maharashtra,Navi Mumbai,"Sanpada, Navi Mumbai - MPCB",09-07-2026 20:00,19.0575752,73.0151367,OZONE,21,24,22
India,Maharashtra,Navi Mumbai,"Tondare-Taloja, Navi Mumbai - MPCB",09-07-2026 20:00,19.063,73.1209,PM2.5,25,47,35
India,Maharashtra,Navi Mumbai,"Tondare-Taloja, Navi Mumbai - MPCB",09-07-2026 20:00,19.063,73.1209,NO2,4,11,6
India,Maharashtra,Navi Mumbai,"Tondare-Taloja, Navi Mumbai - MPCB",09-07-2026 20:00,19.063,73.1209,NH3,5,13,7
India,Maharashtra,Navi Mumbai,"Tondare-Taloja, Navi Mumbai - MPCB",09-07-2026 20:00,19.063,73.1209,OZONE,0,2,1
India,Maharashtra,Navi Mumbai,"Kopripada-Vashi, Navi Mumbai - MPCB",09-07-2026 20:00,19.090337,73.014232,SO2,2,3,2
India,Maharashtra,Navi Mumbai,"Kopripada-Vashi, Navi Mumbai - MPCB",09-07-2026 20:00,19.090337,73.014232,CO,14,32,22
India,Maharashtra,Kolhapur,"Sinchan Bhavan, Kolhapur - MPCB",09-07-2026 20:00,16.7143745,74.2426398,CO,14,19,17
India,Maharashtra,Latur,"Sawe Wadi, Latur - MPCB",09-07-2026 20:00,18.39963,76.57452,PM10,9,63,29
India,Maharashtra,Latur,"Sawe Wadi, Latur - MPCB",09-07-2026 20:00,18.39963,76.57452,NO2,4,28,13
India,Maharashtra,Latur,"Sawe Wadi, Latur - MPCB",09-07-2026 20:00,18.39963,76.57452,SO2,3,6,4
India,Maharashtra,Mira-Bhayandar,"Bhayandar West, Mira-Bhayandar - MPCB",09-07-2026 20:00,19.296481,72.840923,CO,14,16,15
India,Maharashtra,Mumbai,"Sion, Mumbai - MPCB",09-07-2026 20:00,19.047,72.8746,NO2,36,40,38
India,Maharashtra,Mumbai,"Chhatrapati Shivaji Intl. Airport (T2), Mumbai - MPCB",09-07-2026 20:00,19.10078,72.87462,SO2,6,8,7
India,Maharashtra,Mumbai,"Navy Nagar-Colaba, Mumbai - IITM",09-07-2026 20:00,18.897756,72.81332,NH3,8,9,8
India,Maharashtra,Mumbai,"Navy Nagar-Colaba, Mumbai - IITM",09-07-2026 20:00,18.897756,72.81332,CO,16,23,19
India,Maharashtra,Mumbai,"Ghatkopar, Mumbai - BMC",09-07-2026 20:00,19.083694,72.920967,NH3,3,7,4
India,Maharashtra,Chandrapur,"Chauhan Colony, Chandrapur - MPCB",09-07-2026 20:00,19.9629,79.298714,SO2,13,25,21
India,Maharashtra,Chandrapur,"MIDC Khutala, Chandrapur - MPCB",09-07-2026 20:00,19.9775302,79.2337086,PM2.5,20,28,22
India,Maharashtra,Chandrapur,"MIDC Khutala, Chandrapur - MPCB",09-07-2026 20:00,19.9775302,79.2337086,CO,38,41,39
India,Maharashtra,Dhule,"Deopur, Dhule - MPCB",09-07-2026 20:00,20.918946,74.776388,NO2,3,20,10
India,Maharashtra,Dombivli,"Kalu Nagar, Dombivli - MPCB",09-07-2026 20:00,19.2268427,73.0788456,NH3,1,1,1
India,Maharashtra,Hingoli,"Ashta Vinayak Nagar, Hingoli - MPCB",09-07-2026 20:00,19.710842,77.151824,PM10,11,71,36
India,Maharashtra,Jalna,"Old MIDC, Jalna - MPCB",09-07-2026 20:00,19.854616,75.905894,NO2,13,24,19
India,Maharashtra,Jalna,"Old MIDC, Jalna - MPCB",09-07-2026 20:00,19.854616,75.905894,SO2,9,12,10
India,Maharashtra,Jalna,"Old MIDC, Jalna - MPCB",09-07-2026 20:00,19.854616,75.905894,CO,10,18,14
India,Maharashtra,Kalyan,"Pimpleshwar Mandir, Kalyan - MPCB",09-07-2026 20:00,19.192056,72.9585188,PM10,49,70,56
India,Maharashtra,Mumbai,"Byculla, Mumbai - BMC",09-07-2026 20:00,18.9767,72.838,PM2.5,9,29,17
India,Maharashtra,Mumbai,"Byculla, Mumbai - BMC",09-07-2026 20:00,18.9767,72.838,CO,9,25,17
India,Maharashtra,Mumbai,"Kherwadi_Bandra East, Mumbai - MPCB",09-07-2026 20:00,19.0632143,72.8456324,PM10,5,112,45
India,Maharashtra,Mumbai,"Shivaji Nagar, Mumbai - BMC",09-07-2026 20:00,19.060498,72.923356,NO2,10,20,14
India,Maharashtra,Mumbai,"Shivaji Nagar, Mumbai - BMC",09-07-2026 20:00,19.060498,72.923356,CO,7,24,15
India,Maharashtra,Mumbai,"Malad West, Mumbai - IITM",09-07-2026 20:00,19.19709,72.82204,SO2,0,34,17
India,Maharashtra,Mumbai,"Mazgaon, Mumbai - IITM",09-07-2026 20:00,18.96702,72.84214,SO2,7,16,12
India,Maharashtra,Mumbai,"Mazgaon, Mumbai - IITM",09-07-2026 20:00,18.96702,72.84214,CO,11,44,28
India,Maharashtra,Mumbai,"Chembur, Mumbai - MPCB",09-07-2026 20:00,19.0364585,72.8954371,NO2,6,16,10
India,Maharashtra,Mumbai,"Chembur, Mumbai - MPCB",09-07-2026 20:00,19.0364585,72.8954371,CO,14,17,15
India,Maharashtra,Mumbai,"Deonar, Mumbai - IITM",09-07-2026 20:00,19.04946,72.923,PM10,89,118,107
India,Maharashtra,Mumbai,"Deonar, Mumbai - IITM",09-07-2026 20:00,19.04946,72.923,NO2,3,10,6
India,Maharashtra,Mumbai,"Bandra Kurla Complex, Mumbai - IITM",09-07-2026 20:00,19.053536,72.84643,NO2,3,9,5
India,Maharashtra,Mumbai,"Borivali East, Mumbai - IITM",09-07-2026 20:00,19.23241,72.86895,OZONE,50,51,50
India,Maharashtra,Mumbai,"Siddharth Nagar-Worli, Mumbai - IITM",09-07-2026 20:00,19.000083,72.813993,OZONE,5,13,8
India,Maharashtra,Mumbai,"Khindipada-Bhandup West, Mumbai - IITM",09-07-2026 20:00,19.1653323,72.922099,PM10,62,119,97
India,Maharashtra,Mumbai,"Worli, Mumbai - MPCB",09-07-2026 20:00,18.9936162,72.8128113,PM2.5,22,118,64
India,Odisha,Bhubaneswar,"Patia, Bhubaneswar - OSPCB",09-07-2026 20:00,20.34652,85.8163,NH3,2,2,2
India,Odisha,Bhubaneswar,"Patia, Bhubaneswar - OSPCB",09-07-2026 20:00,20.34652,85.8163,CO,50,54,52
India,Odisha,Bileipada,"Tata Township, Bileipada - OSPCB",09-07-2026 20:00,22.06156703,85.47409613,PM2.5,23,79,47
India,Odisha,Bileipada,"Tata Township, Bileipada - OSPCB",09-07-2026 20:00,22.06156703,85.47409613,CO,22,25,23
India,Odisha,Brajrajnagar,"GM Office, Brajrajnagar - OSPCB",09-07-2026 20:00,21.8004996,83.8396977,NO2,22,28,24
India,Odisha,Brajrajnagar,"GM Office, Brajrajnagar - OSPCB",09-07-2026 20:00,21.8004996,83.8396977,OZONE,43,52,46
India,Odisha,Byasanagar,"Ferro Chrome Colony, Byasanagar - OSPCB",09-07-2026 20:00,20.94185,86.1151,NH3,1,1,1
India,Odisha,Cuttack,"CDA Area, Cuttack - OSPCB",09-07-2026 20:00,20.48891,85.84768,PM2.5,40,70,51
India,Odisha,Cuttack,"CDA Area, Cuttack - OSPCB",09-07-2026 20:00,20.48891,85.84768,NH3,7,20,12
India,Odisha,Cuttack,"CDA Area, Cuttack - OSPCB",09-07-2026 20:00,20.48891,85.84768,CO,24,33,27
India,Odisha,Cuttack,"CDA Area, Cuttack - OSPCB",09-07-2026 20:00,20.48891,85.84768,OZONE,38,52,47
India,Odisha,Rairangpur,"Divisional Forest Office, Rairangpur - OSPCB",09-07-2026 20:00,22.265816,86.174829,PM10,33,74,51
India,Odisha,Rairangpur,"Divisional Forest Office, Rairangpur - OSPCB",09-07-2026 20:00,22.265816,86.174829,CO,6,6,6
India,Odisha,Rourkela,"Raghunathpali, Rourkela - OSPCB",09-07-2026 20:00,22.220833,84.809444,PM10,40,123,75
India,Odisha,Rourkela,"Raghunathpali, Rourkela - OSPCB",09-07-2026 20:00,22.220833,84.809444,NO2,14,15,15
India,Odisha,Rourkela,"Raghunathpali, Rourkela - OSPCB",09-07-2026 20:00,22.220833,84.809444,OZONE,9,15,12
India,Meghalaya,Byrnihat,"Tamulikuchi, Byrnihat - Meghalaya PCB",09-07-2026 20:00,26.079047,91.875185,CO,31,32,32
India,Mizoram,Aizawl,"Sikulpuikawn, Aizawl - Mizoram PCB",09-07-2026 20:00,23.7176342,92.7192841,NH3,0,0,0
India,Nagaland,Kohima,"PWD Junction, Kohima - NPCB",09-07-2026 20:00,25.6635413,94.0989878,SO2,42,54,47
India,Odisha,Angul,"Hakimapada, Angul - OSPCB",09-07-2026 20:00,20.832874,85.104082,NH3,3,4,3
India,Odisha,Balasore,"Kalidaspur, Balasore - OSPCB",09-07-2026 20:00,21.51161,86.89088,SO2,4,5,5
India,Odisha,Balasore,"Kalidaspur, Balasore - OSPCB",09-07-2026 20:00,21.51161,86.89088,OZONE,22,44,30
India,Odisha,Barbil,"Forest Office, Barbil - OSPCB",09-07-2026 20:00,22.1166054,85.3945546,PM10,21,195,56
India,Odisha,Baripada,"Meher Colony, Baripada - OSPCB",09-07-2026 20:00,21.941841,86.728318,PM10,58,91,74
India,Odisha,Baripada,"Meher Colony, Baripada - OSPCB",09-07-2026 20:00,21.941841,86.728318,NO2,3,21,11
India,Odisha,Bhubaneswar,"Lingraj Mandir, Bhubaneswar - OSPCB",09-07-2026 20:00,20.24079,85.836784,PM10,1,61,19
India,Odisha,Bhubaneswar,"Lingraj Mandir, Bhubaneswar - OSPCB",09-07-2026 20:00,20.24079,85.836784,NH3,1,7,4
India,Odisha,Bhubaneswar,"Lingraj Mandir, Bhubaneswar - OSPCB",09-07-2026 20:00,20.24079,85.836784,SO2,4,5,5
India,Punjab,Khanna,"Kalal Majra, Khanna - PPCB",09-07-2026 20:00,30.736056,76.209694,SO2,16,17,16
India,Punjab,Mandi Gobindgarh,"RIMT University, Mandi Gobindgarh - PPCB",09-07-2026 20:00,30.649961,76.331442,NH3,5,5,5
India,Punjab,Patiala,"Model Town, Patiala - PPCB",09-07-2026 20:00,30.349388,76.366642,OZONE,28,129,54
India,Rajasthan,Alwar,"Moti Doongri, Alwar - RSPCB",09-07-2026 20:00,27.554793,76.611536,NH3,8,11,9
India,Rajasthan,Alwar,"Moti Doongri, Alwar - RSPCB",09-07-2026 20:00,27.554793,76.611536,OZONE,1,78,22
India,Rajasthan,Banswara,"Rati Talai, Banswara - RSPCB",09-07-2026 20:00,23.55519,74.44001,NH3,0,11,2
India,Rajasthan,Baran,"Bamboliya, Baran - RSPCB",09-07-2026 20:00,25.106006,76.469948,PM2.5,20,500,54
India,Rajasthan,Baran,"Bamboliya, Baran - RSPCB",09-07-2026 20:00,25.106006,76.469948,PM10,27,111,63
India,Rajasthan,Barmer,"Railway Colony, Barmer - RSPCB",09-07-2026 20:00,25.747299,71.393989,PM2.5,22,70,45
India,Odisha,Rourkela,"Fertilizer Township, Rourkela - OSPCB",09-07-2026 20:00,22.18972222,84.86277778,PM2.5,59,88,68
India,Odisha,Rourkela,"Fertilizer Township, Rourkela - OSPCB",09-07-2026 20:00,22.18972222,84.86277778,NO2,11,11,11
India,Odisha,Talcher,"Talcher Coalfields,Talcher - OSPCB",09-07-2026 20:00,20.9360711,85.1707021,NO2,31,69,45
India,Odisha,Talcher,"Talcher Coalfields,Talcher - OSPCB",09-07-2026 20:00,20.9360711,85.1707021,NH3,5,9,7
India,Odisha,Talcher,"Talcher Coalfields,Talcher - OSPCB",09-07-2026 20:00,20.9360711,85.1707021,CO,32,38,35
India,Odisha,Talcher,"Talcher Coalfields,Talcher - OSPCB",09-07-2026 20:00,20.9360711,85.1707021,OZONE,9,16,13
India,Odisha,Tensa,"Barsua Iron Ore Mines, Tensa - OSPCB",09-07-2026 20:00,21.869985,85.167016,SO2,17,42,33
India,Odisha,Tensa,"Barsua Iron Ore Mines, Tensa - OSPCB",09-07-2026 20:00,21.869985,85.167016,CO,16,32,27
India,Puducherry,Puducherry,"Jawahar Nagar, Puducherry - PPCC",09-07-2026 20:00,11.9309,79.8027,NO2,6,28,12
India,Punjab,Amritsar,"Golden Temple, Amritsar - PPCB",09-07-2026 20:00,31.62,74.876512,PM2.5,79,152,108
India,Punjab,Amritsar,"Golden Temple, Amritsar - PPCB",09-07-2026 20:00,31.62,74.876512,NH3,7,8,7
India,Punjab,Jalandhar,"Civil Line, Jalandhar - PPCB",09-07-2026 20:00,31.321907,75.578914,PM2.5,24,48,36
India,Maharashtra,Pune,"Savitribai Phule Pune University, Pune - MPCB",09-07-2026 20:00,18.547056,73.826908,CO,28,33,30
India,Maharashtra,Solapur,"Ratandeep Housing Society, Solapur - MPCB",09-07-2026 20:00,17.65439,75.90649,CO,16,22,19
India,Maharashtra,Solapur,"Dnyaneshwar Nagar, Solapur - MPCB",09-07-2026 20:00,17.6336264,75.9132495,SO2,0,3,1
India,Maharashtra,Thane,"Kasarvadavali, Thane - MPCB",09-07-2026 20:00,19.26777,72.97182,SO2,3,4,4
India,Maharashtra,Thane,"Kasarvadavali, Thane - MPCB",09-07-2026 20:00,19.26777,72.97182,CO,9,14,12
India,Maharashtra,Thane,"Upvan Fort, Thane - MPCB",09-07-2026 20:00,19.222279,72.957979,PM10,36,51,43
India,Maharashtra,Thane,"Upvan Fort, Thane - MPCB",09-07-2026 20:00,19.222279,72.957979,OZONE,23,55,31
India,Maharashtra,Ulhasnagar,"Sidhi Vinayak Nagar, Ulhasnagar - MPCB",09-07-2026 20:00,19.235581,73.159121,SO2,3,5,3
India,Maharashtra,Ulhasnagar,"Vithalwadi, Ulhasnagar - MPCB",09-07-2026 20:00,19.2307571,73.155192,PM2.5,34,149,74
India,Maharashtra,Ulhasnagar,"Vithalwadi, Ulhasnagar - MPCB",09-07-2026 20:00,19.2307571,73.155192,PM10,76,117,99
India,Maharashtra,Ulhasnagar,"Vithalwadi, Ulhasnagar - MPCB",09-07-2026 20:00,19.2307571,73.155192,CO,13,17,15
India,Rajasthan,Barmer,"Railway Colony, Barmer - RSPCB",09-07-2026 20:00,25.747299,71.393989,CO,13,17,14
India,Rajasthan,Barmer,"Railway Colony, Barmer - RSPCB",09-07-2026 20:00,25.747299,71.393989,OZONE,31,63,51
India,Rajasthan,Bharatpur,"Krishna Nagar, Bharatpur - RSPCB",09-07-2026 20:00,27.215415,77.50873,PM2.5,2,20,12
India,Rajasthan,Bharatpur,"Krishna Nagar, Bharatpur - RSPCB",09-07-2026 20:00,27.215415,77.50873,NO2,7,19,10
India,Rajasthan,Bhilwara,"Pratap Nagar, Bhilwara - RSPCB",09-07-2026 20:00,25.339605,74.618883,NO2,5,26,18
India,Rajasthan,Bhilwara,"Pratap Nagar, Bhilwara - RSPCB",09-07-2026 20:00,25.339605,74.618883,NH3,3,26,13
India,Rajasthan,Bhiwadi,"Vasundhara Nagar_UIT, Bhiwadi - RSPCB",09-07-2026 20:00,28.207266,76.829265,NO2,0,56,17
India,Rajasthan,Bhiwadi,"RIICO Ind. Area III, Bhiwadi - RSPCB",09-07-2026 20:00,28.194909,76.862296,NO2,23,57,35
India,Rajasthan,Bundi,"New Colony, Bundi - RSPCB",09-07-2026 20:00,25.435774,75.644272,NH3,6,14,8
India,Rajasthan,Bundi,"New Colony, Bundi - RSPCB",09-07-2026 20:00,25.435774,75.644272,CO,7,16,10
India,Rajasthan,Churu,"Subash Chowk, Churu - RSPCB",09-07-2026 20:00,28.296139,74.961696,SO2,2,7,4
India,Rajasthan,Dholpur,"Raja Ganj, Dholpur - RSPCB",09-07-2026 20:00,26.699557,77.898881,NH3,5,15,7
India,Rajasthan,Dholpur,"Raja Ganj, Dholpur - RSPCB",09-07-2026 20:00,26.699557,77.898881,SO2,4,12,7
India,Rajasthan,Dholpur,"Raja Ganj, Dholpur - RSPCB",09-07-2026 20:00,26.699557,77.898881,OZONE,35,41,38
India,Rajasthan,Dungarpur,"Bhoiwada, Dungarpur - RSPCB",09-07-2026 20:00,23.837789,73.714926,CO,16,27,22
India,Rajasthan,Dungarpur,"Bhoiwada, Dungarpur - RSPCB",09-07-2026 20:00,23.837789,73.714926,OZONE,28,42,38
India,Rajasthan,Hanumangarh,"Housing Board, Hanumangarh - RSPCB",09-07-2026 20:00,29.61075,74.283608,OZONE,10,28,19
India,Rajasthan,Jaipur,"Sector-2 Murlipura, Jaipur - RSPCB",09-07-2026 20:00,26.960669,75.771817,PM2.5,23,61,38
India,Rajasthan,Jaipur,"Sector-2 Murlipura, Jaipur - RSPCB",09-07-2026 20:00,26.960669,75.771817,PM10,51,127,85
India,Rajasthan,Jaipur,"Sector-2 Murlipura, Jaipur - RSPCB",09-07-2026 20:00,26.960669,75.771817,NH3,4,15,7
India,Rajasthan,Jaipur,"Police Commissionerate, Jaipur - RSPCB",09-07-2026 20:00,26.9164092,75.7994901,NO2,0,82,13
India,Rajasthan,Jaipur,"Police Commissionerate, Jaipur - RSPCB",09-07-2026 20:00,26.9164092,75.7994901,NH3,5,18,9
India,Rajasthan,Jaipur,"Adarsh Nagar, Jaipur - RSPCB",09-07-2026 20:00,26.902909,75.836858,SO2,9,33,24
India,Maharashtra,Pimpri-Chinchwad,"Bhosari, Pune - IITM",09-07-2026 20:00,18.640051,73.848956,PM2.5,19,56,31
India,Maharashtra,Pimpri-Chinchwad,"Gavalinagar, Pimpri Chinchwad - MPCB",09-07-2026 20:00,18.63673,73.82487,PM2.5,31,44,37
India,Maharashtra,Pimpri-Chinchwad,"Gavalinagar, Pimpri Chinchwad - MPCB",09-07-2026 20:00,18.63673,73.82487,OZONE,10,15,13
India,Maharashtra,Pimpri-Chinchwad,"Transport Nagar-Nigdi, Pune - IITM",09-07-2026 20:00,18.664282,73.763966,PM2.5,11,35,19
India,Maharashtra,Pimpri-Chinchwad,"Thergaon, Pimpri Chinchwad - MPCB",09-07-2026 20:00,18.616318,73.765797,CO,25,81,49
India,Maharashtra,Pimpri-Chinchwad,"Park Street Wakad, Pimpri Chinchwad - MPCB",09-07-2026 20:00,18.59051,73.77946,CO,8,15,11
India,Maharashtra,Pune,"Dhankawadi, Pune - IITM",09-07-2026 20:00,18.459883,73.852193,OZONE,2,9,4
India,Maharashtra,Pune,"Hadapsar, Pune - IITM",09-07-2026 20:00,18.501793,73.927532,CO,4,91,62
India,Maharashtra,Pune,"Mhada Colony, Pune - IITM",09-07-2026 20:00,18.57304,73.927715,PM10,41,77,59
India,Uttar Pradesh,Kanpur,"Nehru Nagar, Kanpur - UPPCB",09-07-2026 20:00,26.4703136,80.3229863,NO2,45,48,47
India,Uttar Pradesh,Kanpur,"Nehru Nagar, Kanpur - UPPCB",09-07-2026 20:00,26.4703136,80.3229863,OZONE,2,37,9
India,Uttar Pradesh,Kanpur,"FTI Kidwai Nagar, Kanpur - UPPCB",09-07-2026 20:00,26.428282,80.327067,CO,33,35,34
India,Uttar Pradesh,Khurja,"Kalindi Kunj, Khurja - UPPCB",09-07-2026 20:00,28.2348927,77.8683002,PM2.5,3,21,12
India,Uttar Pradesh,Khurja,"Kalindi Kunj, Khurja - UPPCB",09-07-2026 20:00,28.2348927,77.8683002,OZONE,25,33,28
India,Uttar Pradesh,Lucknow,"Kendriya Vidyalaya, Lucknow - CPCB",09-07-2026 20:00,26.906111,80.948222,NH3,7,13,10
India,Uttar Pradesh,Lucknow,"Kendriya Vidyalaya, Lucknow - CPCB",09-07-2026 20:00,26.906111,80.948222,OZONE,35,52,46
India,Uttar Pradesh,Lucknow,"Kukrail Picnic Spot-1, Lucknow - UPPCB",09-07-2026 20:00,26.90723,80.98579,PM2.5,8,73,30
India,Uttar Pradesh,Lucknow,"Kukrail Picnic Spot-1, Lucknow - UPPCB",09-07-2026 20:00,26.90723,80.98579,PM10,7,57,27
India,Uttar Pradesh,Lucknow,"Kukrail Picnic Spot-1, Lucknow - UPPCB",09-07-2026 20:00,26.90723,80.98579,NH3,6,6,6
India,Uttar Pradesh,Lucknow,"Gomti Nagar, Lucknow - UPPCB",09-07-2026 20:00,26.86812,81.005119,OZONE,38,42,40
India,Uttar Pradesh,Lucknow,"Talkatora District Industries Center, Lucknow - CPCB",09-07-2026 20:00,26.83399722,80.8917361,NH3,7,12,9
India,Uttar Pradesh,Lucknow,"Talkatora District Industries Center, Lucknow - CPCB",09-07-2026 20:00,26.83399722,80.8917361,SO2,1,44,16
India,Uttar Pradesh,Lucknow,"Talkatora District Industries Center, Lucknow - CPCB",09-07-2026 20:00,26.83399722,80.8917361,OZONE,26,89,57
India,Uttar Pradesh,Lucknow,"Lalbagh, Lucknow - CPCB",09-07-2026 20:00,26.8458805,80.9365541,OZONE,21,52,39
India,Uttar Pradesh,Agra,"Shahjahan Garden, Agra - UPPCB",09-07-2026 20:00,27.169338,78.03582,SO2,43,49,45
India,Uttar Pradesh,Agra,"Rohta, Agra - UPPCB",09-07-2026 20:00,27.106972,78.000111,PM2.5,11,38,24
India,Uttar Pradesh,Agra,"Rohta, Agra - UPPCB",09-07-2026 20:00,27.106972,78.000111,NH3,5,5,5
India,Uttar Pradesh,Agra,"Rohta, Agra - UPPCB",09-07-2026 20:00,27.106972,78.000111,CO,9,20,14
India,Uttar Pradesh,Agra,"Shastripuram, Agra - UPPCB",09-07-2026 20:00,27.19862,77.92066,PM10,23,43,31
India,Uttar Pradesh,Agra,"Shastripuram, Agra - UPPCB",09-07-2026 20:00,27.19862,77.92066,NO2,18,18,18
India,Uttar Pradesh,Agra,"Shastripuram, Agra - UPPCB",09-07-2026 20:00,27.19862,77.92066,NH3,3,3,3
India,Uttar Pradesh,Agra,"Shastripuram, Agra - UPPCB",09-07-2026 20:00,27.19862,77.92066,CO,12,13,13
India,Uttar Pradesh,Agra,"Sector-3B Avas Vikas Colony, Agra - UPPCB",09-07-2026 20:00,27.19412,77.96237,NH3,7,8,7
India,Uttar Pradesh,Baghpat,"Sardar Patel Inter College, Baghpat - UPPCB",09-07-2026 20:00,28.964949,77.278761,CO,14,19,16
India,Uttar Pradesh,Bareilly,"Rajendra Nagar, Bareilly - UPPCB",09-07-2026 20:00,28.38910936,79.42963708,NO2,9,13,10
India,Uttar Pradesh,Bareilly,"Rajendra Nagar, Bareilly - UPPCB",09-07-2026 20:00,28.38910936,79.42963708,OZONE,0,26,10
India,Uttar Pradesh,Bareilly,"Civil Lines, Bareilly - UPPCB",09-07-2026 20:00,28.359581,79.414455,OZONE,23,68,40
India,Uttar Pradesh,Bulandshahr,"Yamunapuram, Bulandshahr - UPPCB",09-07-2026 20:00,28.406963,77.849831,PM10,2,31,13
India,Uttar Pradesh,Bulandshahr,"Yamunapuram, Bulandshahr - UPPCB",09-07-2026 20:00,28.406963,77.849831,OZONE,8,11,9
India,Uttar Pradesh,Firozabad,"Vibhab Nagar, Firozabad - UPPCB",09-07-2026 20:00,27.1594,78.3953,NO2,13,14,14
India,Uttar Pradesh,Firozabad,"Vibhab Nagar, Firozabad - UPPCB",09-07-2026 20:00,27.1594,78.3953,SO2,1,2,1
India,Uttar Pradesh,Ghaziabad,"Indirapuram, Ghaziabad - UPPCB",09-07-2026 20:00,28.646233,77.358075,CO,65,66,65
India,Uttar Pradesh,Ghaziabad,"Govindpuram, Ghaziabad - UPPCB",09-07-2026 20:00,28.694528,77.494705,SO2,2,3,2
India,Uttar Pradesh,Ghaziabad,"Sanjay Nagar, Ghaziabad - UPPCB",09-07-2026 20:00,28.685382,77.453839,PM2.5,10,52,27
India,Uttar Pradesh,Ghaziabad,"Sanjay Nagar, Ghaziabad - UPPCB",09-07-2026 20:00,28.685382,77.453839,NO2,18,35,25
India,Uttar Pradesh,Ghaziabad,"Sanjay Nagar, Ghaziabad - UPPCB",09-07-2026 20:00,28.685382,77.453839,OZONE,24,29,26
India,Uttar Pradesh,Ghaziabad,"Vasundhara, Ghaziabad - UPPCB",09-07-2026 20:00,28.6603346,77.3572563,NH3,12,13,12
India,Uttar Pradesh,Greater Noida,"Knowledge Park - V, Greater Noida - UPPCB",09-07-2026 20:00,28.557054,77.453663,OZONE,18,29,24
India,Uttar Pradesh,Greater Noida,"Knowledge Park - III, Greater Noida - UPPCB",09-07-2026 20:00,28.47272,77.482,PM10,8,43,21
India,Uttar Pradesh,Greater Noida,"Knowledge Park - III, Greater Noida - UPPCB",09-07-2026 20:00,28.47272,77.482,SO2,2,9,4
India,Uttar Pradesh,Hapur,"Anand Vihar, Hapur - UPPCB",09-07-2026 20:00,28.725645,77.749675,NO2,10,14,11
India,Uttar Pradesh,Hapur,"Anand Vihar, Hapur - UPPCB",09-07-2026 20:00,28.725645,77.749675,SO2,1,12,8
India,Uttar Pradesh,Jhansi,"Shivaji Nagar, Jhansi - UPPCB",09-07-2026 20:00,25.4547,78.6039,NO2,6,6,6
India,Uttar Pradesh,Jhansi,"Shivaji Nagar, Jhansi - UPPCB",09-07-2026 20:00,25.4547,78.6039,NH3,4,4,4
India,Uttar Pradesh,Jhansi,"Shivaji Nagar, Jhansi - UPPCB",09-07-2026 20:00,25.4547,78.6039,SO2,16,27,20
India,Telangana,Hyderabad,"Nacharam_TSIIC IALA, Hyderabad - TSPCB",09-07-2026 20:00,17.429398,78.569354,SO2,8,13,10
India,Telangana,Hyderabad,"IITH Kandi, Hyderabad - TSPCB",09-07-2026 20:00,17.585705,78.126199,PM2.5,33,42,37
India,Telangana,Hyderabad,"IITH Kandi, Hyderabad - TSPCB",09-07-2026 20:00,17.585705,78.126199,PM10,52,61,57
India,Telangana,Hyderabad,"IITH Kandi, Hyderabad - TSPCB",09-07-2026 20:00,17.585705,78.126199,NH3,3,3,3
India,Telangana,Hyderabad,"ECIL Kapra, Hyderabad - TSPCB",09-07-2026 20:00,17.470431,78.566959,CO,14,29,19
India,Telangana,Hyderabad,"Kompally Municipal Office, Hyderabad - TSPCB",09-07-2026 20:00,17.544899,78.486949,CO,16,22,20
India,Telangana,Hyderabad,"Kompally Municipal Office, Hyderabad - TSPCB",09-07-2026 20:00,17.544899,78.486949,OZONE,18,30,26
India,Telangana,Hyderabad,"Kokapet, Hyderabad - TSPCB",09-07-2026 20:00,17.393559,78.339194,NO2,10,15,12
India,Telangana,Hyderabad,"Kokapet, Hyderabad - TSPCB",09-07-2026 20:00,17.393559,78.339194,NH3,2,3,2
India,Telangana,Hyderabad,"Kokapet, Hyderabad - TSPCB",09-07-2026 20:00,17.393559,78.339194,OZONE,23,28,26
India,Telangana,Hyderabad,"Sanathnagar, Hyderabad - TSPCB",09-07-2026 20:00,17.4559458,78.4332152,NO2,32,45,38
India,Uttar Pradesh,Agra,"Shahjahan Garden, Agra - UPPCB",09-07-2026 20:00,27.169338,78.03582,PM2.5,47,261,73
India,Tamil Nadu,Thoothukudi,"Meelavittan, Thoothukudi - TNPCB",09-07-2026 20:00,8.816428,78.099039,CO,23,34,28
India,Tamil Nadu,Thoothukudi,"Meelavittan, Thoothukudi - TNPCB",09-07-2026 20:00,8.816428,78.099039,OZONE,29,36,32
India,Telangana,Hyderabad,"Ramachandrapuram, Hyderabad - TSPCB",09-07-2026 20:00,17.528544,78.286195,PM2.5,27,42,34
India,Telangana,Hyderabad,"ICRISAT Patancheru, Hyderabad - TSPCB",09-07-2026 20:00,17.5184,78.278777,PM10,7,64,29
India,Telangana,Hyderabad,"ICRISAT Patancheru, Hyderabad - TSPCB",09-07-2026 20:00,17.5184,78.278777,NH3,2,2,2
India,Telangana,Hyderabad,"Somajiguda, Hyderabad - TSPCB",09-07-2026 20:00,17.417094,78.457437,OZONE,17,48,29
India,Telangana,Hyderabad,"Central University, Hyderabad - TSPCB",09-07-2026 20:00,17.460103,78.334361,NH3,0,3,2
India,Telangana,Hyderabad,"Central University, Hyderabad - TSPCB",09-07-2026 20:00,17.460103,78.334361,CO,6,10,7
India,Telangana,Hyderabad,"Zoo Park, Hyderabad - TSPCB",09-07-2026 20:00,17.349694,78.451437,PM2.5,2,138,32
India,Telangana,Hyderabad,"Zoo Park, Hyderabad - TSPCB",09-07-2026 20:00,17.349694,78.451437,NH3,2,2,2
India,Telangana,Hyderabad,"Nacharam_TSIIC IALA, Hyderabad - TSPCB",09-07-2026 20:00,17.429398,78.569354,PM2.5,37,50,42
India,Tamil Nadu,Chennai,"Manali Village, Chennai - TNPCB",09-07-2026 20:00,13.1662,80.2584,PM2.5,14,49,26
India,Tamil Nadu,Chennai,"Manali Village, Chennai - TNPCB",09-07-2026 20:00,13.1662,80.2584,SO2,14,17,16
India,Tamil Nadu,Chennai,"Manali, Chennai - CPCB",09-07-2026 20:00,13.164544,80.26285,PM10,44,85,67
India,Tamil Nadu,Chennai,"Arumbakkam, Chennai - TNPCB",09-07-2026 20:00,13.0664,80.2112,SO2,0,3,1
India,Tamil Nadu,Chennai,"Perungudi, Chennai - TNPCB",09-07-2026 20:00,12.9533,80.2357,PM10,42,363,104
India,Tamil Nadu,Chennai,"Perungudi, Chennai - TNPCB",09-07-2026 20:00,12.9533,80.2357,SO2,3,8,5
India,Tamil Nadu,Chennai,"Perungudi, Chennai - TNPCB",09-07-2026 20:00,12.9533,80.2357,OZONE,1,12,3
India,Tamil Nadu,Chennai,"Velachery Res. Area, Chennai - CPCB",09-07-2026 20:00,13.0052189,80.2398125,OZONE,6,14,11
India,Tamil Nadu,Gummidipoondi,"Anthoni Pillai Nagar, Gummidipoondi - TNPCB",09-07-2026 20:00,13.4127,80.1081,NH3,0,1,1
India,Tamil Nadu,Madurai,"Uchapatti, Madurai - TNPCB",09-07-2026 20:00,9.865935,78.022669,PM10,57,90,73
India,Rajasthan,Jodhpur,"Jhalamand, Jodhpur - RSPCB",09-07-2026 20:00,26.215415,73.070156,NH3,10,20,13
India,Rajasthan,Jodhpur,"Jhalamand, Jodhpur - RSPCB",09-07-2026 20:00,26.215415,73.070156,OZONE,25,43,30
India,Rajasthan,Jodhpur,"Samrat Ashok Udhyan, Jodhpur - RSPCB",09-07-2026 20:00,26.253384,72.976571,CO,12,15,14
India,Rajasthan,Khairthal,"New Anaj Mandi, Khairthal - RSPCB",09-07-2026 20:00,27.8015617,76.6365217,CO,14,21,16
India,Rajasthan,Kota,"Shrinath Puram, Kota - RSPCB",09-07-2026 20:00,25.14389,75.821256,PM2.5,36,91,60
India,Rajasthan,Kota,"Nayapura, Kota - RSPCB",09-07-2026 20:00,25.196024,75.855668,OZONE,24,58,39
India,Rajasthan,Nagaur,"Karni Colony, Nagaur - RSPCB",09-07-2026 20:00,27.213494,73.734444,PM10,12,106,55
India,Rajasthan,Nagaur,"Karni Colony, Nagaur - RSPCB",09-07-2026 20:00,27.213494,73.734444,OZONE,23,30,25
India,Rajasthan,Pali,"Indira Colony Vistar, Pali - RSPCB",09-07-2026 20:00,25.771061,73.340227,OZONE,15,71,44
India,Rajasthan,Jaipur,"RIICO Sitapura, Jaipur - RSPCB",09-07-2026 20:00,26.786682,75.827928,SO2,1,6,3
India,Rajasthan,Jaipur,"RIICO Sitapura, Jaipur - RSPCB",09-07-2026 20:00,26.786682,75.827928,CO,20,41,27
India,Rajasthan,Jalore,"Mudtra Sili, Jalore - RSPCB",09-07-2026 20:00,25.344694,72.626208,PM10,81,130,103
India,Rajasthan,Jalore,"Mudtra Sili, Jalore - RSPCB",09-07-2026 20:00,25.344694,72.626208,OZONE,41,53,48
India,Rajasthan,Jhalawar,"Rajlaxmi Nagar, Jhalawar - RSPCB",09-07-2026 20:00,24.588397,76.172782,PM2.5,38,93,64
India,Rajasthan,Jhalawar,"Rajlaxmi Nagar, Jhalawar - RSPCB",09-07-2026 20:00,24.588397,76.172782,PM10,41,117,75
India,Rajasthan,Jhunjhunu,"Indra Nagar, Jhunjhunu - RSPCB",09-07-2026 20:00,28.108988,75.386577,PM2.5,7,41,18
India,Rajasthan,Jhunjhunu,"Indra Nagar, Jhunjhunu - RSPCB",09-07-2026 20:00,28.108988,75.386577,CO,15,18,17
India,Rajasthan,Jodhpur,"Collectorate, Jodhpur - RSPCB",09-07-2026 20:00,26.268249,73.0193853,PM2.5,44,71,58
India,Rajasthan,Jodhpur,"Collectorate, Jodhpur - RSPCB",09-07-2026 20:00,26.268249,73.0193853,CO,5,103,43
India,Rajasthan,Jodhpur,"Collectorate, Jodhpur - RSPCB",09-07-2026 20:00,26.268249,73.0193853,OZONE,16,65,35
India,Rajasthan,Pratapgarh,"Pragati Nagar, Pratapgarh - RSPCB",09-07-2026 20:00,24.041198,74.780702,CO,17,22,19
India,Rajasthan,Sikar,"Radhakishan Pura, Sikar - RSPCB",09-07-2026 20:00,27.608912,75.153302,NH3,11,16,12
India,Rajasthan,Sikar,"Radhakishan Pura, Sikar - RSPCB",09-07-2026 20:00,27.608912,75.153302,OZONE,35,175,73
India,Rajasthan,Sri Ganganagar,"Old City, Sri Ganganagar - RSPCB",09-07-2026 20:00,29.931624,73.864511,CO,17,56,28
India,Rajasthan,Tonk,"Shastri Nagar, Tonk - RSPCB",09-07-2026 20:00,26.159933,75.780517,SO2,0,3,2
India,Rajasthan,Tonk,"Shastri Nagar, Tonk - RSPCB",09-07-2026 20:00,26.159933,75.780517,OZONE,45,76,53
India,Rajasthan,Udaipur,"Ashok Nagar, Udaipur - RSPCB",09-07-2026 20:00,24.5886166,73.6321397,NH3,5,7,6
India,Tamil Nadu,Chennai,"Kodungaiyur, Chennai - TNPCB",09-07-2026 20:00,13.1278,80.2642,PM2.5,33,73,51
India,Uttar Pradesh,Mathura,"Pali Dungra, Mathura - UPPCB",09-07-2026 20:00,27.410954,77.550619,NH3,1,1,1
India,Uttar Pradesh,Meerut,"Ganga Nagar, Meerut - UPPCB",09-07-2026 20:00,28.999264,77.7590354,PM2.5,2,22,10
India,Uttar Pradesh,Meerut,"Ganga Nagar, Meerut - UPPCB",09-07-2026 20:00,28.999264,77.7590354,SO2,16,21,18
India,Uttar Pradesh,Moradabad,"Transport Nagar, Moradabad - UPPCB",09-07-2026 20:00,28.802625,78.753728,OZONE,31,33,32
India,Uttar Pradesh,Moradabad,"Eco Herbal Park, Moradabad - UPPCB",09-07-2026 20:00,28.840739,78.697531,NO2,15,27,20
India,Uttar Pradesh,Moradabad,"Eco Herbal Park, Moradabad - UPPCB",09-07-2026 20:00,28.840739,78.697531,NH3,8,14,10
India,Uttar Pradesh,Moradabad,"Eco Herbal Park, Moradabad - UPPCB",09-07-2026 20:00,28.840739,78.697531,CO,14,16,15
India,Uttar Pradesh,Moradabad,"Employment Office, Moradabad - UPPCB",09-07-2026 20:00,28.88528,78.7388,SO2,27,29,28
India,Uttar Pradesh,Moradabad,"Buddhi Vihar, Moradabad - UPPCB",09-07-2026 20:00,28.83526,78.7446,PM2.5,5,55,24
India,Uttar Pradesh,Moradabad,"Buddhi Vihar, Moradabad - UPPCB",09-07-2026 20:00,28.83526,78.7446,PM10,14,55,35
India,Uttar Pradesh,Moradabad,"Kashiram Nagar, Moradabad - UPPCB",09-07-2026 20:00,28.849399,78.742362,NH3,4,4,4
India,Uttar Pradesh,Moradabad,"Jigar Colony, Moradabad - UPPCB",09-07-2026 20:00,28.856664,78.772638,NH3,6,6,6
India,Uttar Pradesh,Moradabad,"Jigar Colony, Moradabad - UPPCB",09-07-2026 20:00,28.856664,78.772638,OZONE,17,23,20
India,Uttar Pradesh,Muzaffarnagar,"New Mandi, Muzaffarnagar - UPPCB",09-07-2026 20:00,29.4723508,77.7194031,PM10,16,63,35
India,Uttar Pradesh,Muzaffarnagar,"New Mandi, Muzaffarnagar - UPPCB",09-07-2026 20:00,29.4723508,77.7194031,CO,28,38,33
India,Uttar Pradesh,Noida,"Sector - 125, Noida - UPPCB",09-07-2026 20:00,28.5447608,77.3231257,OZONE,12,16,13
India,Uttar Pradesh,Noida,"Sector-116, Noida - UPPCB",09-07-2026 20:00,28.56923,77.393848,SO2,17,36,25
India,Uttar Pradesh,Noida,"Sector - 62, Noida - IITM",09-07-2026 20:00,28.6245479,77.3577104,PM2.5,5,52,19
India,Uttar Pradesh,Noida,"Sector - 62, Noida - IITM",09-07-2026 20:00,28.6245479,77.3577104,PM10,3,46,20
India,Uttar Pradesh,Prayagraj,"Nagar Nigam, Prayagraj - UPPCB",09-07-2026 20:00,25.44919916,81.82735986,PM2.5,3,28,14
India,Uttar Pradesh,Prayagraj,"Nagar Nigam, Prayagraj - UPPCB",09-07-2026 20:00,25.44919916,81.82735986,SO2,17,87,31
India,Uttar Pradesh,Prayagraj,"Motilal Nehru NIT, Prayagraj - UPPCB",09-07-2026 20:00,25.494,81.863,NO2,11,13,12
India,Uttar Pradesh,Prayagraj,"Motilal Nehru NIT, Prayagraj - UPPCB",09-07-2026 20:00,25.494,81.863,SO2,5,104,34
India,Uttar Pradesh,Raebareli,"Anand Nagar, Raebareli - UPPCB",09-07-2026 20:00,26.219512,81.237648,PM10,25,104,56
India,Uttar Pradesh,Raebareli,"Anand Nagar, Raebareli - UPPCB",09-07-2026 20:00,26.219512,81.237648,OZONE,53,59,56
India,Uttar Pradesh,Varanasi,"Bhelupur, Varanasi - UPPCB",09-07-2026 20:00,25.301778,82.996789,NH3,1,1,1
India,Uttar Pradesh,Varanasi,"IESD Banaras Hindu University, Varanasi - UPPCB",09-07-2026 20:00,25.262326,82.995408,PM10,12,62,35
India,Uttar Pradesh,Varanasi,"Ardhali Bazar, Varanasi - UPPCB",09-07-2026 20:00,25.3505986,82.9083074,CO,17,17,17
India,Uttar Pradesh,Varanasi,"Maldahiya, Varanasi - UPPCB",09-07-2026 20:00,25.32393,82.99687,CO,23,25,24
India,Uttar Pradesh,Vrindavan,"Omex Eternity, Vrindavan - UPPCB",09-07-2026 20:00,27.571409,77.655757,OZONE,16,16,16
India,Uttarakhand,Dehradun,"Doon University, Dehradun - UKPCB",09-07-2026 20:00,30.269444,78.044167,SO2,0,1,1
India,Uttarakhand,Dehradun,"Doon University, Dehradun - UKPCB",09-07-2026 20:00,30.269444,78.044167,OZONE,3,5,4
India,Uttarakhand,Rishikesh,"Shivaji Nagar, Rishikesh - UKPCB",09-07-2026 20:00,30.075911,78.2859547,OZONE,3,13,7
India,West Bengal,Asansol,"Mahabir Colliery, Asansol - WBPCB",09-07-2026 20:00,23.618183,87.105718,PM2.5,18,29,23
India,West Bengal,Asansol,"Mahabir Colliery, Asansol - WBPCB",09-07-2026 20:00,23.618183,87.105718,CO,38,41,39
India,West Bengal,Asansol,"Evelyn Lodge, Asansol - WBPCB",09-07-2026 20:00,23.697936,86.944395,PM10,20,31,27
India,West Bengal,Asansol,"Evelyn Lodge, Asansol - WBPCB",09-07-2026 20:00,23.697936,86.944395,NO2,10,29,14
India,West Bengal,Asansol,"Asansol Court Area, Asansol - WBPCB",09-07-2026 20:00,23.685297,86.945968,PM2.5,34,51,44
India,West Bengal,Asansol,"Trivenidevi Bhalotia College, Asansol - WBPCB",09-07-2026 20:00,23.616515,87.119133,PM2.5,7,29,19
India,West Bengal,Asansol,"Trivenidevi Bhalotia College, Asansol - WBPCB",09-07-2026 20:00,23.616515,87.119133,PM10,2,30,20
India,West Bengal,Asansol,"Trivenidevi Bhalotia College, Asansol - WBPCB",09-07-2026 20:00,23.616515,87.119133,NO2,4,9,7
India,West Bengal,Asansol,"Trivenidevi Bhalotia College, Asansol - WBPCB",09-07-2026 20:00,23.616515,87.119133,OZONE,6,10,8
India,West Bengal,Barrackpore,"SVSPA Campus, Barrackpore - WBPCB",09-07-2026 20:00,22.7605581,88.3617589,PM2.5,21,55,38
India,West Bengal,Barrackpore,"SVSPA Campus, Barrackpore - WBPCB",09-07-2026 20:00,22.7605581,88.3617589,SO2,10,11,11
India,West Bengal,Barrackpore,"SVSPA Campus, Barrackpore - WBPCB",09-07-2026 20:00,22.7605581,88.3617589,OZONE,6,20,10
India,West Bengal,Durgapur,"PCBL Residential Complex, Durgapur - WBPCB",09-07-2026 20:00,23.508764,87.35444,SO2,10,11,11
India,West Bengal,Durgapur,"Womens College_City Center, Durgapur - WBPCB",09-07-2026 20:00,23.549395,87.300496,PM2.5,29,46,38
India,West Bengal,Durgapur,"Womens College_City Center, Durgapur - WBPCB",09-07-2026 20:00,23.549395,87.300496,NO2,34,38,36
India,West Bengal,Durgapur,"Womens College_City Center, Durgapur - WBPCB",09-07-2026 20:00,23.549395,87.300496,CO,26,42,35
India,West Bengal,Haldia,"Priyambada Housing Estate, Haldia - WBPCB",09-07-2026 20:00,22.06047,88.109737,CO,28,35,31
India,West Bengal,Howrah,"Ghusuri, Howrah - WBPCB",09-07-2026 20:00,22.611968,88.347422,PM2.5,30,144,53
India,West Bengal,Howrah,"Ghusuri, Howrah - WBPCB",09-07-2026 20:00,22.611968,88.347422,PM10,54,98,76
India,West Bengal,Howrah,"Ghusuri, Howrah - WBPCB",09-07-2026 20:00,22.611968,88.347422,OZONE,6,19,14
India,West Bengal,Howrah,"Botanical Garden, Howrah - WBPCB",09-07-2026 20:00,22.554954,88.292568,PM2.5,29,66,42
India,West Bengal,Howrah,"Botanical Garden, Howrah - WBPCB",09-07-2026 20:00,22.554954,88.292568,CO,14,16,15
India,West Bengal,Howrah,"Padmapukur, Howrah - WBPCB",09-07-2026 20:00,22.5687319,88.2797276,SO2,6,20,10
India,West Bengal,Howrah,"Dasnagar, Howrah - WBPCB",09-07-2026 20:00,22.6025571,88.3105664,CO,25,35,29
India,West Bengal,Kolkata,"Victoria, Kolkata - WBPCB",09-07-2026 20:00,22.5448082,88.3403691,PM2.5,68,92,81
India,West Bengal,Kolkata,"Victoria, Kolkata - WBPCB",09-07-2026 20:00,22.5448082,88.3403691,CO,19,30,25
India,West Bengal,Kolkata,"Fort William, Kolkata - WBPCB",09-07-2026 20:00,22.55664,88.342674,PM10,12,60,41
India,West Bengal,Kolkata,"Fort William, Kolkata - WBPCB",09-07-2026 20:00,22.55664,88.342674,SO2,5,6,5
India,West Bengal,Kolkata,"Fort William, Kolkata - WBPCB",09-07-2026 20:00,22.55664,88.342674,OZONE,22,51,28
India,West Bengal,Kolkata,"Rabindra Sarobar, Kolkata - WBPCB",09-07-2026 20:00,22.51106,88.35142,CO,19,26,23
India,West Bengal,Kolkata,"Jadavpur, Kolkata - WBPCB",09-07-2026 20:00,22.49929,88.36917,NO2,11,40,19
India,West Bengal,Kolkata,"Jadavpur, Kolkata - WBPCB",09-07-2026 20:00,22.49929,88.36917,NH3,12,16,14
India,West Bengal,Kolkata,"Jadavpur, Kolkata - WBPCB",09-07-2026 20:00,22.49929,88.36917,CO,22,26,23
India,West Bengal,Kolkata,"Rabindra Bharati University, Kolkata - WBPCB",09-07-2026 20:00,22.627847,88.380669,PM2.5,12,40,25
India,West Bengal,Kolkata,"Rabindra Bharati University, Kolkata - WBPCB",09-07-2026 20:00,22.627847,88.380669,OZONE,14,25,18
India,West Bengal,Kolkata,"Bidhannagar, Kolkata - WBPCB",09-07-2026 20:00,22.58157048,88.41002457,PM2.5,11,50,31
India,West Bengal,Kolkata,"Bidhannagar, Kolkata - WBPCB",09-07-2026 20:00,22.58157048,88.41002457,OZONE,23,324,125
India,West Bengal,Siliguri,"Ward-32 Bapupara, Siliguri - WBPCB",09-07-2026 20:00,26.6879226,88.4152495,PM10,14,32,22
